티커,종목명,날짜,외국인순매수,기관순매수
005930,삼성전자,20260706,-2018562,14823
000660,SK하이닉스,20260706,-27696,-584423
402340,SK스퀘어,20260706,-71712,-27589
005935,삼성전자우,20260706,-610280,529018
009150,삼성전기,20260706,-99004,-103614
005380,현대차,20260706,-15211,53728
373220,LG에너지솔루션,20260706,-2885,4013
032830,삼성생명,20260706,-26508,38439
028260,삼성물산,20260706,-29161,92504
207940,삼성바이오로직스,20260706,-2220,1046
000270,기아,20260706,374982,179162
329180,HD현대중공업,20260706,-12929,10167
105560,KB금융,20260706,-273821,307596
012450,한화에어로스페이스,20260706,-4544,11504
034020,두산에너빌리티,20260706,-261931,-108682
055550,신한지주,20260706,-127883,152341
034730,SK,20260706,-5395,2651
012330,현대모비스,20260706,-40507,33806
068270,셀트리온,20260706,-2677,-60819
006400,삼성SDI,20260706,30839,-84717
042660,한화오션,20260706,-119963,-268437
086790,하나금융지주,20260706,-78653,123462
267260,HD현대일렉트릭,20260706,3300,4233
010120,LS ELECTRIC,20260706,-89406,-129650
035420,NAVER,20260706,-31457,-10147
066570,LG전자,20260706,-7517,-104552
000810,삼성화재,20260706,-6512,7400
298040,효성중공업,20260706,-9111,-11243
009540,HD한국조선해양,20260706,-9674,8130
005490,POSCO홀딩스,20260706,3098,-19828
015760,한국전력,20260706,-115714,208838
006800,미래에셋증권,20260706,-875707,197669
010130,고려아연,20260706,740,-528
000150,두산,20260706,4034,-17212
316140,우리금융지주,20260706,-4754,118313
042700,한미반도체,20260706,13935,-40787
064350,현대로템,20260706,98476,-58880
010140,삼성중공업,20260706,-33623,-59644
011070,LG이노텍,20260706,-557,-6497
051910,LG화학,20260706,4281,-26851
138040,메리츠금융지주,20260706,12910,38142
017670,SK텔레콤,20260706,54117,-54941
011200,HMM,20260706,67471,62040
079550,LIG디펜스앤에어로스페이스,20260706,463,3090
033780,KT&G,20260706,5827,-17450
196170,알테오젠,20260706,-35302,8222
024110,기업은행,20260706,54152,62307
267250,HD현대,20260706,4347,-2609
096770,SK이노베이션,20260706,31932,-36912
035720,카카오,20260706,157988,-53698
047810,한국항공우주,20260706,-68506,88788
003550,LG,20260706,30403,-4985
272210,한화시스템,20260706,-170634,48126
018260,삼성에스디에스,20260706,-3128,6480
086280,현대글로비스,20260706,30365,-24973
003670,포스코퓨처엠,20260706,13398,-33794
278470,에이피알,20260706,-32297,-8842
071050,한국금융지주,20260706,-32676,85351
030200,KT,20260706,-3083,53841
307950,현대오토에버,20260706,-2562,-8201
010950,S-Oil,20260706,85924,62067
000720,현대건설,20260706,15204,-14291
247540,에코프로비엠,20260706,33499,-52955
005940,NH투자증권,20260706,-27397,256933
086520,에코프로,20260706,-20608,16225
006260,LS,20260706,-19249,27162
016360,삼성증권,20260706,-264022,226450
259960,크래프톤,20260706,4012,-4681
323410,카카오뱅크,20260706,189210,-61754
003490,대한항공,20260706,-578429,640581
005830,DB손해보험,20260706,-21527,12566
028050,삼성E&A,20260706,-164881,65826
039490,키움증권,20260706,-41982,43608
443060,HD현대마린솔루션,20260706,26078,89
277810,레인보우로보틱스,20260706,-270,-2777
352820,하이브,20260706,-26997,46331
047050,포스코인터내셔널,20260706,41805,-22135
180640,한진칼,20260706,-4273,-19549
161390,한국타이어앤테크놀로지,20260706,-71709,99454
036930,주성엔지니어링,20260706,-80056,-81278
003230,삼양식품,20260706,5632,-9932
005387,현대차2우B,20260706,1966,9217
000880,한화,20260706,23271,-7781
950160,코오롱티슈진,20260706,-36494,9939
007660,이수페타시스,20260706,-197974,-102684
047040,대우건설,20260706,-25678,84617
078930,GS,20260706,-22836,29678
064400,LG씨엔에스,20260706,221771,-17571
090430,아모레퍼시픽,20260706,13526,9156
021240,코웨이,20260706,20656,-18806
326030,SK바이오팜,20260706,-7011,-7466
004170,신세계,20260706,30692,-16940
028300,HLB,20260706,-23135,3134
062040,산일전기,20260706,-17869,-19530
001440,대한전선,20260706,132046,-29221
241560,두산밥캣,20260706,17907,-10148
353200,대덕전자,20260706,264464,-234939
240810,원익IPS,20260706,-41197,-38558
032640,LG유플러스,20260706,-33364,-86615
267270,HD건설기계,20260706,12942,26151
058470,리노공업,20260706,3733,-81362
029780,삼성카드,20260706,-5444,-12014
000100,유한양행,20260706,-25649,-22101
034220,LG디스플레이,20260706,-570323,-100747
036570,NC,20260706,1320,-5162
128940,한미약품,20260706,-23128,8105
271560,오리온,20260706,5713,-1191
009830,한화솔루션,20260706,-18598,-327762
377300,카카오페이,20260706,17074,-27157
454910,두산로보틱스,20260706,10832,-8738
005385,현대차우,20260706,-12474,2158
298380,에이비엘바이오,20260706,-10822,-29307
011790,SKC,20260706,-25355,12829
319660,피에스케이,20260706,100345,-137861
175330,JB금융지주,20260706,-4116,63
000990,DB하이텍,20260706,91705,-108365
039030,이오테크닉스,20260706,-7123,1053
023530,롯데쇼핑,20260706,-1436,12797
088980,맥쿼리인프라,20260706,32805,7665
000250,삼천당제약,20260706,8162,-12779
141080,리가켐바이오,20260706,33110,-46999
000500,가온전선,20260706,-5958,6792
222800,심텍,20260706,-230493,114856
001040,CJ,20260706,1146,-12193
082740,한화엔진,20260706,-136427,92493
087010,펩트론,20260706,-4076,-5601
066970,엘앤에프,20260706,-11929,8232
002380,KCC,20260706,2063,-1458
052690,한전기술,20260706,-2951,-2985
088350,한화생명,20260706,-17262,106655
018880,한온시스템,20260706,-576138,-12168
069960,현대백화점,20260706,51351,-60033
004020,현대제철,20260706,78889,-114094
111770,영원무역,20260706,8099,-3214
010060,OCI홀딩스,20260706,32456,-31442
051900,LG생활건강,20260706,8637,-79
403870,HPSP,20260706,-827522,-150419
440110,파두,20260706,79971,-39425
084370,유진테크,20260706,34006,-37376
214370,케어젠,20260706,7560,-1387
012510,더존비즈온,20260706,0,0
336260,두산퓨얼셀,20260706,41185,-53918
103590,일진전기,20260706,-16935,-10843
347850,디앤디파마텍,20260706,-53594,-372159
108490,로보티즈,20260706,16898,-16824
214450,파마리서치,20260706,13201,-31300
095340,ISC,20260706,4145,-11267
022100,포스코DX,20260706,9920,-6000
035250,강원랜드,20260706,-32306,-8859
310210,보로노이,20260706,51,-18411
251270,넷마블,20260706,24320,-20357
001450,현대해상,20260706,-32492,20007
095610,테스,20260706,119333,-153585
080220,제주반도체,20260706,61347,-19913
036460,한국가스공사,20260706,17191,-9983
383220,F&F,20260706,-4964,3516
145020,휴젤,20260706,-6059,-3254
031210,서울보증보험,20260706,-4845,2462
097950,CJ제일제당,20260706,-4301,21023
178320,서진시스템,20260706,491145,-358981
214150,클래시스,20260706,172,-12100
302440,SK바이오사이언스,20260706,6228,-6662
139130,iM금융지주,20260706,163107,-20936
011780,금호석유화학,20260706,7178,-7772
009420,한올바이오파마,20260706,54919,-77365
001720,신영증권,20260706,851,3758
450080,에코프로머티,20260706,-8693,11308
017800,현대엘리베이터,20260706,-10554,-13248
005850,에스엘,20260706,7993,-6186
004800,효성,20260706,1713,-2760
161890,한국콜마,20260706,46140,-30653
226950,올릭스,20260706,633,-70424
031980,피에스케이홀딩스,20260706,13633,-26527
014680,한솔케미칼,20260706,-4132,-7196
011170,롯데케미칼,20260706,2739,1029
483650,달바글로벌,20260706,8908,-10737
131290,티에스이,20260706,-1727,-5659
012750,에스원,20260706,-2525,-1928
064760,티씨케이,20260706,9131,-9159
028670,팬오션,20260706,4404,3983
006360,GS건설,20260706,13629,250971
085620,미래에셋생명,20260706,-93840,-636
237690,에스티팜,20260706,4781,-23117
067310,하나마이크론,20260706,213084,-234390
375500,DL이앤씨,20260706,25385,-1305
319400,현대무벡스,20260706,27860,3231
026960,동서,20260706,-6657,3485
005290,동진쎄미켐,20260706,-30201,17387
489790,한화비전,20260706,-13861,-14551
000240,한국앤컴퍼니,20260706,5179,16200
357780,솔브레인,20260706,3043,-370
257720,실리콘투,20260706,-147310,218524
081660,미스토홀딩스,20260706,20321,-17680
089970,브이엠,20260706,37468,-61024
003690,코리안리,20260706,-23019,45412
004990,롯데지주,20260706,13988,-11110
009970,영원무역홀딩스,20260706,777,-1162
139480,이마트,20260706,5447,-6755
204320,HL만도,20260706,-5257,1757
005440,현대지에프홀딩스,20260706,9821,18741
263750,펄어비스,20260706,-6929,35071
279570,케이뱅크,20260706,-208575,76161
007340,DN오토모티브,20260706,7947,-11170
008930,한미사이언스,20260706,-17966,12596
030000,제일기획,20260706,-6141,-25361
004370,농심,20260706,1814,-161
071970,HD현대마린엔진,20260706,-65878,53852
282330,BGF리테일,20260706,-3524,4313
290650,엘앤씨바이오,20260706,47160,-80654
018670,SK가스,20260706,1966,10464
007070,GS리테일,20260706,-38366,51051
131970,두산테스나,20260706,47048,-11616
462870,시프트업,20260706,-14639,21752
051600,한전KPS,20260706,-6151,-3158
192820,코스맥스,20260706,-6805,24997
008770,호텔신라,20260706,5349,-10761
032820,우리기술,20260706,-93850,61893
439260,대한조선,20260706,14172,-10956
457190,이수스페셜티케미컬,20260706,-9501,-8894
020150,롯데에너지머티리얼즈,20260706,30902,-69553
281820,케이씨텍,20260706,59994,-79567
098460,고영,20260706,-4920,-44913
103140,풍산,20260706,-14527,23898
420770,기가비스,20260706,9483,-15396
009155,삼성전기우,20260706,13685,-1534
035900,JYP Ent.,20260706,2789,11898
000155,두산우,20260706,-62,-102
140860,파크시스템스,20260706,7725,346
002790,아모레퍼시픽홀딩스,20260706,18818,-1736
068760,셀트리온제약,20260706,-3136,8236
001740,SK네트웍스,20260706,197967,8239
140410,메지온,20260706,5976,-5
007810,코리아써키트,20260706,108111,-90385
395400,SK리츠,20260706,28934,44846
073240,금호타이어,20260706,-160505,-129841
041510,에스엠,20260706,-19282,26325
010170,대한광통신,20260706,518987,-11340
011210,현대위아,20260706,17833,-18083
112610,씨에스윈드,20260706,21428,-14779
000120,CJ대한통운,20260706,4107,-10057
120110,코오롱인더,20260706,5412,6808
097230,HJ중공업,20260706,-33734,22180
089030,테크윙,20260706,-84582,133514
058610,에스피지,20260706,8171,-2640
023590,다우기술,20260706,-9749,-3910
082920,비츠로셀,20260706,-88667,37905
083650,비에이치아이,20260706,-16318,1639
183300,코미코,20260706,66968,-54060
020560,아시아나항공,20260706,4253,12904
229640,LS에코에너지,20260706,4768,-10248
069620,대웅제약,20260706,-7688,14653
001800,오리온홀딩스,20260706,11492,-6984
218410,RFHIC,20260706,14039,-30495
043260,성호전자,20260706,311951,-94451
096530,씨젠,20260706,-61684,28371
006040,동원산업,20260706,-10554,11685
001120,LX인터내셔널,20260706,20799,-19969
475150,SK이터닉스,20260706,-151293,-221549
003540,대신증권,20260706,-30207,11196
030530,원익홀딩스,20260706,108155,2941
007390,네이처셀,20260706,-84140,12493
006280,녹십자,20260706,-1920,3560
093370,후성,20260706,73177,33094
060370,LS마린솔루션,20260706,-8,-5971
192080,더블유게임즈,20260706,-6648,1412
078600,대주전자재료,20260706,45160,-49766
005070,코스모신소재,20260706,16409,-2684
017960,한국카본,20260706,77331,-87654
322000,HD현대에너지솔루션,20260706,13273,-21233
458870,씨어스,20260706,38318,-26046
415640,KB발해인프라,20260706,41069,-3964
361610,SK아이이테크놀로지,20260706,-3816,-6741
127120,제이에스링크,20260706,5326,-275
039200,오스코텍,20260706,19593,-35082
294870,IPARK현대산업개발,20260706,57674,51723
007310,오뚜기,20260706,370,-403
347700,스피어,20260706,-28605,22104
000815,삼성화재우,20260706,1694,40
012630,HDC,20260706,194,-977
032350,롯데관광개발,20260706,-7234,10310
082640,동양생명,20260706,22578,-51889
034230,파라다이스,20260706,31405,71939
181710,NHN,20260706,-12064,25708
298020,효성티앤씨,20260706,1087,-2283
066575,LG전자우,20260706,19874,-1934
030610,교보증권,20260706,-4689,12995
003570,SNT다이내믹스,20260706,-5100,6229
323280,태성,20260706,-312,-8441
437730,삼현,20260706,23460,1474
001820,삼화콘덴서,20260706,50204,66969
077970,STX엔진,20260706,-31851,32760
001430,세아베스틸지주,20260706,-34889,61562
004000,롯데정밀화학,20260706,10732,-9352
195940,HK이노엔,20260706,-23487,1130
089860,롯데렌탈,20260706,-4714,13200
003380,하림지주,20260706,16017,48582
031330,에스에이엠티,20260706,16749,-66865
475830,오름테라퓨틱,20260706,-1974,-3171
166090,하나머티리얼즈,20260706,4825,-25726
003530,한화투자증권,20260706,-230244,68966
000080,하이트진로,20260706,9890,-4555
057050,현대홈쇼핑,20260706,0,0
330590,롯데리츠,20260706,-10342,59222
300720,한일시멘트,20260706,2587,-5218
101490,에스앤에스텍,20260706,16858,-29354
003090,대웅,20260706,7916,4030
006340,대원전선,20260706,-580095,-14195
019210,와이지-원,20260706,-100442,211223
051915,LG화학우,20260706,-2895,-1731
195870,해성디에스,20260706,58705,-67343
099320,쎄트렉아이,20260706,-4320,10638
085660,차바이오텍,20260706,-14866,44117
071055,한국금융지주우,20260706,-2902,2005
280360,롯데웰푸드,20260706,-120,3361
232140,와이씨,20260706,-84620,34181
000210,DL,20260706,30430,-17824
185750,종근당,20260706,-2655,2570
100090,SK오션플랜트,20260706,19232,-30688
003240,태광산업,20260706,1060,-363
009450,경동나비엔,20260706,10328,-15738
204270,제이앤티씨,20260706,-7134,1253
005300,롯데칠성,20260706,5599,-3049
100790,미래에셋벤처투자,20260706,-29004,-13451
192400,쿠쿠홀딩스,20260706,-961,2123
003470,유안타증권,20260706,-104298,74679
417200,LS머트리얼즈,20260706,9134,-53228
038500,삼표시멘트,20260706,70929,5590
241710,코스메카코리아,20260706,-14864,27807
451800,한화리츠,20260706,4125,2606
090710,휴림로봇,20260706,-55959,95258
083450,GST,20260706,-30327,-9701
086450,동국제약,20260706,-36145,-4129
006120,SK디스커버리,20260706,5383,-1091
491000,리브스메드,20260706,-13679,-11793
036530,SNT홀딩스,20260706,7327,2731
036540,SFA반도체,20260706,-284264,232937
281740,레이크머티리얼즈,20260706,-38308,-10048
388720,유일로보틱스,20260706,-2573,2982
030190,NICE평가정보,20260706,-10743,14430
328130,루닛,20260706,37883,2629
293490,카카오게임즈,20260706,-59535,9740
456040,OCI,20260706,2043,-4088
074600,원익QnC,20260706,-43115,-37854
365550,ESR켄달스퀘어리츠,20260706,-55760,32259
122870,와이지엔터테인먼트,20260706,3551,575
065350,신성델타테크,20260706,7418,12533
056190,SFA,20260706,-1591,793
137400,피엔티,20260706,-1881,-1321
009240,한샘,20260706,-18379,17965
033100,제룡전기,20260706,1877,2014
388210,씨엠티엑스,20260706,2626,-2952
137310,에스디바이오센서,20260706,1520,389
071320,지역난방공사,20260706,2242,-799
041830,인바디,20260706,-50852,47945
189300,인텔리안테크,20260706,11859,-13979
499790,GS피앤엘,20260706,-40592,55196
115180,큐리언트,20260706,26428,-15791
213420,덕산네오룩스,20260706,-26908,-29019
075580,세진중공업,20260706,-25803,17408
161580,필옵틱스,20260706,13897,-28186
214320,이노션,20260706,530,-3655
079160,CJ CGV,20260706,33470,39727
090360,로보스타,20260706,9426,2346
036830,솔브레인홀딩스,20260706,6330,-7153
248070,솔루엠,20260706,-17323,833
285130,SK케미칼,20260706,-10877,18397
032190,다우데이타,20260706,-6466,-1369
048410,현대바이오,20260706,-17536,8919
445680,큐리옥스바이오시스템즈,20260706,-2649,3113
004490,세방전지,20260706,-4156,-2302
006650,대한유화,20260706,518,-723
003850,보령,20260706,-22462,907
252990,샘씨엔에스,20260706,-26546,49357
000670,영풍,20260706,-2110,-2826
064960,SNT모티브,20260706,18734,-8397
005690,파미셀,20260706,-38946,-111218
397030,에이프릴바이오,20260706,60486,-48681
298050,HS효성첨단소재,20260706,-1588,-168
014620,성광벤드,20260706,18955,3536
025540,한국단자,20260706,-957,1054
035760,CJ ENM,20260706,-957,720
093050,LF,20260706,-4597,3961
356860,티엘비,20260706,28295,-46853
000370,한화손해보험,20260706,-28390,37338
466100,클로봇,20260706,7402,-17176
032500,케이엠더블유,20260706,64676,-39471
010780,아이에스동서,20260706,-8366,3549
094170,동운아나텍,20260706,-753,8
002350,넥센타이어,20260706,7944,4902
003160,디아이,20260706,-17349,19418
006730,서부T&D,20260706,-116513,104974
112040,위메이드,20260706,-62491,-11350
490470,세미파이브,20260706,-83834,226
052400,코나아이,20260706,3344,-15396
253450,스튜디오드래곤,20260706,-1115,-1767
122640,예스티,20260706,48979,-67780
090460,비에이치,20260706,-26993,-18693
000400,롯데손해보험,20260706,-28001,10071
295310,에이치브이엠,20260706,8416,-9243
002960,한국쉘석유,20260706,330,121
069260,TKG휴켐스,20260706,-3117,-7178
114090,GKL,20260706,-51143,1099
317450,명인제약,20260706,305,-198
001270,부국증권,20260706,547,2305
108320,LX세미콘,20260706,-2217,-3155
001570,금양,20260706,0,0
222080,SFA넥셀,20260706,47591,-2222
293940,신한알파리츠,20260706,55631,-4862
050890,쏠리드,20260706,62171,-33777
064290,인텍플러스,20260706,-97459,34527
023160,태광,20260706,7064,-42162
005880,대한해운,20260706,-501476,-50896
006380,카프로,20260706,0,0
053610,프로텍,20260706,8422,-3722
376900,로킷헬스케어,20260706,705,3883
093320,케이아이엔엑스,20260706,7533,19
001680,대상,20260706,-857,-2456
005180,빙그레,20260706,-97,-481
007700,F&F홀딩스,20260706,448,-112
005090,SGC에너지,20260706,-31385,34182
002020,코오롱,20260706,-5992,-3494
053800,안랩,20260706,-3887,363
160190,하이젠알앤엠,20260706,24091,-21529
001510,SK증권,20260706,-247775,73804
383800,LX홀딩스,20260706,17667,-2832
456160,지투지바이오,20260706,15681,-7087
001060,JW중외제약,20260706,-535,-2444
017940,E1,20260706,-834,1585
383310,에코프로에이치엔,20260706,-28872,112
003620,KG모빌리티,20260706,26135,-39356
121600,나노신소재,20260706,-13376,-3970
033240,자화전자,20260706,-39284,-3682
102710,이엔에프테크놀로지,20260706,1519,-18540
046890,서울반도체,20260706,43219,-34072
041960,코미팜,20260706,-19145,214
225570,넥슨게임즈,20260706,4492,1597
037460,삼지전자,20260706,-289,3916
178920,PI첨단소재,20260706,-4064,-655
002840,미원상사,20260706,285,-1243
006110,삼아알미늄,20260706,-1135,-2314
336370,솔루스첨단소재,20260706,-24254,-29386
045100,한양이엔지,20260706,-52773,-523
000640,동아쏘시오홀딩스,20260706,-51,186
453340,현대그린푸드,20260706,-8368,-78
067160,SOOP,20260706,3918,-938
102940,코오롱생명과학,20260706,371,-3353
358570,지아이이노베이션,20260706,54842,-113749
126340,비나텍,20260706,-4506,-2917
086900,메디톡스,20260706,-4715,-160
014820,동원시스템즈,20260706,214,-2843
044490,태웅,20260706,-487,-26721
052020,에스티큐브,20260706,-4661,0
100840,SNT에너지,20260706,10131,-7176
079900,전진건설로봇,20260706,2421,-4
171090,선익시스템,20260706,8121,-13262
476060,온코닉테라퓨틱스,20260706,47438,4686
059090,미코,20260706,50030,-62669
477850,마키나락스,20260706,-181477,-36640
251970,펌텍코리아,20260706,-16192,15614
003300,한일홀딩스,20260706,-2013,-1637
001500,현대차증권,20260706,21975,9558
249420,일동제약,20260706,-32443,59002
376300,디어유,20260706,3813,152
027360,아주IB투자,20260706,-120411,55
033500,동성화인텍,20260706,2504,-17014
016380,KG스틸,20260706,-35413,-3253
476830,알지노믹스,20260706,-16975,-90102
094800,맵스리얼티,20260706,8553,22753
348370,엔켐,20260706,-2411,-9443
060250,NHN KCP,20260706,-2619,1904
056080,유진로봇,20260706,3661,8540
336570,원텍,20260706,-120494,62352
035890,서희건설,20260706,134843,724
170920,엘티씨,20260706,8590,-15167
268280,미원에스씨,20260706,24,-104
003545,대신증권우,20260706,-725,-2520
211050,인카금융서비스,20260706,-9799,26387
174900,앱클론,20260706,-4714,9368
448730,삼성FN리츠,20260706,8983,17325
033790,피노,20260706,78753,14
009410,태영건설,20260706,25671,-761
039130,하나투어,20260706,8708,-3024
124500,아이티센글로벌,20260706,-34138,1962
005810,풍산홀딩스,20260706,1941,10074
036810,에프에스티,20260706,23963,-31005
082270,젬백스,20260706,5721,2220
389470,인벤티지랩,20260706,5035,646
005389,현대차3우B,20260706,1618,25
365340,성일하이텍,20260706,2941,-8788
284740,쿠쿠홈시스,20260706,-909,-325
009520,포스코엠텍,20260706,-2852,1136
399720,가온칩스,20260706,-47061,-58965
033640,네패스,20260706,34954,-47098
020000,한섬,20260706,-3348,20924
015750,성우하이텍,20260706,-20894,3423
005945,NH투자증권우,20260706,1333,10014
119850,지엔씨에너지,20260706,-9678,49736
372320,큐로셀,20260706,-1886,-12664
002240,고려제강,20260706,382,518
161000,애경케미칼,20260706,-41569,-726
005250,녹십자홀딩스,20260706,-5951,-117
145990,삼양사,20260706,3904,1310
008060,대덕,20260706,22989,-24701
377740,바이오노트,20260706,16383,-12806
101160,월덱스,20260706,27038,-59
104830,원익머트리얼즈,20260706,10582,4971
058650,세아홀딩스,20260706,611,632
034950,한국기업평가,20260706,306,3
003030,세아제강지주,20260706,5416,-5800
001530,DI동일,20260706,-5967,622
425420,티에프이,20260706,2769,11270
031430,신세계인터내셔날,20260706,12851,20309
002990,금호건설,20260706,12671,-97
348210,넥스틴,20260706,-12761,-9581
272290,이녹스첨단소재,20260706,-1014,1379
214430,아이쓰리시스템,20260706,-8329,3707
030520,한글과컴퓨터,20260706,1032,-25547
099190,아이센스,20260706,-2949,487
089890,코세스,20260706,25357,-64512
486990,노타,20260706,-9784,-5532
278280,천보,20260706,-3324,-581
475960,토모큐브,20260706,-3226,-404
253590,네오셈,20260706,10539,-7529
000070,삼양홀딩스,20260706,1120,570
001200,유진투자증권,20260706,-109151,56823
439960,코스모로보틱스,20260706,6307,-11649
014830,유니드,20260706,1302,-1431
460930,현대힘스,20260706,4614,1
078130,국일제지,20260706,3100,305
368770,파이버프로,20260706,-4937,-2903
077360,덕산하이메탈,20260706,270311,-226483
016610,DB증권,20260706,9464,-4312
019170,신풍제약,20260706,15299,286
340570,티앤엘,20260706,8677,-17006
004690,삼천리,20260706,672,-46
348340,뉴로메카,20260706,534,84007
460860,동국제강,20260706,-18140,1545
042000,카페24,20260706,-2312,1248
072710,농심홀딩스,20260706,1938,304
290550,디케이티,20260706,-19154,-31207
215200,메가스터디교육,20260706,-3415,804
474590,WON 반도체밸류체인액티브,20260706,-47649,44120
090435,아모레퍼시픽우,20260706,949,-1222
018290,브이티,20260706,13725,-7417
034310,NICE,20260706,-433,-869
003000,부광약품,20260706,-46059,18344
025320,시노펙스,20260706,4746,6223
079940,가비아,20260706,-298,9
039440,에스티아이,20260706,-58949,-10930
004700,조광피혁,20260706,878,-13
357120,코람코라이프인프라리츠,20260706,24351,24502
403550,쏘카,20260706,81,2532
200710,에이디테크놀로지,20260706,-326772,94594
381970,케이카,20260706,-2165,-15684
009900,명신산업,20260706,-29050,35822
029530,신도리코,20260706,723,-117
452260,한화갤러리아,20260706,-37894,10898
417310,코람코더원리츠,20260706,11416,7071
327260,RF머트리얼즈,20260706,-3943,-10282
041190,우리기술투자,20260706,-15967,5508
095660,네오위즈,20260706,-2712,2244
330860,네패스아크,20260706,87243,-24765
160980,싸이맥스,20260706,-2797,11532
047920,HLB제약,20260706,4726,192
219130,타이거일렉,20260706,-15227,1218
016590,신대양제지,20260706,7,-34
005420,코스모화학,20260706,-3352,-7651
003280,흥아해운,20260706,-539169,-389
168360,펨트론,20260706,-22800,4688
015360,INVENI,20260706,3504,-1111
089010,켐트로닉스,20260706,14228,-11708
025980,아난티,20260706,-10514,7751
037710,광주신세계,20260706,-9893,1612
004710,한솔테크닉스,20260706,84939,-173900
144960,뉴파워프라즈마,20260706,-424643,114232
027410,BGF,20260706,3543,263
067630,HLB생명과학,20260706,3684,11
008730,율촌화학,20260706,5595,-3706
130660,한전산업,20260706,2334,-71
078020,LS증권,20260706,-59091,-7983
036620,감성코퍼레이션,20260706,11959,-29811
024850,HLB이노베이션,20260706,-2919,1543
241770,메카로,20260706,-2664,-128
033160,엠케이전자,20260706,166716,-89881
101730,위메이드맥스,20260706,-64106,1661
013030,하이록코리아,20260706,-14750,13213
089590,제주항공,20260706,-942,852
001940,KISCO홀딩스,20260706,-283,4150
271940,일진하이솔루스,20260706,2445,-1521
092230,KPX홀딩스,20260706,-158,850
344820,KCC글라스,20260706,-353,265
000157,두산2우B,20260706,31,-99
006220,제주은행,20260706,-33320,98
002810,삼영무역,20260706,174,349
002030,아세아,20260706,-44,51
950210,프레스티지바이오파마,20260706,5055,420
356680,엑스게이트,20260706,38461,0
306200,세아제강,20260706,-873,2005
011930,신성이엔지,20260706,22748,-75
017810,풀무원,20260706,3912,106
078160,메디포스트,20260706,-17155,698
060280,큐렉소,20260706,3191,3268
003800,에이스침대,20260706,506,0
006910,보성파워텍,20260706,-124970,0
194370,제이에스코퍼레이션,20260706,-73032,11946
069080,웹젠,20260706,781,-170
105630,한세실업,20260706,-8833,10796
060980,HL홀딩스,20260706,-619,887
243070,휴온스,20260706,-2599,209
114810,한솔아이원스,20260706,128,-64588
005950,이수화학,20260706,976,-275256
017900,광전자,20260706,-29872,-165
287840,인투셀,20260706,-3104,604
183190,아세아시멘트,20260706,5613,31
170900,동아에스티,20260706,1754,-9
005610,삼립,20260706,250,-433
007690,국도화학,20260706,1629,5375
110990,디아이티,20260706,-1994,-14
145720,덴티움,20260706,-4427,5673
101930,인화정공,20260706,2378,27
204620,글로벌텍스프리,20260706,39707,-140511
097520,엠씨넥스,20260706,-4128,22
104700,한국철강,20260706,10115,3494
389650,넥스트바이오메디컬,20260706,-8065,10326
029460,케이씨,20260706,8466,-6990
010690,화신,20260706,-25702,-4
006405,삼성SDI우,20260706,-1385,-9
126560,현대퓨처넷,20260706,5360,-3869
236200,슈프리마,20260706,1365,8319
484870,엠앤씨솔루션,20260706,14439,4605
448900,한국피아이엠,20260706,9788,1112
084110,휴온스글로벌,20260706,-4701,133
482630,삼양엔씨켐,20260706,-7783,-2721
064260,다날,20260706,33437,-436
002310,아세아제지,20260706,-3462,15513
105840,우진,20260706,1545,-12736
042520,한스바이오메드,20260706,-23612,-8089
005720,넥센,20260706,6838,107
009160,SIMPAC,20260706,11545,696
199800,툴젠,20260706,4056,-742
215600,신라젠,20260706,-57081,1057
078340,컴투스,20260706,1726,1311
393890,더블유씨피,20260706,14229,-29032
126720,수산인더스트리,20260706,-4724,85
078350,한양디지텍,20260706,-10051,-8149
265520,AP시스템,20260706,-3515,-4
206650,유바이오로직스,20260706,-5959,-885
012030,DB,20260706,-61658,-1813
493280,아이엠바이오로직스,20260706,12570,321
036890,진성티이씨,20260706,1216,-790
011760,현대코퍼레이션,20260706,-176,251
125490,한라캐스트,20260706,7491,-9555
424870,이뮨온시아,20260706,8058,-9059
016800,퍼시스,20260706,51,2
200880,서연이화,20260706,-3354,169
023410,유진기업,20260706,-588003,2678
009290,광동제약,20260706,-18896,4195
200670,휴메딕스,20260706,-4698,7619
005680,삼영전자,20260706,-6683,1896
018250,애경산업,20260706,5553,-1
107640,한중엔시에스,20260706,9538,-16157
091700,파트론,20260706,-2175,-1571
015860,일진홀딩스,20260706,-11131,64
394280,오픈엣지테크놀로지,20260706,-18178,180
092790,넥스틸,20260706,14382,-1906
079370,제우스,20260706,-36531,20324
080580,오킨스전자,20260706,-904,-21079
025900,동화기업,20260706,-23891,1141
058430,포스코스틸리온,20260706,-1681,1765
117730,티로보틱스,20260706,9531,345
192650,드림텍,20260706,-49714,255
272450,진에어,20260706,3706,3917
108670,LX하우시스,20260706,-589,21
092190,서울바이오시스,20260706,-10397,1
024720,콜마홀딩스,20260706,1128,-4152
376270,HEM파마,20260706,-4033,680
003200,일신방직,20260706,-45234,-6090
092730,네오팜,20260706,3718,-5
034830,한국토지신탁,20260706,7912,3050
049070,인탑스,20260706,-33675,30107
136480,하림,20260706,9852,6
472920,HK 종합채권(AA-이상)액티브,20260706,0,-2
001390,KG케미칼,20260706,-15122,-981
025770,한국정보통신,20260706,-1820,8142
010820,퍼스텍,20260706,-127097,9184
091810,트리니티항공,20260706,-105452,-247760
036800,나이스정보통신,20260706,4111,6934
217590,티엠씨,20260706,49464,-67313
455900,엔젤로보틱스,20260706,5524,1916
121440,골프존홀딩스,20260706,304250,140180
064850,에프앤가이드,20260706,-11953,4502
468530,프로티나,20260706,1820,1393
004430,송원산업,20260706,-45406,29637
096760,JW홀딩스,20260706,-5319,-2018
025860,남해화학,20260706,-32539,79
084690,대상홀딩스,20260706,6209,-9
228760,지노믹트리,20260706,-12361,442
052710,아모텍,20260706,-19805,-6082
098070,한텍,20260706,16903,-30035
036200,유니셈,20260706,-128493,2
017390,서울가스,20260706,1266,-65
064820,케이프,20260706,1971,65
484590,삼양컴텍,20260706,-171243,22254
033270,유나이티드제약,20260706,198,-125
013120,동원개발,20260706,153608,-13818
035810,이지홀딩스,20260706,42508,3025
003960,사조대림,20260706,5594,-4
123890,한국자산신탁,20260706,34359,5499
043150,바텍,20260706,1551,286
314930,바이오다인,20260706,-241,209
138080,오이솔루션,20260706,27916,-19300
017890,한국알콜,20260706,509,-53
151860,KG에코솔루션,20260706,-12570,468
051500,CJ프레시웨이,20260706,2247,-2207
026890,스틱인베스트먼트,20260706,13490,-1331
005430,한국공항,20260706,-3356,-648
084010,대한제강,20260706,-424,25
441270,파인엠텍,20260706,-111842,-54949
094360,칩스앤미디어,20260706,-55389,975
187660,페니트리움바이오,20260706,-10440,0
309710,아이티켐,20260706,0,0
078520,에이블씨엔씨,20260706,-4703,-9
001750,한양증권,20260706,3870,-4
002900,TYM,20260706,-43320,1438
352480,씨앤씨인터내셔널,20260706,-3511,-1493
182400,엔케이젠바이오텍코리아,20260706,0,0
054950,제이브이엠,20260706,7005,-4926
286940,롯데이노베이트,20260706,1628,289
003120,일성아이에스,20260706,-230,3007
001230,동국홀딩스,20260706,28569,893
092460,한라IMS,20260706,-5967,8895
234340,헥토파이낸셜,20260706,-20995,11553
001340,PKC,20260706,-4242,-317
450950,아스테라시스,20260706,-4623,1262
035600,KG이니시스,20260706,27480,-7743
475040,스트라드비젼,20260706,81308,-6153
065680,우주일렉트로,20260706,-2084,0
217730,강스템바이오텍,20260706,-538050,81
002710,TCC스틸,20260706,-6621,-3766
003920,남양유업,20260706,173,30
267980,매일유업,20260706,553,133
121800,비덴트,20260706,0,0
389500,에스비비테크,20260706,5988,-2937
000430,대원강업,20260706,-8112,25
365270,큐라클,20260706,-852,13154
304360,에스바이오메딕스,20260706,-1514,-174
099430,바이오플러스,20260706,11303,1969
950170,JTC,20260706,34080,-1500
019010,베뉴지,20260706,8618,-1322
377460,큐에이드,20260706,0,0
011560,세보엠이씨,20260706,-3480,3356
002320,한진,20260706,3083,211
419530,SAMG엔터,20260706,7550,-20647
200470,에이팩트,20260706,-81807,-307
254490,미래반도체,20260706,-5026,2
215000,골프존,20260706,-1605,-298
003070,코오롱글로벌,20260706,383,-8
298690,에어부산,20260706,-39887,1294
496020,WON 전단채플러스액티브,20260706,0,-6919
439090,마녀공장,20260706,-6972,26577
114190,강원에너지,20260706,-27380,-6051
417840,저스템,20260706,113976,-122055
004360,세방,20260706,4149,-49
095500,미래나노텍,20260706,-114443,18327
200130,콜마비앤에이치,20260706,-3120,-207
005500,삼진제약,20260706,561,711
472850,폰드그룹,20260706,-669,13387
086390,유니테스트,20260706,55563,-52728
007160,사조산업,20260706,1671,-1
180400,DXVX,20260706,-60551,0
378340,필에너지,20260706,5783,-11
089980,상아프론테크,20260706,-1218,-1977
060720,KH바텍,20260706,3920,-26823
456010,아이씨티케이,20260706,-22830,-300
334890,이지스밸류플러스리츠,20260706,10091,20355
900140,엘브이엠씨홀딩스,20260706,311367,-571
122900,아이마켓코리아,20260706,15128,-11678
452280,한선엔지니어링,20260706,24094,-47654
043370,피에이치에이,20260706,-1370,14
206640,바디텍메드,20260706,16461,-1388
382900,범한퓨얼셀,20260706,-9380,11617
389260,대명에너지,20260706,-32295,-1975
018000,유니슨,20260706,-32592,-9015
051360,토비스,20260706,0,0
000650,천일고속,20260706,100,0
061970,LB세미콘,20260706,-79851,26147
452430,사피엔반도체,20260706,-17263,440
159010,아스플로,20260706,-11342,-27
488900,비츠로넥스텍,20260706,25177,-25
010955,S-Oil우,20260706,4701,894
003650,미창석유,20260706,-462,436
000680,LS네트웍스,20260706,-13779,-26
194700,노바렉스,20260706,21195,-26184
042370,비츠로테크,20260706,-8455,-20
039830,오로라,20260706,-11429,40613
053030,바이넥스,20260706,7266,137
244920,에이플러스에셋,20260706,-1868,3086
241520,DSC인베스트먼트,20260706,-4153,-1
085910,네오티스,20260706,109904,-102230
008490,서흥,20260706,10479,-721
348950,제이알글로벌리츠,20260706,0,0
000480,CR홀딩스,20260706,25760,203
034120,SBS,20260706,0,-2712
230240,에치에프알,20260706,-29289,12758
065710,서호전기,20260706,744,-79
332570,PS일렉트로닉스,20260706,11159,-808
028100,동아지질,20260706,8500,-3
023760,한국캐피탈,20260706,-9916,-6750
092870,엑시콘,20260706,-13590,-510
024840,KBI메탈,20260706,91164,0
000050,경방,20260706,2452,-39
317330,덕산테코피아,20260706,9012,-16867
144510,지씨셀,20260706,2763,-53
404990,신한서부티엔디리츠,20260706,2512,-16629
001250,GS글로벌,20260706,26453,-60
900290,GRT,20260706,10009,-211439
003520,영진약품,20260706,33360,1189
298830,슈어소프트테크,20260706,-11105,0
006805,미래에셋증권우,20260706,-20147,-1775
036030,케이티알파,20260706,6197,-5125
290690,소룩스,20260706,-30686,0
025000,KPX케미칼,20260706,-1327,137
001460,BYC,20260706,-72,-168
005010,휴스틸,20260706,-7762,2240
018310,삼목에스폼,20260706,2821,-2
425040,티이엠씨,20260706,71023,2479
067390,아스트,20260706,44604,-3536
037270,YG PLUS,20260706,-1526,1064
462350,이노스페이스,20260706,-17044,-104931
014940,오리엔탈정공,20260706,14133,52
134380,미원화학,20260706,1136,-2
136490,선진,20260706,44420,4025
088260,이리츠코크렙,20260706,24419,36212
475560,더본코리아,20260706,1792,-144
065660,안트로젠,20260706,-575,11
044450,KSS해운,20260706,-3903,5920
069540,빛과전자,20260706,-193964,0
272110,케이엔제이,20260706,-16403,588
461300,아이스크림미디어,20260706,2093,-522
033920,무학,20260706,3841,-2351
203650,드림시큐리티,20260706,84894,-3
046970,우리로,20260706,-13487,0
000320,노루홀딩스,20260706,-1002,-1
009680,모토닉,20260706,3278,-3444
084850,아이티엠반도체,20260706,1291,-5776
030210,다올투자증권,20260706,20056,7149
003720,삼영,20260706,-65396,-10
481070,에이유브랜즈,20260706,-4319,5636
100120,뷰웍스,20260706,-4579,726
308430,셀비온,20260706,-4066,659
025560,미래산업,20260706,-9693,-3274
445090,에이직랜드,20260706,-12146,-4389
432320,KB스타리츠,20260706,68927,21389
005710,대원산업,20260706,-608,0
210980,SK디앤디,20260706,-1595,445
226320,잇츠한불,20260706,5141,-1412
353810,이지바이오,20260706,-4395,-188
000540,흥국화재,20260706,2658,-21
494220,UNICORN SK하이닉스밸류체인액티브,20260706,-8966,17957
448280,에코아이,20260706,1408,-76
112290,와이씨켐,20260706,-10613,15
011500,한농화성,20260706,74,-6035
017860,DS단석,20260706,4283,110
194480,데브시스터즈,20260706,-3532,457
001790,대한제당,20260706,31759,-30
000490,대동,20260706,22430,-28210
035150,백산,20260706,-9349,-1
380540,옵티코어,20260706,0,0
475400,씨메스로보틱스,20260706,8373,-8260
013580,계룡건설,20260706,-110128,-684
091580,상신이디피,20260706,-654,-3584
004980,성신양회,20260706,87299,-9754
216080,제테마,20260706,-14616,-326
220100,퓨쳐켐,20260706,-9054,12
058970,엠로,20260706,-2737,4582
052330,코텍,20260706,1100,0
034810,해성산업,20260706,8780,0
093520,매커스,20260706,-2054,30
357550,석경에이티,20260706,669,358
061090,세나테크놀로지,20260706,683,8399
094480,갤럭시아머니트리,20260706,-2977,-36
001630,종근당홀딩스,20260706,519,-78
003555,LG우,20260706,1217,36
051905,LG생활건강우,20260706,345,-58
123330,제닉,20260706,-21472,15300
053210,스카이라이프,20260706,-8725,124
115450,HLB테라퓨틱스,20260706,30624,461
013890,지누스,20260706,-153,-4
068930,디지털대성,20260706,-7055,1085
053690,한미글로벌,20260706,-10206,1075
403790,MIDAS 코스피액티브,20260706,314,-338
100250,진양홀딩스,20260706,39808,42
108860,셀바스AI,20260706,8319,7240
003547,대신증권2우B,20260706,6197,1
298000,효성화학,20260706,-6768,-9
041920,메디아나,20260706,1243,752
039570,HDC랩스,20260706,-411,830
078150,HB테크놀러지,20260706,-1170,-3
128820,대성산업,20260706,18881,-17
001080,만호제강,20260706,86,206
036190,금화피에스시,20260706,890,374
098120,마이크로컨텍솔,20260706,-13354,1
095570,AJ네트웍스,20260706,-22832,2000
000140,하이트진로홀딩스,20260706,1225,-927
484120,도우인시스,20260706,-10262,-2334
099440,스맥,20260706,-25452,1573
003350,한국화장품제조,20260706,12997,14872
126600,BGF에코머티리얼즈,20260706,1125,1
045390,대아티아이,20260706,29757,502
394800,쓰리빌리언,20260706,-11488,-17402
294570,쿠콘,20260706,1766,-5
044820,코스맥스비티아이,20260706,-2917,-34
243840,신흥에스이씨,20260706,-13203,257
036710,심텍홀딩스,20260706,-173149,-20000
117580,대성에너지,20260706,-25763,1089
007860,서연,20260706,4511,-10
138610,나이벡,20260706,-1745,802
073490,LIG아큐버,20260706,-1885,-649
462520,조선내화,20260706,-6869,-633
494120,큐리오시스,20260706,5187,10316
339770,교촌에프앤비,20260706,-1428,-389
001130,대한제분,20260706,1405,323
102460,이연제약,20260706,-6430,-5
016790,현대사료,20260706,0,0
241590,화승엔터프라이즈,20260706,6392,-881
084990,헬릭스미스,20260706,-14412,-1045
394420,리센스메디컬,20260706,6876,1842
354320,알멕,20260706,-2471,-9695
318060,그래피,20260706,-6838,2611
234080,JW생명과학,20260706,3248,-11
054210,이랜텍,20260706,-26025,-17653
032580,피델릭스,20260706,157283,-11616
094820,일진파워,20260706,-175,-251
187870,디바이스,20260706,1069,-1331
036170,에이치엠넥스,20260706,-72883,0
036560,KZ정밀,20260706,-290,-17
123860,아나패스,20260706,-7392,0
251370,와이엠티,20260706,-17642,-2424
012860,모베이스전자,20260706,12229,1467
416180,신성에스티,20260706,-606,-211
192440,슈피겐코리아,20260706,-555,0
003460,유화증권,20260706,3683,100
016580,환인제약,20260706,2948,1037
190510,나무가,20260706,-3345,4
214180,헥토이노베이션,20260706,-3417,-185
010580,에스엠벡셀,20260706,4073,-33
009470,삼화전기,20260706,-4632,-2
102260,동성케미컬,20260706,35583,-16856
049430,코메론,20260706,-5900,15084
002100,경농,20260706,3270,907
317400,자이에스앤디,20260706,-5578,48825
459510,나우로보틱스,20260706,2418,196
046120,오르비텍,20260706,10010,592
125020,티씨머티리얼즈,20260706,48284,2083
237880,클리오,20260706,5204,-4630
256840,한국비엔씨,20260706,40436,98
322310,오로스테크놀로지,20260706,-11847,-460
176750,듀켐바이오,20260706,57,0
003220,대원제약,20260706,-3691,-2
119610,인터로조,20260706,-5599,-4028
199820,제일일렉트릭,20260706,-9302,-283
037070,파세코,20260706,79656,3693
092200,디아이씨,20260706,908,-9
035510,신세계 I&C,20260706,-7286,72
002150,도화엔지니어링,20260706,8146,-3267
042420,네오위즈홀딩스,20260706,98,4306
053300,한국정보인증,20260706,191,0
082800,비보존 제약,20260706,-270371,0
066620,국보디자인,20260706,-735,4433
012210,삼미금속,20260706,1979,0
108380,대양전기공업,20260706,-304,-3043
377190,디앤디플랫폼리츠,20260706,27503,6930
950140,잉글우드랩,20260706,-3214,-100
338840,와이바이오로직스,20260706,-605,2095
092130,이크레더블,20260706,4920,2
004560,현대비앤지스틸,20260706,-5460,243
000300,DH오토넥스,20260706,0,0
004380,삼익THK,20260706,-10167,-1
003610,방림,20260706,177023,10678
016450,한세예스24홀딩스,20260706,2929,-11
033530,SJG세종,20260706,2921,2052
039840,디오,20260706,2908,5
067080,대화제약,20260706,10187,-661
487570,HS효성,20260706,881,-350
464080,에스오에스랩,20260706,4785,1055
152870,파워 200,20260706,339,-348
064550,바이오니아,20260706,28269,-36
143240,사람인,20260706,-3058,2288
083310,엘오티베큠,20260706,-28769,0
153890,져스텍,20260706,-65439,-4427
038390,레드캡투어,20260706,18064,83
204610,티쓰리,20260706,-20424,-1253
000390,SP삼화,20260706,-12134,-59
122990,와이솔,20260706,-8334,8332
101530,해태제과식품,20260706,-20289,-6899
245620,EDGC,20260706,0,0
307180,아이엘,20260706,-16772,-5618
015230,대창단조,20260706,-7194,-420
071200,인피니트헬스케어,20260706,7274,-30
051370,인터플렉스,20260706,-40409,-115
377450,리파인,20260706,2618,-2612
143160,아이디스,20260706,2554,0
355150,코스텍시스,20260706,3885,-268
005960,동부건설,20260706,-2079,-514
002170,SYTS,20260706,27,280
001780,알루코,20260706,-51104,-17
079960,동양이엔피,20260706,1419,-16
049630,재영솔루텍,20260706,23406,-27
000860,강남제비스코,20260706,3970,-1123
092070,디엔에프,20260706,-3083,1
400760,NH올원리츠,20260706,22332,5005
097955,CJ제일제당 우,20260706,-89,-127
083930,아바코,20260706,-29004,108
031440,신세계푸드,20260706,98,53
314130,지놈앤컴퍼니,20260706,48614,723
213500,한솔제지,20260706,7463,-30
004310,현대약품,20260706,21517,15
101970,우양에이치씨,20260706,-6024,10860
446540,메가터치,20260706,-9846,3
066410,버킷스튜디오,20260706,0,0
024800,유성티엔에스,20260706,9831,-329
046070,코다코,20260706,0,0
080160,모두투어,20260706,2345,-2074
040350,크레오에스지,20260706,-24060,0
054450,텔레칩스,20260706,-21830,1000
072870,메가스터디,20260706,-4740,-1445
007570,일양약품,20260706,-9112,-7
389020,자람테크놀로지,20260706,-2384,3
093190,빅솔론,20260706,-1101,37
242040,나무기술,20260706,-30985,0
457550,우진엔텍,20260706,8850,50
274090,켄코아에어로스페이스,20260706,-25925,1015
138360,앤로보틱스,20260706,-30635,95
123410,코리아에프티,20260706,-55674,20033
293480,하나제약,20260706,-585,434
002780,진흥기업,20260706,1398169,34356
011040,경동제약,20260706,1516,-880
016880,웅진,20260706,-19753,91677
023910,대한약품,20260706,-737,-439
371950,풍원정밀,20260706,-2684,-788
060150,인선이엔티,20260706,-18688,-698
474650,링크솔루션,20260706,972,-755
048550,SM C&C,20260706,-11192,-1458
086670,비엠티,20260706,-765,0
382800,지앤비에스 에코,20260706,-65164,2192
255220,SG,20260706,30993,-814
007330,푸른저축은행,20260706,166,0
403850,더핑크퐁컴퍼니,20260706,-8229,-5610
000700,유수홀딩스,20260706,-10739,-23
304100,솔트룩스,20260706,7283,465
046440,KG파이낸셜,20260706,8732,799
011785,금호석유화학우,20260706,142,-29
086820,바이오솔루션,20260706,-1731,0
041020,폴라리스오피스,20260706,-80228,382
478340,나라스페이스테크놀로지,20260706,38749,-40298
014710,사조씨푸드,20260706,3684,-5
484810,티엑스알로보틱스,20260706,3713,327
212560,네오오토,20260706,-37781,2505
032620,GC메디아이,20260706,-665,-4180
000970,한국주철관,20260706,-4219,-6
001045,CJ우,20260706,-1930,-434
451760,컨텍,20260706,-17906,-1534
126700,하이비젼시스템,20260706,-27895,20857
222040,코스맥스엔비티,20260706,-6187,1227
271980,제일약품,20260706,790,-5
402030,코난테크놀로지,20260706,6897,293
090350,노루페인트,20260706,-98,-1019
071840,롯데하이마트,20260706,822,-8
334970,프레스티지바이오로직스,20260706,-34521,6381
048870,시너지이노베이션,20260706,16797,1381
234690,녹십자웰빙,20260706,-3692,0
462860,더즌,20260706,10578,0
004970,신라교역,20260706,1500,-976
084680,이월드,20260706,77189,-28
054800,아이디스홀딩스,20260706,-1266,0
104480,티케이케미칼,20260706,-46995,-44
039860,나노엔텍,20260706,-37709,52
264450,유비쿼스,20260706,-17586,0
119830,아이텍,20260706,-57634,21834
388050,지투파워,20260706,-9365,10066
418550,제이오,20260706,-5489,81
270660,에브리봇,20260706,2336,799
086890,이수앱지스,20260706,-8168,-547
460850,동국씨엠,20260706,2853,-80
058820,CMG제약,20260706,-14257,318
049960,쎌바이오텍,20260706,-393,0
179290,엠아이텍,20260706,-4524,1
361390,제노코,20260706,-21167,-780
000520,삼일제약,20260706,-16376,-3
101360,에코앤드림,20260706,-1780,157
000020,동화약품,20260706,8372,-116
147830,제룡산업,20260706,-10709,0
003830,대한화섬,20260706,9,-1
003480,한진중공업홀딩스,20260706,4378,-27
405100,큐알티,20260706,-13304,-6500
004090,한국석유,20260706,7091,-2
102120,어보브반도체,20260706,-3804,1
088800,에이스테크,20260706,-8804,333
067280,멀티캠퍼스,20260706,-583,3
037350,성도이엔지,20260706,-31989,4767
078070,유비쿼스홀딩스,20260706,-7051,0
402490,그린리소스,20260706,20434,0
118990,모트렉스,20260706,-5169,1
126640,화신정공,20260706,28125,0
094280,효성ITX,20260706,3135,-64
023600,삼보판지,20260706,4865,0
092220,KEC,20260706,11333,41
260970,에스앤디,20260706,-5556,-34
448100,WON 200,20260706,2114,-2334
025820,이구산업,20260706,-39561,-11
372170,윤성에프앤씨,20260706,2359,-47
114840,아이패밀리에스씨,20260706,-574,-2957
025950,동신건설,20260706,-55265,-10
146320,비씨엔씨,20260706,-8512,6
069510,에스텍,20260706,14890,0
068790,DMS,20260706,-33168,194
012610,경인양행,20260706,-14613,-320
015890,태경산업,20260706,6534,-400
024060,흥구석유,20260706,-24287,7
038290,마크로젠,20260706,-899,0
357880,SKAI,20260706,5379,-7
126730,코칩,20260706,5928,0
049720,고려신용정보,20260706,2496,-527
445180,퓨릿,20260706,-4880,17
001540,안국약품,20260706,6571,-5449
006060,화승인더,20260706,72292,-63868
109740,디에스케이,20260706,-14478,0
005990,매일홀딩스,20260706,-80,0
293580,나우IB,20260706,-52612,0
008350,남선알미늄,20260706,-70140,-25
106190,하이텍팜,20260706,-2720,16
211270,AP위성,20260706,-18447,-1124
013520,화승코퍼레이션,20260706,38598,-1296
004960,한신공영,20260706,-9508,25468
469610,이노테크,20260706,-4941,-64
269620,시스웍,20260706,0,0
311320,지오엘리먼트,20260706,-75950,32153
489500,엘케이켐,20260706,1287,2
095190,신화프리텍,20260706,30341,-90
432720,퀄리타스반도체,20260706,-11568,0
226590,엠디바이스,20260706,-10049,-185
272550,삼양패키징,20260706,4116,-3519
081000,일진다이아,20260706,2845,-39
474170,루미르,20260706,-9034,-1155
012200,계양전기,20260706,-6551,-128
005160,동국산업,20260706,9953,-461
004080,신흥,20260706,-86,-5
077500,유니퀘스트,20260706,6754,-653
149950,아바텍,20260706,39995,7200
065170,비엘팜텍,20260706,0,0
042600,새로닉스,20260706,-502,1429
210540,디와이파워,20260706,2398,486
388790,라이콤,20260706,-23300,-266
007540,샘표,20260706,308,-92
214420,토니모리,20260706,1469,-4243
086980,쇼박스,20260706,24066,-2145
293780,압타바이오,20260706,3075,8
136540,윈스테크넷,20260706,5389,1734
140670,알에스오토메이션,20260706,920,825
037560,LG헬로비전,20260706,-62213,-19
264850,이랜시스,20260706,-3018,2
024090,디씨엠,20260706,115,-62
004150,한솔홀딩스,20260706,2995,-4721
366030,나인앤컴퍼니,20260706,-29271,0
036690,코맥스,20260706,0,0
199430,케이엔알시스템,20260706,1453,15
008970,KBI동양철관,20260706,-16752,-14
365660,레몬헬스케어,20260706,-139024,-794559
458650,성우,20260706,-356,0
003100,선광,20260706,3388,-423
001360,삼성제약,20260706,-28096,-17
232680,라온로보틱스,20260706,-12390,0
002460,HS화성,20260706,801,-813
011280,태림포장,20260706,-1062,-25
408920,메쎄이상,20260706,-4270,0
122450,KX,20260706,-1305,2458
285490,노바텍,20260706,16850,46
089470,HDC현대EP,20260706,-4246,1053
259630,엠플러스,20260706,-24232,-5
452450,피아이이,20260706,17089,0
091590,남화토건,20260706,1621,0
418420,라온텍,20260706,-39195,49
107590,미원홀딩스,20260706,0,0
214390,경보제약,20260706,3047,22
240550,동방메디컬,20260706,-17727,30348
020120,키다리스튜디오,20260706,5021,12001
350520,이지스레지던스리츠,20260706,-3309,2619
297890,HB솔루션,20260706,-32012,782
473980,노머스,20260706,-25424,46809
264660,씨앤지하이테크,20260706,-13575,15
014280,금강공업,20260706,10106,-11
041440,현대에버다임,20260706,-2742,2
950190,고스트스튜디오,20260706,28160,-400
339950,아이비김영,20260706,13586,55
009070,KCTC,20260706,15698,154
021320,KCC건설,20260706,691,0
083500,에프엔에스테크,20260706,-20161,-84
256940,킵스파마,20260706,10759,193
025620,차AI헬스케어,20260706,-5501,10
053080,케이엔솔,20260706,-6851,12
307750,국전,20260706,-7183,-73
073010,케이에스피,20260706,4698,0
282880,코윈테크,20260706,-1809,197
011690,와이투솔루션,20260706,59939,-95
090850,현대이지웰,20260706,25035,2108
079430,현대리바트,20260706,11585,-4
321550,티움바이오,20260706,-10288,-1012
267320,나인테크,20260706,-7043,0
067990,도이치모터스,20260706,8445,-2924
078000,텔코웨어,20260706,859,-40
108230,톱텍,20260706,-3326,0
220260,켐트로스,20260706,513,9
163730,핑거,20260706,6448,63
001520,동양,20260706,0,0
009270,신원,20260706,6018,-12
038540,상상인,20260706,731,10080
380550,뉴로핏,20260706,-7781,866
094840,슈프리마에이치큐,20260706,5183,2984
017510,세명전기,20260706,2814,5
089600,KT나스미디어,20260706,5463,-1194
067900,와이엔텍,20260706,13079,-7929
310200,애니플러스,20260706,-7128,-2368
002220,한일철강,20260706,-12504,259
498180,파워 종합채권(AA-이상)액티브,20260706,0,-1
001260,남광토건,20260706,-69127,1915
142210,유니트론텍,20260706,-4697,0
300080,플리토,20260706,-3,392
018470,조일알미늄,20260706,43393,52
017550,수산세보틱스,20260706,89026,-2171
041590,플래스크,20260706,0,0
013990,아가방컴퍼니,20260706,7364,0
267290,경동도시가스,20260706,3501,-98
047310,파워로직스,20260706,-29449,-2
289080,SV인베스트먼트,20260706,-101300,0
263860,지니언스,20260706,-4611,0
093640,케이알엠,20260706,-32155,0
004250,NPC,20260706,-6942,-369
340450,지씨지놈,20260706,27838,-104
488280,에스투더블유,20260706,17917,-2250
027710,팜스토리,20260706,-2270,-294
034590,인천도시가스,20260706,2044,-6
308080,바이젠셀,20260706,8400,0
070960,모나용평,20260706,5063,667
105330,케이엔더블유,20260706,-10527,-158
095700,제넥신,20260706,796,-4077
013360,일성건설,20260706,177968,20089
012320,경동인베스트,20260706,-883,-240
035000,HS애드,20260706,-314,-2463
008040,사조동아원,20260706,22828,-19946
010100,한국무브넥스,20260706,-6920,2414
115310,인포바인,20260706,22,0
015590,DKME,20260706,38962,-1
005800,신영와코루,20260706,2377,-1545
051160,지어소프트,20260706,9013,1000
246710,티앤알바이오팹,20260706,28940,15338
066980,한성크린텍,20260706,-48209,-2025
032940,원익,20260706,-25706,-17
227840,현대코퍼레이션홀딩스,20260706,2772,660
014580,태경비케이,20260706,6618,-6
331920,셀레믹스,20260706,4501,0
297090,씨에스베어링,20260706,590,1199
338220,뷰노,20260706,-3496,314
019180,티에이치엔,20260706,9377,-1693
080420,모다이노칩,20260706,-1202,0
120030,조선선재,20260706,146,-1
148150,세경하이테크,20260706,-3861,4
166480,코아스템켐온,20260706,6123,43
217270,넵튠,20260706,6177,-307
054050,NH농우바이오,20260706,2090,-133
011810,STX,20260706,0,0
016710,대성홀딩스,20260706,6937,1032
453450,그리드위즈,20260706,-7344,-13
049520,유아이엘,20260706,1875,-4863
018120,진로발효,20260706,500,28
009780,엠에스씨,20260706,7783,0
013570,디와이,20260706,1396,-10
486240,DAISHIN343 AI반도체&인프라액티브,20260706,283,-294880
047770,코데즈컴바인,20260706,-31141,0
083420,그린케미칼,20260706,3480,-9
035080,그래디언트,20260706,5866,-687
111710,남화산업,20260706,550,-3573
039560,다산네트웍스,20260706,-16615,260
336680,탑런토탈솔루션,20260706,189,0
141000,비아트론,20260706,-3300,0
014530,극동유화,20260706,-10728,0
289930,웨이비스,20260706,-15377,776
306620,지아이에스,20260706,511,-98020
073560,우리손에프앤지,20260706,-3348,0
209640,와이제이링크,20260706,-10352,151
006620,동구바이오제약,20260706,6227,-6600
063570,NICE인프라,20260706,7095,-1729
052260,현대바이오랜드,20260706,-3959,-2531
290720,푸드나무,20260706,-25375,0
299030,하나기술,20260706,-3727,-807
002390,한독,20260706,1541,-3
267850,아시아나IDT,20260706,-1868,5
225530,HC보광산업,20260706,-9557,148
475580,에이럭스,20260706,-12716,0
187790,나노,20260706,-16952,-6156
322510,제이엘케이,20260706,17639,1150
039340,한국경제TV,20260706,-88,-295
417010,나노팀,20260706,-18061,226
131030,옵투스제약,20260706,-4080,-32
035610,솔본,20260706,3729,0
016740,두올,20260706,6112,7850
321370,센서뷰,20260706,-51911,0
012800,대창,20260706,-25646,-284
115500,케이씨에스,20260706,-3973,1
071280,로체시스템즈,20260706,-3694,-22582
417500,제이아이테크,20260706,-21504,0
123690,한국화장품,20260706,-8935,-6
002450,삼익악기,20260706,-4061,-1754
264900,크라운제과,20260706,621,7333
002620,제일파마홀딩스,20260706,1269,-2833
125210,아모그린텍,20260706,-24129,34
333430,일승,20260706,3749,254
010960,삼호개발,20260706,134757,5646
027970,한국제지,20260706,61045,-3505
013310,아진산업,20260706,17904,1279
101170,우림피티에스,20260706,-11369,-1
021820,세원정공,20260706,-1688,-712
059210,메타바이오메드,20260706,17999,0
021080,에이티넘인베스트,20260706,-14590,5452
056090,시지메드텍,20260706,15037,157
205100,엑셈,20260706,-102405,15515
053700,삼보모터스,20260706,-15692,-9170
235980,메드팩토,20260706,11148,18660
123040,엠에스오토텍,20260706,18707,-4560
323990,박셀바이오,20260706,-19386,-39
149980,하이로닉,20260706,-156,0
037030,파워넷,20260706,-25328,0
228850,레이언스,20260706,-1737,295
489460,바이오비쥬,20260706,-13606,-349
465780,마이티 26-09 특수채(AAA)액티브,20260706,0,0
156100,엘앤케이바이오,20260706,-4230,-1563
009580,무림P&P,20260706,19904,-21
248170,샘표식품,20260706,-1627,-2
309960,LB인베스트먼트,20260706,3879,0
158430,아톤,20260706,-29909,22
014790,HL D&I,20260706,51163,-10887
041520,이엘씨,20260706,-660,0
205500,넥써쓰,20260706,-94955,-24
119650,KC코트렐,20260706,0,0
474610,RF시스템즈,20260706,-7062,169
007610,선도전기,20260706,-266178,-3
246720,아스타,20260706,0,0
007210,벽산,20260706,44183,-2
104460,디와이피엔에프,20260706,-1155,0
054540,삼영엠텍,20260706,-15340,-499
051980,중앙첨단소재,20260706,149722,165
120240,대정화금,20260706,646,-63
040300,YTN,20260706,4101,0
487580,폴레드,20260706,-51557,-6500
100700,세운메디칼,20260706,9951,-6436
078935,GS우,20260706,83,20
023450,동남합성,20260706,262,337
419050,삼기에너지솔루션즈,20260706,-635459,5133
362320,청담글로벌,20260706,-6541,0
066790,씨씨에스,20260706,0,0
052900,KX하이텍,20260706,-97302,-40535
198440,강동씨앤엘,20260706,-249793,0
214680,디알텍,20260706,24519,-1356
096250,와이즈넛,20260706,-15233,15
068240,다원시스,20260706,0,0
109610,에스와이,20260706,11352,0
255440,야스,20260706,-12742,26
352090,스톰테크,20260706,27256,-21
136150,원일티엔아이,20260706,-20625,-300
950250,테라뷰,20260706,-24689,0
263720,디앤씨미디어,20260706,3145,-69
008700,아남전자,20260706,-27389,69826
067830,세이브존I&C,20260706,4475,-366
182360,큐브엔터,20260706,-5542,1598
337930,젝시믹스,20260706,7115,4
059120,아진엑스텍,20260706,-3812,1
265740,엔에프씨,20260706,-22600,2000
307930,컴퍼니케이,20260706,-3734,32
189330,씨이랩,20260706,-17523,0
002210,동성제약,20260706,0,0
317770,엑스페릭스,20260706,7202,78
212710,아이에스티이,20260706,-3230,15520
475430,키스트론,20260706,50225,0
058850,KTcs,20260706,11447,-15
049950,미래컴퍼니,20260706,-617,0
001275,부국증권우,20260706,0,0
036010,아비코전자,20260706,-31380,1
298540,더네이쳐홀딩스,20260706,4180,-214
047560,이스트소프트,20260706,-2914,6058
053260,금강철강,20260706,1009,0
044990,에이치엔에스하이텍,20260706,1359,113
096240,크레버스,20260706,461,342
074430,아미노로직스,20260706,-20284,-3232
040420,정상제이엘에스,20260706,15304,-712
452190,한빛레이저,20260706,-38586,0
434960,DAISHIN343 K200,20260706,259,-260
042500,링네트,20260706,81136,-158
005860,한일사료,20260706,-28825,0
058630,엠게임,20260706,-11617,3298
086710,선진뷰티사이언스,20260706,-7771,0
396470,워트,20260706,3204,0
221800,지구홀딩스,20260706,2961,0
065450,빅텍,20260706,-3679,4
008830,대동기어,20260706,-569,2
032560,황금에스티,20260706,4406,-1071
322180,LS티라유텍,20260706,-5088,233
226400,오스테오닉,20260706,-27001,15886
365330,에스와이스틸텍,20260706,26105,0
093920,서원인텍,20260706,5767,-319
008260,NI스틸,20260706,5858,1209
014440,영보화학,20260706,831,-2
072020,중앙백신,20260706,-677,0
217820,원익피앤이,20260706,-13514,-1169
100130,동국S&C,20260706,17233,1639
009190,대양금속,20260706,52664,-112
002700,신일전자,20260706,-783904,-12
058860,KTis,20260706,11408,-5
002230,피에스텍,20260706,-6977,8
066430,아이로보틱스,20260706,26114,-1
357230,에이치피오,20260706,-15516,-3423
036580,팜스코,20260706,25122,382
088130,동아엘텍,20260706,13636,-2056
004140,동방,20260706,-14786,-129
004100,태양금속,20260706,-35656,-12
086960,MDS테크,20260706,66920,1
023000,삼원강재,20260706,6322,-6515
054920,한컴위드,20260706,-57046,0
023800,인지컨트롤스,20260706,-13881,2782
389030,지니너스,20260706,18216,1911
001290,상상인증권,20260706,23561,-14987
032300,한국파마,20260706,1109,1
078890,가온그룹,20260706,10633,41
282720,금양그린파워,20260706,-10055,334
023900,풍국주정,20260706,856,-241
290740,액트로,20260706,3530,29
330730,스톤브릿지벤처스,20260706,-4965,2
006660,삼성공조,20260706,-153325,-2202
033290,로젠,20260706,-2962,0
040160,누리플렉스,20260706,-3051,0
099750,이지케어텍,20260706,-2332,210
396300,세아메카닉스,20260706,-13981,0
130580,나이스디앤비,20260706,5782,-1027
102370,케이옥션,20260706,-2480,0
004650,창해에탄올,20260706,1518,-1834
029480,광무,20260706,11805,34
066590,스모트로닉,20260706,5504,-261
063170,서울옥션,20260706,6995,-52
092040,아미코젠,20260706,81981,-4577
250060,모비스,20260706,-8489,3
172670,에이엘티,20260706,938,20
444490,WON 미국S&P500,20260706,-417,428
488720,WON 종합채권(AA-이상)액티브,20260706,-42,43
413630,씨피시스템,20260706,32600,0
418470,KT밀리의서재,20260706,4738,-3458
036220,오상헬스케어,20260706,1544,0
493330,지에프아이,20260706,2706,18
004890,동일산업,20260706,24,27
091440,한울소재과학,20260706,-13757,32
011370,서한,20260706,47093,-271
049180,셀루메드,20260706,0,0
005740,크라운해태홀딩스,20260706,-6,-4
047820,초록뱀미디어,20260706,-411,0
192410,오늘이엔엠,20260706,6685,0
078140,대봉엘에스,20260706,12043,0
183490,엔지켐생명과학,20260706,0,0
002600,조흥,20260706,0,0
412350,레이저쎌,20260706,-45982,515
085670,뉴프렉스,20260706,-30659,-9
067290,JW신약,20260706,-638820,-500
139990,아주스틸,20260706,-1316,-1874
950130,엑세스바이오,20260706,-1017,0
004840,DRB동일,20260706,5725,456
052420,오성첨단소재,20260706,7862,19676
037760,쎄니트,20260706,-2785,78
038110,에코플라스틱,20260706,-3277,0
348350,위드텍,20260706,-7205,0
030960,양지사,20260706,-31526,0
043610,KT지니뮤직,20260706,220,-3
011700,한신기계,20260706,5798,-11
063080,컴투스홀딩스,20260706,871,-41
223250,드림씨아이에스,20260706,-3539,0
173130,오파스넷,20260706,-8955,187
000850,화천기공,20260706,-4765,123
302550,리메드,20260706,4139,20000
000590,CS홀딩스,20260706,10,33
084670,동양고속,20260706,742,0
013700,까뮤이앤씨,20260706,30456,-55
004590,한국가구,20260706,3047,-46
026150,특수건설,20260706,2615,-40
042510,라온시큐어,20260706,-6422,-7
330350,위더스제약,20260706,-9166,8
009300,삼아제약,20260706,107,0
175250,아이큐어,20260706,0,0
053580,웹케시,20260706,-9589,10271
215100,로보로보,20260706,16934,1
007980,TP,20260706,-10564,-8
019540,일지테크,20260706,2372,50
451220,아이엠티,20260706,-15123,0
412540,제일엠앤에스,20260706,0,0
017370,우신시스템,20260706,3917,-6
234030,싸이닉솔루션,20260706,14438,58
069730,DSR제강,20260706,13293,-1
003580,HLB글로벌,20260706,3704,-165
307870,비투엔,20260706,-23977,190
000440,중앙에너비스,20260706,-1678,0
019680,대교,20260706,44141,-36664
382840,원준,20260706,-244,39
163560,동일고무벨트,20260706,-9402,-2
001470,삼부토건,20260706,0,0
475230,엔알비,20260706,59865,-54773
303810,동국생명과학,20260706,13376,0
456070,이엔셀,20260706,1121,0
054670,대한뉴팜,20260706,-2364,-1
065510,휴비츠,20260706,10168,8052
107600,새빗켐,20260706,1803,371
109070,주성코퍼레이션,20260706,-22023,522
024880,케이피에프,20260706,-811,2585
320000,한울반도체,20260706,-7906,-123
101330,모베이스,20260706,2617,0
115440,우리넷,20260706,-7445,-405
458030,WON 국공채머니마켓액티브,20260706,0,29
491700,HK 200,20260706,22,-26
381620,제닉스로보틱스,20260706,-2938,32
052860,아이앤씨,20260706,-724,1
179900,유티아이,20260706,-146187,-400
067370,선바이오,20260706,4055,0
017650,대림제지,20260706,4632,191
054040,한국컴퓨터,20260706,-3929,0
024830,세원물산,20260706,-154,0
396270,넥스트칩,20260706,-14575,0
360070,탑머티리얼,20260706,1446,-258
451250,삐아,20260706,2060,23
013870,지엠비코리아,20260706,11136,-502
363280,티와이홀딩스,20260706,9603,-1
019550,SBI인베스트먼트,20260706,18358,36782
263800,데이타솔루션,20260706,-9412,0
067570,엔브이에이치코리아,20260706,9236,15
054620,APS,20260706,-4096,0
006840,AK홀딩스,20260706,-702,-1905
331740,아우토크립트,20260706,2306,-5107
007590,동방아그로,20260706,211,-31
009180,한솔로지스틱스,20260706,11803,14
129920,대성하이텍,20260706,-11308,-364
111380,동인기연,20260706,-2422,2
002200,한국수출포장,20260706,-157,633
004440,삼일씨엔에스,20260706,4113,-38
131370,알서포트,20260706,21713,1337
357580,아모센스,20260706,-28345,-9939
012700,리드코프,20260706,3577,-717
234300,에스트래픽,20260706,10170,-49
238090,앤디포스,20260706,-17602,0
067000,조이시티,20260706,-45902,-1502
083790,CG인바이츠,20260706,-21601,-3
046940,우원개발,20260706,-109856,-4137
214260,라파스,20260706,15745,4
228340,동양파일,20260706,-36228,-786
014160,대영포장,20260706,86701,-35020
036640,HRS,20260706,-2212,-4564
094860,네오리진,20260706,-42233,141
900260,로스웰,20260706,326,0
265560,영화테크,20260706,901,0
053280,예스24,20260706,242,69
061040,알에프텍,20260706,-1101,0
170030,현대공업,20260706,-2069,3
006090,사조오양,20260706,2184,-2
048530,인트론바이오,20260706,41430,12
063160,종근당바이오,20260706,541,13
066700,테라젠이텍스,20260706,-5511,-1425
208140,정다운,20260706,12622,-3898
251120,바이오에프디엔씨,20260706,-164,3
060590,씨티씨바이오,20260706,-2090,-4071
017480,삼현철강,20260706,14477,-5728
011320,유니크,20260706,-88,0
044340,위닉스,20260706,-28267,-48
040910,아이씨디,20260706,-1841,0
171120,라이온켐텍,20260706,11695,-1573
001020,페이퍼코리아,20260706,11911,610
079650,서산,20260706,-43547,-724
000230,일동홀딩스,20260706,1871,0
045970,코아시아,20260706,-29741,-1947
067170,오텍,20260706,66046,-653
347890,엠엑스온,20260706,-2307,0
020710,시공테크,20260706,2970,-3703
323350,다원넥스뷰,20260706,-6336,21
005750,대림바스,20260706,7115,-7008
162300,신스틸,20260706,-15808,0
338100,NH프라임리츠,20260706,16935,-668
124560,태웅로직스,20260706,6232,0
011150,CJ씨푸드,20260706,8585,-7
440910,WON 미국우주항공방산,20260706,-104,3414
382480,지아이텍,20260706,6260,0
110790,크리스에프앤씨,20260706,-4847,1
155660,DSR,20260706,-1509,-218
058400,KNN,20260706,0,0
096775,SK이노베이션우,20260706,129,1
208370,셀바스헬스케어,20260706,5444,0
234920,자이글,20260706,0,0
004720,팜젠사이언스,20260706,-3287,-1
228670,레이,20260706,-3018,44
033130,디지틀조선,20260706,8006,0
007110,일신석재,20260706,2290,-20013
203400,에이비온,20260706,-398703,216
088390,이녹스,20260706,-616,0
122350,삼기,20260706,-3940,1000
002720,국제약품,20260706,-540,-5
090470,제이스로보틱스,20260706,-7630,0
389140,포바이포,20260706,2662,-340
217330,싸이토젠,20260706,-5797,34
000105,유한양행우,20260706,72,0
217190,제너셈,20260706,-15363,0
417970,모델솔루션,20260706,-396,0
443670,에스피소프트,20260706,3811,0
142280,녹십자엠에스,20260706,-43113,-9
058730,다스코,20260706,-299675,-13384
290660,다이나믹솔루션,20260706,-27376,4605
388870,파로스아이바이오,20260706,-8210,-86
332370,아이디피,20260706,-272,0
126880,제이엔케이글로벌,20260706,17753,-234
041930,SY동아,20260706,-506,3
000180,성창기업지주,20260706,3305,-1084
288180,케이피항공산업,20260706,270,-134
061250,화일약품,20260706,1840,0
105740,디케이락,20260706,-7304,0
348150,고바이오랩,20260706,-9883,0
039010,현대에이치티,20260706,-12306,0
413390,엠오티,20260706,1310,5000
073640,테라사이언스,20260706,0,0
478560,블랙야크아이앤씨,20260706,-2302,64
128660,피제이메탈,20260706,2583,877
066310,큐에스아이,20260706,1773,-800
062970,한국첨단소재,20260706,-7437,-2
095720,웅진씽크빅,20260706,1712,-10
196490,디에이테크놀로지,20260706,0,0
053350,이니텍,20260706,-23068,0
032850,비트컴퓨터,20260706,83,0
261780,아리바이오랩,20260706,-17205,73
417790,트루엔,20260706,2089,1
100220,비상교육,20260706,-1423,-159
032540,TJ미디어,20260706,-2093,-58
024740,한일단조,20260706,2827,572
041460,한국전자인증,20260706,-8366,15600
041910,폴라리스AI파마,20260706,5998,0
080010,이상네트웍스,20260706,-100,0
373200,엑스플러스,20260706,-404,0
010040,한국내화,20260706,4908,6251
014970,삼륭물산,20260706,228,0
294630,서남,20260706,-24607,454
001560,제일연마,20260706,286,-703
048430,유라테크,20260706,340,-113
443250,레뷰코퍼레이션,20260706,250,0
009770,삼정펄프,20260706,471,34
464490,쿼드메디슨,20260706,14616,-1192
007680,대원,20260706,18900,-3203
091120,이엠텍,20260706,-306,0
153710,옵티팜,20260706,3072,0
084730,팅크웨어,20260706,1556,0
070300,엑스큐어,20260706,-27986,-1100
046210,HLB파나진,20260706,-8280,0
347000,센코,20260706,-6907,0
059270,해성에어로보틱스,20260706,-215,0
131400,이브이첨단소재,20260706,15883,0
043650,국순당,20260706,-358,-2634
432470,케이엔에스,20260706,5436,0
081150,티플랙스,20260706,-26582,0
201490,미투온,20260706,-14801,-147
006140,피제이전자,20260706,10157,-7272
277880,티에스아이,20260706,8436,0
002795,아모레퍼시픽홀딩스우,20260706,-27,1
072130,유엔젤,20260706,-23753,-1
457370,한켐,20260706,2,0
060570,드림어스컴퍼니,20260706,-3160,8883
109860,동일금속,20260706,0,475
241690,유니테크노,20260706,-3776,3628
016090,대현,20260706,13722,-8294
002800,신신제약,20260706,-1975,0
120115,코오롱인더우,20260706,820,-18
424960,스마트레이더시스템,20260706,-3326,49
377480,마음AI,20260706,-4258,-21
006890,태경케미컬,20260706,-9991,-3
039980,폴라리스AI,20260706,23,0
018500,동원금속,20260706,14020,-1
038460,바이오스마트,20260706,-6969,459
137080,나래나노텍,20260706,-7135,0
011230,삼화전자,20260706,-192242,0
123420,위메이드플레이,20260706,-31963,-1
036000,예림당,20260706,4626,0
079810,APS이노베이션,20260706,678,-276
045660,에이텍,20260706,5075,0
010240,흥국,20260706,1598,-1
005870,휴니드,20260706,-5462,-3
055490,테이팩스,20260706,-519,-154
085310,엔케이,20260706,2631,0
003925,남양유업우,20260706,-40,0
079980,휴비스,20260706,3447,-1485
222110,팬젠,20260706,181,42
094850,참좋은여행,20260706,-3508,0
453860,에이에스텍,20260706,1775,0
043710,코스리거글로벌,20260706,-726,0
033560,블루콤,20260706,14034,-282
068290,삼성출판사,20260706,3541,689
204840,지엘팜텍,20260706,-2923,0
187420,HLB제넥스,20260706,5814,-4197
408470,한패스,20260706,4815,-1478
347860,알체라,20260706,20394,0
016250,SGC E&C,20260706,374,330
036630,세종텔레콤,20260706,-516,-33
411080,샌즈랩,20260706,-2897,47
012790,신일제약,20260706,6314,950
253840,수젠텍,20260706,-1700,0
038680,에스넷,20260706,-21664,0
100590,머큐리,20260706,-23908,-453
001840,이화공영,20260706,0,0
302430,이노메트리,20260706,-1980,30
031820,아이티센씨티에스,20260706,-2204,358
216050,인크로스,20260706,777,1381
439580,블루엠텍,20260706,27861,0
294090,이오플로우,20260706,0,0
010660,화천기계,20260706,-8868,-7
060310,3S,20260706,11552,169
014470,부방,20260706,40367,0
072950,빛샘전자,20260706,-3709,-128
460940,피앤에스로보틱스,20260706,6045,258
140070,서플러스글로벌,20260706,-154,5325
039020,이건홀딩스,20260706,20982,-8602
089850,유비벨록스,20260706,-6049,0
071090,하이스틸,20260706,-16776,-4
004780,대륙제관,20260706,2528,3803
096350,대창솔루션,20260706,47071,0
396690,미래에셋글로벌리츠,20260706,3184,-1275
082210,옵트론텍,20260706,71594,39
370090,퓨런티어,20260706,2672,1
286750,나노실리칸첨단소재,20260706,-17147,0
010280,아이티센엔텍,20260706,-4609,0
003780,진양산업,20260706,-5459,1
101140,인바이오젠,20260706,4528,0
117670,알파칩스,20260706,-558,-4
076610,해성옵틱스,20260706,5153,190
005670,푸드웰,20260706,-542,0
039420,케이엘넷,20260706,5793,0
049550,잉크테크,20260706,1345,0
168330,내츄럴엔도텍,20260706,7277,-1424
111110,호전실업,20260706,5110,-11
036090,위지트,20260706,15867,36
448710,코츠테크놀로지,20260706,-2177,0
476040,오가노이드사이언스,20260706,860,20
214270,FSN,20260706,-15202,-13
000220,유유제약,20260706,11830,-2
048910,대원미디어,20260706,2160,-512
463020,뉴엔AI,20260706,3569,109
001210,금호전기,20260706,35773,47583
185490,아이진,20260706,-1740,0
088910,동우팜투테이블,20260706,2564,-619
014910,성문전자,20260706,55365,-17152
273640,와이엠텍,20260706,8983,0
082850,우리바이오,20260706,-91652,0
129260,인터지스,20260706,-4314,-4
333620,엔시스,20260706,1931,0
007820,엠엑스로보틱스,20260706,1608,0
036670,삼양케이씨아이,20260706,136,0
009200,무림페이퍼,20260706,31648,-150
004770,써니전자,20260706,-1837,-6
007460,에이프로젠,20260706,28801,282
225190,LK삼양,20260706,-10592,0
049480,오픈베이스,20260706,-17207,0
137950,제이씨케미칼,20260706,2392,8
024900,디와이덕양,20260706,22368,-5318
246960,SCL사이언스,20260706,5830,-871
039610,화성밸브,20260706,4061,1
205470,휴마시스,20260706,1777,0
442260,마이티 다이나믹퀀트액티브,20260706,111,-126
007280,한국특강,20260706,6649,-29
446840,지슨,20260706,0,0
008370,원풍,20260706,903,-39
104620,노랑풍선,20260706,2383,0
099520,DGI,20260706,0,0
215360,우리산업,20260706,3306,0
140950,파워 코스피100,20260706,10,35
175140,휴먼테크놀로지,20260706,-27242,0
042110,에스씨디,20260706,-250297,0
459100,위츠,20260706,-524,0
311690,CJ 바이오사이언스,20260706,-804,0
950200,소마젠,20260706,7285,-291
089230,THE E&M,20260706,-32873,-612
010470,오리콤,20260706,508,1398
003310,대주산업,20260706,-18143,0
010770,평화홀딩스,20260706,-1620,1
025550,한국선재,20260706,-2245,0
003010,혜인,20260706,-5546,-2694
318160,셀바이오휴먼텍,20260706,-5485,10000
040610,SG&G,20260706,3492,-153
263690,디알젬,20260706,4856,1465
004450,삼화왕관,20260706,-168,1
191420,테고사이언스,20260706,-1702,-500
053620,태양,20260706,143,0
251630,브이원텍,20260706,1033,-2
136410,아셈스,20260706,953,0
299170,더블유에스아이,20260706,1930,0
075180,새론오토모티브,20260706,486,-338
378850,화승알앤에이,20260706,1096,-4
007815,코리아써우,20260706,13,0
092440,기신정기,20260706,10971,222
045340,토탈소프트,20260706,-8729,0
155650,와이엠씨,20260706,-98,0
179530,애드바이오텍,20260706,-3309,-15
001550,조비,20260706,-758,0
054300,팬스타엔터프라이즈,20260706,-15534,0
340930,성원에너텍,20260706,0,0
053050,지에스이,20260706,-82901,0
027050,코리아나,20260706,1672,0
003475,유안타증권우,20260706,1167,457
039240,경남스틸,20260706,17369,0
006880,신송홀딩스,20260706,6784,-2002
303360,프로티아,20260706,9669,0
317830,에스피시스템스,20260706,816,0
101670,하이드로리튬,20260706,-58509,0
067920,이글루,20260706,4091,-5192
033310,엠투엔,20260706,1289,3000
463480,모티브링크,20260706,5711,1
263600,덕우전자,20260706,3202,0
007370,진양제약,20260706,2151,0
217480,에스디생명공학,20260706,0,0
053160,프리엠스,20260706,4312,0
002760,보락,20260706,-39402,-10012
000725,현대건설우,20260706,47,0
037440,희림,20260706,-6311,0
033320,제이씨현시스템,20260706,3227,0
002630,오리엔트바이오,20260706,50708,-2
291650,압타머사이언스,20260706,2139,0
100030,인지소프트,20260706,371,6
024910,경창산업,20260706,28916,0
036120,서울평가정보,20260706,7318,-38
003465,유화증권우,20260706,-8,0
064240,홈캐스트,20260706,-6891,11
050960,수산아이앤티,20260706,484,-25
097800,윈팩,20260706,-4378,383
060560,HC홈센타,20260706,12790,0
123010,알엔티엑스,20260706,0,0
012690,모나리자,20260706,19034,-6
081180,쎄크,20260706,-5832,-86
145170,노브랜드,20260706,-4413,0
099220,SDN,20260706,31728,-14
384470,코어라인소프트,20260706,-9513,57
071670,에이테크솔루션,20260706,-700,82
092300,현우산업,20260706,-7232,0
064800,포니링크,20260706,-2733,1
104540,코렌텍,20260706,1095,0
033340,좋은사람들,20260706,64778,136
214330,금호에이치티,20260706,0,0
004540,깨끗한나라,20260706,985,-9
038010,제일테크노스,20260706,4379,-701
005305,롯데칠성우,20260706,395,159
002410,범양건영,20260706,0,0
452400,이닉스,20260706,601,0
347740,피엔케이피부임상연구센타,20260706,10532,3000
004830,덕성,20260706,3651,-1
270520,앱튼,20260706,-3210,-14800
065530,와이어블,20260706,-7258,0
037950,엘컴텍,20260706,2404,0
027830,대성창투,20260706,24410,0
317850,대모,20260706,9691,-1
260930,씨티케이,20260706,18591,-1
054930,유신,20260706,3154,-1215
192250,케이사인,20260706,396,0
004060,SG세계물산,20260706,28027,-11565
163280,에어레인,20260706,-11457,-820
033230,인성정보,20260706,10299,0
025530,SJM홀딩스,20260706,1286,-1
095270,웨이브일렉트로,20260706,-14322,424
042940,상지건설,20260706,-83936,0
331380,포커스에이아이,20260706,40755,-100
026940,부국철강,20260706,-358682,-3
063440,SM Life Design,20260706,37858,-848
056360,코위버,20260706,-23,225
134580,탑코미디어,20260706,14892,0
006980,우성,20260706,2315,-780
057540,옴니시스템,20260706,-19838,0
278650,HLB바이오스텝,20260706,-5550,0
096610,알에프세미,20260706,0,0
123700,SJM,20260706,8905,-37
435570,에르코스,20260706,-1248,0
019990,에너토크,20260706,-8040,1
001620,케이비아이동국실업,20260706,3765,-6094
391710,코닉오토메이션,20260706,-22464,0
020760,일진디스플,20260706,0,0
000890,보해양조,20260706,-4373,-4
053450,세코닉스,20260706,1135,0
048770,TPC로보틱스,20260706,-12378,322
241790,티이엠씨씨엔에스,20260706,7936,-18
471820,셀로맥스사이언스,20260706,473,0
321260,프로이천,20260706,31363,0
001465,BYC우,20260706,110,0
053270,구영테크,20260706,5310,-6583
393970,대진첨단소재,20260706,0,0
461030,아이엠비디엑스,20260706,-6065,0
052790,액토즈소프트,20260706,4941,119
294140,레몬,20260706,-3443,0
170790,파이오링크,20260706,583,0
256630,포인트엔지니어링,20260706,512,0
314140,알피바이오,20260706,-1041,0
023810,인팩,20260706,-5995,-745
122310,제노레이,20260706,1386,0
021050,서원,20260706,-5477,-9
015710,코콤,20260706,2137,-72
004920,씨아이테크,20260706,-21287,0
262260,에이프로,20260706,-19333,8319
033540,파라텍,20260706,6930,0
053980,오상자이엘,20260706,411,0
084650,랩지노믹스,20260706,-65979,0
472840,IBK 200,20260706,-21,12
011000,진원생명과학,20260706,0,0
442090,에셋플러스 코리아대장장이액티브,20260706,-275,-522
014950,삼익제약,20260706,-10190,-930
317690,퀀타매트릭스,20260706,-2050,0
109080,옵티시스,20260706,-1552,0
420570,제이투케이바이오,20260706,287,0
000950,전방,20260706,489,-12
065130,탑엔지니어링,20260706,726,0
372910,한컴라이프케어,20260706,2965,-1
082660,코스나인,20260706,0,0
352910,오비고,20260706,-1892,3094
088280,쏘닉스,20260706,28283,-428
023350,한국종합기술,20260706,4229,-225
011390,부산산업,20260706,1717,0
418250,시큐레터,20260706,0,0
357250,미래에셋맵스리츠,20260706,7862,-1999
199550,레이저옵텍,20260706,5511,0
479960,위너스일렉,20260706,-138,0
198080,캐프,20260706,9789,927
051390,YW,20260706,-70,0
009835,한화솔루션우,20260706,3890,0
006125,SK디스커버리우,20260706,1063,1
452200,민테크,20260706,-291264,199
376290,씨유테크,20260706,842,10000
072990,에이치시티,20260706,-4579,0
066670,디티씨,20260706,-476,0
178780,일월지엠엘,20260706,-357,0
238120,얼라인드,20260706,-2343,0
023440,제이스코홀딩스,20260706,0,0
407830,에셋플러스 글로벌플랫폼액티브,20260706,92,609
041650,상신브레이크,20260706,4114,-137
440290,HB인베스트먼트,20260706,13594,-12752
090080,평화산업,20260706,21934,-10
004910,조광페인트,20260706,5884,-1083
950220,네오이뮨텍,20260706,24072,0
189980,흥국에프엔비,20260706,4556,0
094940,푸른로보틱스,20260706,-7423,0
099410,동방선기,20260706,-9648,0
069460,대호에이엘,20260706,0,0
052460,아이크래프트,20260706,5282,0
317530,에피소드컴퍼니,20260706,-45,0
480370,씨케이솔루션,20260706,-429,169
419080,엔젯,20260706,-4195,-316
189690,포시에스,20260706,1113,0
222420,쎄노텍,20260706,85706,154
460870,에스엠씨지,20260706,-2390,88
006490,프리티,20260706,0,0
315640,딥노이드,20260706,17848,0
217500,러셀,20260706,10396,0
072470,우리산업홀딩스,20260706,-9007,0
073110,엘엠에스,20260706,55,0
089790,제이티,20260706,-11067,0
092780,DYP,20260706,4084,-3175
276730,한울앤제주,20260706,1141,10
009320,아진전자부품,20260706,-6758,3048
008420,문배철강,20260706,8534,-3
460470,아이빔테크놀로지,20260706,-4902,0
005030,부산주공,20260706,0,0
094970,제이엠티,20260706,-21154,-6134
143540,영우디에스피,20260706,1991,1012
052220,iMBC,20260706,1130,0
104040,디에스엠,20260706,5704,0
074610,이엔플러스,20260706,0,0
007530,와이엠,20260706,-1830,1848
003080,SB성보,20260706,8850,1143
002920,유성기업,20260706,5649,-1795
382150,온코크로스,20260706,8206,0
147760,피엠티,20260706,-7461,-9500
068330,일신바이오,20260706,-11504,0
263700,케어랩스,20260706,-12910,-70
373160,데이원컴퍼니,20260706,-391,3485
014190,원익큐브,20260706,-2732,0
288330,파라택시스코리아,20260706,0,0
196450,코아시아씨엠,20260706,-670,0
056700,신화인터텍,20260706,-1406,0
037330,인지디스플레,20260706,221,0
159580,제로투세븐,20260706,7784,0
012280,영화금속,20260706,-11718,50774
207760,미스터블루,20260706,-30121,2
413640,비아이매트릭스,20260706,939,34
066130,하츠,20260706,1159,-2962
177900,쓰리에이로직스,20260706,-3626,44
190650,코리아에셋투자증권,20260706,-783,0
006370,대구백화점,20260706,7312,-46
000910,유니온,20260706,3311,-2
002140,고려산업,20260706,-20489,522
002290,삼일기업공사,20260706,7773,0
002880,디와이에이,20260706,85315,59974
017180,명문제약,20260706,-328,-6
196300,HLB펩,20260706,-131,43
270870,뉴트리,20260706,6096,9277
049080,기가레인,20260706,2838,0
215380,우정바이오,20260706,-771,0
104200,NHN벅스,20260706,6188,0
273060,와이즈버즈,20260706,-13704,0
206400,베노티앤알,20260706,-113577,14597
011420,갤럭시아에스엠,20260706,29418,-5
047400,유니온머티리얼,20260706,-1942,150
043340,에쎈테크,20260706,82376,0
263020,디케이앤디,20260706,-48438,-409
900250,크리스탈신소재,20260706,-23558,0
360350,코셈,20260706,1429,0
060850,영림원소프트랩,20260706,116,0
299660,셀리드,20260706,-18548,-137
037230,한국팩키지,20260706,7257,-2868
450330,하스,20260706,-959,38
261200,덴티스,20260706,759,0
277070,린드먼아시아,20260706,-598,66
025880,케이씨피드,20260706,-1131,0
066900,디에이피,20260706,-23,0
290670,대보마그네틱,20260706,1616,0
129890,앱코,20260706,73515,22
466410,사이냅소프트,20260706,40,0
140520,대창스틸,20260706,4572,-844
261520,이지스,20260706,2619,-3
189860,서전기전,20260706,-32224,0
219420,링크제니시스,20260706,1528,55
038070,서린바이오,20260706,835,0
258610,케일럼,20260706,-1039,0
065440,이루온,20260706,-10656,0
305090,마이크로디지탈,20260706,-379,0
019490,엑시큐어하이트론,20260706,0,0
100660,서암기계공업,20260706,-11176,-532
227950,엔투텍,20260706,-5635,0
224110,에이텍모빌리티,20260706,1414,8172
481850,신한글로벌액티브리츠,20260706,16260,-9443
424980,마이크로투나노,20260706,-1498,-11
307280,원바이오젠,20260706,-906,903
340360,다보링크,20260706,-245294,284
033170,시그네틱스,20260706,-28390,9576
237820,플레이디,20260706,-401,0
024950,삼천리자전거,20260706,9081,1
017040,광명전기,20260706,0,0
127710,아시아경제,20260706,-1749,0
153460,네이블,20260706,4167,0
171010,램테크놀러지,20260706,15712,0
050860,아세아텍,20260706,983,0
049830,승일,20260706,-13,0
369370,블리츠웨이엔터테인먼트,20260706,8766,143
229000,젠큐릭스,20260706,104596,-490
123570,이엠넷,20260706,-91,0
221980,케이디켐,20260706,-2,0
064090,인크레더블버즈,20260706,0,0
084870,TBH글로벌,20260706,2381,-3
023960,에쓰씨엔지니어링,20260706,435,0
219550,디와이디,20260706,14337,0
090410,덕신이피씨,20260706,137630,7012
065500,오리엔트정공,20260706,50164,0
122690,서진오토모티브,20260706,4019,-205
226330,신테카바이오,20260706,-1006,0
239890,피엔에이치테크,20260706,3089,0
263920,휴엠앤씨,20260706,-723,12000
097870,효성오앤비,20260706,6236,0
050120,ES큐브,20260706,-663,-1
044960,이글벳,20260706,10849,849
133820,화인베스틸,20260706,30235,0
134790,시디즈,20260706,-182,0
297570,아틀라스링크,20260706,-6402,0
127980,화인써키트,20260706,-302,0
051490,나라엠앤디,20260706,5262,-75
008870,금비,20260706,5,0
006920,모헨즈,20260706,-62194,-332
299900,위지윅스튜디오,20260706,13039,9615
355690,에이텀,20260706,-10577,0
290120,DH오토리드,20260706,1836,0
203450,유니온바이오메트릭스,20260706,7760,-4
032960,동일기연,20260706,0,0
419120,산돌,20260706,-1717,0
086060,진바이오텍,20260706,-8806,0
263810,상신전자,20260706,-14590,16
026910,광진실업,20260706,-17313,0
246690,TS인베스트먼트,20260706,-9701,-150
263770,유에스티,20260706,-677,0
250000,보라티알,20260706,2266,36
260660,알리코제약,20260706,-717,0
321820,아티스트컴퍼니,20260706,9890,-17
376930,노을,20260706,65780,0
361570,알비더블유,20260706,3691,-2224
019770,서연탑메탈,20260706,-3675,0
256150,한독크린텍,20260706,704,-553
038060,루멘스,20260706,53806,0
044480,빌리언스,20260706,-18493,290
114450,그린생명과학,20260706,12796,0
014570,고려제약,20260706,378,0
234100,폴라리스세원,20260706,9610,-76
408900,스튜디오미르,20260706,11849,-548
007120,미래아이앤지,20260706,3051,-8
011300,우성머티리얼스,20260706,-4244,-92
221840,하이즈항공,20260706,43,0
458350,에스팀,20260706,-7898,-1844
145270,케이탑리츠,20260706,3218,-3743
150900,파수AI,20260706,-725,7062
081580,성우전자,20260706,645,-128
105760,포스뱅크,20260706,208,0
009140,경인전자,20260706,-762,0
004410,서울식품,20260706,37917,-3
204020,그리티,20260706,2166,-2
000215,DL우,20260706,240,-32
045060,오공,20260706,509,-3502
317870,엔바이오니아,20260706,5160,2
218150,미래생명자원,20260706,32991,-5
016600,큐캐피탈,20260706,-7947,-580
465480,인스피언,20260706,488,0
284620,카이노스메드,20260706,0,0
049800,우진플라임,20260706,18827,105
043910,자연과환경,20260706,279,0
024120,KB오토시스,20260706,453,-1014
186230,그린플러스,20260706,12,-2692
083550,케이엠,20260706,-2298,0
051630,진양화학,20260706,-11631,-125
393210,토마토시스템,20260706,-80,-84
432430,와이랩,20260706,4012,-50
068940,셀피글로벌,20260706,0,0
348080,큐라티스,20260706,0,0
020180,대신정보통신,20260706,6897,0
288620,에스프리즘,20260706,-417,-4
128540,에코캡,20260706,8387,147
093240,형지엘리트,20260706,82919,195
263050,유틸렉스,20260706,0,0
057030,YBM넷,20260706,1936,0
426150,WON 대한민국국고채액티브,20260706,-38,27
089140,넥스턴앤롤코리아,20260706,6915,0
148930,에이치와이티씨,20260706,7690,48100
086040,바이오톡스텍,20260706,2419,-357
071850,캐스텍코리아,20260706,-349,-495
446070,유니드비티플러스,20260706,-14711,19995
052600,한네트,20260706,3045,0
288980,모아데이타,20260706,-6933,204
064520,테크엘,20260706,-49,0
049470,비트플래닛,20260706,1602,0
220180,핸디소프트,20260706,-879,0
352700,씨앤투스,20260706,12326,-3844
064480,브리지텍,20260706,6951,0
101240,씨큐브,20260706,4766,0
004365,세방우,20260706,-1188,995
006570,대림통상,20260706,-2290,-540
103840,우양,20260706,-58686,-108
290090,트윔,20260706,233,0
475460,미트박스,20260706,-2740,0
452160,제이엔비,20260706,430,0
046310,백금T&A,20260706,10762,2532
013000,세우글로벌,20260706,3716,-1033
364950,에이아이코리아,20260706,3832,1245
464280,티디에스팜,20260706,1206,0
006345,대원전선우,20260706,-6300,-74
021650,한국큐빅,20260706,-586,0
215790,이노인스트루먼트,20260706,33042,0
271830,팸텍,20260706,-104403,-249
023150,MH에탄올,20260706,-2821,-174
184230,SGA솔루션즈,20260706,-14882,0
079000,와토스코리아,20260706,8129,-1440
069410,엔텔스,20260706,-363,-2
000760,이화산업,20260706,-40,0
002870,신풍,20260706,-12437,-8
027740,마니커,20260706,-88224,-126
192720,파워 고배당저변동성,20260706,248,-147
351330,이삭엔지니어링,20260706,632,0
133750,메가엠디,20260706,-838,141
311390,네오크레마,20260706,6871,0
089150,케이씨티,20260706,-1456,104
160550,NEW,20260706,-1782,0
173940,에프엔씨엔터,20260706,3497,-5613
066360,체리부로,20260706,7947,0
068050,팬엔터테인먼트,20260706,7488,15252
105550,엣지파운드리,20260706,20228,0
200780,비씨월드제약,20260706,273,-349
335810,프리시젼바이오,20260706,406,-131
318410,비비씨,20260706,2688,0
046390,삼화네트웍스,20260706,14633,22532
059100,아이컴포넌트,20260706,-3081,752
035460,기산텔레콤,20260706,-22378,536
148250,알엔투테크놀로지,20260706,6188,2000
452300,캡스톤파트너스,20260706,9602,0
444530,심플랫폼,20260706,5680,0
340810,시선AI,20260706,1286,-80
011330,유니켐,20260706,-4651,-11819
039290,인포뱅크,20260706,-1056,2
215090,솔디펜스,20260706,87966,-39172
080520,오디텍,20260706,1027,0
106240,파인테크닉스,20260706,7976,48
005820,원림,20260706,-1994,0
009460,한창제지,20260706,867,58
087600,픽셀플러스,20260706,97,0
025440,DH오토웨어,20260706,-8411,0
143210,핸즈코퍼레이션,20260706,0,0
017000,신원종합개발,20260706,15295,24
057680,티사이언티픽,20260706,-7449,0
208860,다산디엠씨,20260706,-8809,0
417860,오브젠,20260706,-999,0
075130,플랜티넷,20260706,1953,0
332290,누보,20260706,-40949,0
002690,동일제강,20260706,4747,281
072770,멤레이비티,20260706,30691,255
010400,우진아이엔에스,20260706,3238,-4412
075970,동국알앤에스,20260706,3874,0
257370,피엔티엠에스,20260706,4404,0
476080,M83,20260706,6090,0
434480,모니터랩,20260706,9125,-83
114630,폴라리스우노,20260706,11175,-8270
258830,세종메디칼,20260706,0,0
008250,이건산업,20260706,-699,-2
123750,알톤,20260706,1118,-3410
095910,에스에너지,20260706,-202488,0
025750,한솔홈데코,20260706,7245,1
002420,세기상사,20260706,-890,1230
262840,아이퀘스트,20260706,-287,0
159910,에코글로우,20260706,-3405,-66
033830,티비씨,20260706,0,-2227
026040,제이에스티나,20260706,2219,0
036420,콘텐트리중앙,20260706,47863,-225513
119500,포메탈,20260706,-1498,0
277410,인산가,20260706,0,0
351320,넥사다이내믹스,20260706,-17268,-199
090370,메타랩스,20260706,-3681,3072
289220,자이언트스텝,20260706,5775,0
489290,WON 미국빌리어네어,20260706,0,-10
010640,진양폴리,20260706,2690,-3
022220,티케이지애강,20260706,3590,-33
407400,꿈비,20260706,5134,0
088340,유라클,20260706,2775,0
246250,에스엘에스바이오,20260706,0,0
065950,웰크론,20260706,29783,0
001070,대한방직,20260706,1866,-1003
012620,원일특강,20260706,-68,29
007720,소노스퀘어,20260706,0,0
198940,한주라이트메탈,20260706,40467,-316
003060,에이프로젠바이오로직스,20260706,2239,-428
187270,신화콘텍,20260706,-331,0
058110,멕아이씨에스,20260706,1640,0
206560,덱스터,20260706,2126,0
088790,진도,20260706,-2075,0
003535,한화투자증권우,20260706,-2526,0
001380,SG글로벌,20260706,-6628,-4
199480,뱅크웨어글로벌,20260706,8917,62
038950,파인디지털,20260706,-187,79
363250,진시스템,20260706,6563,0
035200,프럼파스트,20260706,-1755,0
365590,하이딥,20260706,8747,1126
459550,알트,20260706,14330,4185
118000,메타케어,20260706,-3705,0
159800,마이티 코스피100,20260706,-89,-29
462980,아이지넷,20260706,10677,0
096630,에스코넥,20260706,8850,0
021880,메이슨캐피탈,20260706,0,0
308170,씨티알모빌리티,20260706,-1780,-1646
003680,한성기업,20260706,-9483,0
031510,오스템,20260706,-5374,30000
239610,에이치엘사이언스,20260706,-34,1
187220,디티앤씨,20260706,15434,0
232830,아이티센피엔에스,20260706,-12920,30
097780,에코볼트,20260706,-89,0
024070,WISCOM,20260706,-2347,-567
475660,에스켐,20260706,8617,0
388610,지에프씨생명과학,20260706,3409,0
109820,진매트릭스,20260706,-3977,0
019570,플루토스,20260706,0,0
009810,플레이그램,20260706,-1521,107
013720,청보,20260706,-12198,0
043220,티에스넥스젠,20260706,0,0
336060,웨이버스,20260706,64571,2749
131090,시큐브,20260706,376,1200
005320,온타이드,20260706,-3949,0
004870,티웨이홀딩스,20260706,0,0
197140,디지캡,20260706,2157,15000
177830,파버나인,20260706,2,0
219750,한국비티비,20260706,2627,0
054780,키이스트,20260706,6967,-328
032790,엠젠솔루션,20260706,-18578,0
031310,아이즈비전,20260706,11635,0
224060,더코디,20260706,320,36
014990,인디에프,20260706,8522,0
056730,CNT85,20260706,-104,0
462310,뉴키즈온,20260706,80,9758
900070,글로벌에스엠,20260706,40572,170
238490,힘스,20260706,-9487,1
060540,에스에이티,20260706,-1820,0
355390,크라우드웍스,20260706,9173,0
038620,위즈코프,20260706,3465,0
457600,벡트,20260706,-33678,-96
169330,엠브레인,20260706,-184,0
013810,스페코,20260706,-764,42
027040,서울전자통신,20260706,-1867,611
318010,팜스빌,20260706,-90,0
130500,GH신소재,20260706,2121,0
318000,KBG,20260706,1321,0
002820,SUN&L,20260706,-3750,681
188260,세니젠,20260706,1843,0
045300,성우테크론,20260706,2206,0
290560,파라택시스이더리움,20260706,-7079,-282
356890,싸이버원,20260706,-5225,0
267790,배럴,20260706,2001,0
019660,글로본,20260706,-342,0
373170,엠아이큐브솔루션,20260706,-266,0
002025,코오롱우,20260706,-615,3
099390,브레인즈컴퍼니,20260706,1389,-225
131220,대한과학,20260706,-367,6
363260,모비데이즈,20260706,9385,-217
450520,인스웨이브,20260706,-414,0
464500,아이언디바이스,20260706,-43,-255
014130,한익스프레스,20260706,5909,-846
073540,에프알텍,20260706,12140,326
066910,손오공,20260706,-6874,0
051380,피씨디렉트,20260706,3704,1
376180,피코그램,20260706,3699,0
047080,한빛소프트,20260706,-22822,0
483570,KCGI 미국S&P500 TOP10,20260706,240,-148
005110,한창,20260706,0,0
018680,서울제약,20260706,-373,0
030720,동원수산,20260706,-752,-201
008470,부스타,20260706,72,3877
464580,닷밀,20260706,440,0
225220,제놀루션,20260706,1039,-545
195500,마니커에프앤지,20260706,11953,458
001000,신라섬유,20260706,282500,0
037370,EG,20260706,4084,-27
296640,이노에이엑스,20260706,-172,-1
310870,디와이씨,20260706,30056,39796
237750,피앤씨테크,20260706,1604,0
900310,컬러레이,20260706,32,154
109960,앱토크롬,20260706,506,0
208710,포톤,20260706,-4723,600
053950,경남제약,20260706,-2736,709
032860,더라미,20260706,-11017,0
050760,에스폴리텍,20260706,58023,16763
002355,넥센타이어1우B,20260706,-25,-989
397810,애드포러스,20260706,-28,0
032750,삼진,20260706,696,2312
001810,무림SP,20260706,-4668,0
430690,한싹,20260706,-543,0
043200,파루,20260706,-4545,-64
403490,우듬지팜,20260706,76844,214
433220,에셋플러스 글로벌대장장이액티브,20260706,0,-3918
024890,대원화성,20260706,15965,382
004270,남성,20260706,-3097,-600
016920,카스,20260706,15893,-4000
080530,코디,20260706,1073,84
290270,휴네시온,20260706,-754,0
053060,세동,20260706,93246,-2100
032800,판타지오,20260706,-7740,0
131100,티엔엔터테인먼트,20260706,-560,266
068100,케이웨더,20260706,1513,0
333050,이노테나,20260706,967,0
091340,S&K폴리텍,20260706,14,-1958
348030,모비릭스,20260706,5400,25073
387570,파인메딕스,20260706,-659,0
048470,대동스틸,20260706,-1147,0
254120,자비스,20260706,-59982,6098
012160,영흥,20260706,2390,292
025890,한국주강,20260706,8649,0
115160,휴맥스,20260706,1240,-224
016670,디모아,20260706,725,0
298060,풍전약품,20260706,-3355,0
069140,누리플랜,20260706,4436,-3
003495,대한항공우,20260706,-1187,-9
005360,모나미,20260706,7829,148
398120,에스지헬스케어,20260706,-4109,-238
378800,샤페론,20260706,-280432,369
469750,아이비젼웍스,20260706,-18576,0
340440,세림B&G,20260706,15848,6226
033200,모아텍,20260706,398,-33
019175,신풍제약우,20260706,0,0
432980,엠에프씨,20260706,-2234,0
318020,포인트모바일,20260706,-539,0
367000,플래티어,20260706,3825,0
429270,시지트로닉스,20260706,-5011,0
093380,풍강,20260706,14225,-3162
300120,라온피플,20260706,-43847,0
054090,삼진엘앤디,20260706,30338,21001
079170,한창산업,20260706,365,409
462510,라메디텍,20260706,4091,0
208350,지란지교시큐리티,20260706,-5294,3014
050110,캠시스,20260706,-93651,6040
342870,오아,20260706,54,4303
109670,씨싸이트,20260706,206,0
121890,에스디시스템,20260706,-26868,0
058450,한주에이알티,20260706,-3431,-16
383930,디티앤씨알오,20260706,-11054,0
060380,동양에스텍,20260706,1692,0
222980,한국맥널티,20260706,-5382,1
044780,에이치케이,20260706,-2316,0
007770,한일화학,20260706,4,0
039740,한국정보공학,20260706,6100,0
290520,신도기연,20260706,884,-1
241840,에이스토리,20260706,9156,0
131180,딜리,20260706,-69,0
153490,우리이앤엘하루틴,20260706,9090,0
052300,오션인더블유,20260706,57,2129
009310,참엔지니어링,20260706,0,0
063760,이엘피,20260706,1027,13
067010,이씨에스,20260706,14004,0
033050,제이엠아이,20260706,-276,0
045510,정원엔시스,20260706,-4635,76
008775,호텔신라우,20260706,315,7
000040,KR모터스,20260706,0,0
065150,대산F&B,20260706,0,0
347770,핌스,20260706,-3139,0
134060,이퓨쳐,20260706,-583,5925
406820,뷰티스킨,20260706,7453,-272
274400,이노시뮬레이션,20260706,7956,-79
188040,바이오포트,20260706,6781,0
252500,세화피앤씨,20260706,1025,0
115480,씨유메디칼,20260706,1281,0
070590,인티큐브,20260706,-2847,-62
091970,LSK아이로봇,20260706,-978,-2016
195990,루트K,20260706,13408,74
391670,HK 베스트일레븐액티브,20260706,0,141
038870,에코심플렉스,20260706,-5778,-28
376980,원티드랩,20260706,4238,0
130740,티피씨글로벌,20260706,-5577,7100
033250,체시스,20260706,574,-2
210120,캔버스엔,20260706,0,0
317240,TS트릴리온,20260706,-9255,-124
036480,대성미생물,20260706,-629,0
071950,코아스,20260706,-10508,-1
405920,나라셀라,20260706,481,115
304840,피플바이오,20260706,63050,0
415380,스튜디오삼익,20260706,5697,-12
065370,위세아이텍,20260706,283,-1
080470,성창오토텍,20260706,-1910,1159
353190,휴럼,20260706,107,0
440320,오픈놀,20260706,3437,0
352940,인바이오,20260706,1477,-12
138070,신진에스엠,20260706,-5826,0
076080,웰크론한텍,20260706,-5935,0
146060,율촌,20260706,-11715,0
006200,한국전자홀딩스,20260706,2090,-3
032080,아즈텍WB,20260706,-869,0
001420,태원물산,20260706,852,-644
006740,블루산업개발,20260706,8762,1
078590,휴림에이텍,20260706,6591,0
080720,한국유니온제약,20260706,0,0
351870,차이커뮤니케이션,20260706,4835,-100
049120,파인디앤씨,20260706,-3881,1
053290,NE능률,20260706,-79,1
372800,아이티아이즈,20260706,-11794,-10000
096690,에이루트,20260706,2792,0
024940,PN풍년,20260706,8490,0
223310,사토시홀딩스,20260706,-7584,0
054940,엑사이엔씨,20260706,-4402,0
200350,아티스트스튜디오,20260706,135,1
438700,버넥트,20260706,-217,103
060260,뉴보텍,20260706,10000,-1318
455180,케이지에이,20260706,-9428,0
067730,로지시스,20260706,-3448,0
101400,엔시트론,20260706,4256,-1496
317120,라닉스,20260706,-883,0
090150,아이윈,20260706,33345,0
139670,키네마스터,20260706,557,0
362990,드림인사이트,20260706,1848,0
088290,이원컴포텍,20260706,5737,-80
017250,인터엠,20260706,-645,-204
353590,오토앤,20260706,-2140,126
023770,플레이위드,20260706,4867,0
238200,비피도,20260706,-2276,0
303530,이노뎁,20260706,-134,6
014100,메디앙스,20260706,810,0
012170,아센디오,20260706,59282,-267
085810,알티캐스트,20260706,-11049,-4167
020400,대동금속,20260706,-6069,-374
373110,엑셀세라퓨틱스,20260706,-13451,0
359090,씨엔알리서치,20260706,3369,471
065650,하이퍼코퍼레이션,20260706,6327,0
032280,삼일,20260706,-938,0
001685,대상우,20260706,-46,0
043360,디지아이,20260706,-953,5456
322780,코퍼스코리아,20260706,11236,4
038530,케이바이오랩스,20260706,12578,-242
015020,이스타코,20260706,0,0
424760,벨로크,20260706,-5528,0
154030,아시아종묘,20260706,4870,-99
354200,엔젠바이오,20260706,0,0
419540,비스토스,20260706,-3187,20000
488290,MIDAS 일본테크액티브,20260706,31,-978
016100,리더스코스메틱,20260706,7376,-105
140430,카티스,20260706,-1583,0
021040,대호특수강,20260706,1719,0
115570,스타플렉스,20260706,394,0
045520,크린앤사이언스,20260706,451,0
103230,에스앤더블류,20260706,-7093,0
096870,엘디티,20260706,514,508
098660,에스티오,20260706,-1275,9997
038880,아이에이,20260706,15289,-2
200230,텔콘RF제약,20260706,-6655,0
477490,에셋플러스 글로벌일등기업포커스10액티브,20260706,65,90
073570,리튬포어스,20260706,990,0
275630,에스에스알,20260706,3188,1318
474920,에셋플러스 차이나일등기업포커스10액티브,20260706,-50,81
214610,롤링스톤,20260706,0,0
069640,한세엠케이,20260706,7810,184
054410,케이피티유,20260706,-3526,0
331520,밸로프,20260706,-6232,0
051780,큐로홀딩스,20260706,1894,0
002360,SH에너지화학,20260706,3770,-1
431190,케이쓰리아이,20260706,-4394,0
192390,윈하이텍,20260706,2833,5000
039310,세중,20260706,-4790,0
377330,이지트로닉스,20260706,-79,0
031860,디에이치엑스컴퍼니,20260706,0,0
258790,소프트캠프,20260706,1299,0
137940,넥스트아이,20260706,-164,86
054220,비츠로시스,20260706,-16731,118
413930,WON AI ESG액티브,20260706,263,-318
227610,아우딘퓨쳐스,20260706,19692,-1437
335870,윙스풋,20260706,-2184,0
083640,인콘,20260706,1249,-9428
034940,조아제약,20260706,-409469,-99595
060900,에이전트AI,20260706,123,0
301300,바이브컴퍼니,20260706,-13237,0
065060,지엔코,20260706,-2291,47
900300,오가닉티코스메틱,20260706,-75853,-40861
083470,이엠앤아이,20260706,13402,0
291230,엔피,20260706,8221,-296
377220,프롬바이오,20260706,62231,-11800
067770,세진티에스,20260706,1809,83000
008600,윌비스,20260706,0,0
009440,KC그린홀딩스,20260706,0,0
193250,링크드,20260706,2695,-932
328380,솔트웨어,20260706,-6208,7576
101680,한국정밀기계,20260706,467,0
306040,에스제이그룹,20260706,10648,-51
154040,다산솔루에타,20260706,3273,0
006050,국영지앤엠,20260706,13099,0
037400,우리엔터프라이즈,20260706,7225,-922
236810,엔비티,20260706,-7825,0
032680,소프트센,20260706,11798,-214
279600,미디어젠,20260706,-6486,0
142760,모아라이프플러스,20260706,37626,0
361670,삼영에스앤씨,20260706,-5166,0
239340,이스트에이드,20260706,-6810,9000
078860,아이오케이이엔엠,20260706,2794,0
048830,엔피케이,20260706,2873,0
027580,상보,20260706,394,-82
482680,미래에셋비전스팩7호,20260706,0,0
108675,LX하우시스우,20260706,-6,8
365900,브이씨,20260706,1076,0
241820,피씨엘,20260706,0,0
084440,유비온,20260706,-73,0
477380,미래에셋비전스팩4호,20260706,-639,-2152
225590,패션플랫폼,20260706,6364,64
344860,이노진,20260706,-7164,-669
069330,유아이디,20260706,-2436,0
491510,파워 K-주주가치액티브,20260706,0,27
418620,E8,20260706,9150,-6
110020,전진바이오팜,20260706,-1933,0
357430,마스턴프리미어리츠,20260706,3664,15499
900270,헝셩그룹,20260706,-18060,0
900340,윙입푸드,20260706,7196,0
291810,핀텔,20260706,30701,1450
018620,우진비앤지,20260706,70,83
215480,토박스코리아,20260706,-18921,0
015260,에이엔피,20260706,-212732,-8
226340,본느,20260706,-1248,102
065770,CS,20260706,-159830,-1300
368600,아이씨에이치,20260706,437,0
065690,파커스,20260706,-1235,0
115610,이미지스,20260706,2594,0
060480,국일신동,20260706,-1080,0
240600,유진테크놀로지,20260706,-4393,86
005725,넥센우,20260706,-6,0
377030,비트맥스,20260706,-8446,0
028080,휴맥스홀딩스,20260706,20,0
131760,파인텍,20260706,-12767,0
285800,진영,20260706,7989,222
469880,하나30호스팩,20260706,0,0
005257,녹십자홀딩스2우,20260706,14,0
477340,에이치엠씨제7호스팩,20260706,-611,0
002070,비비안,20260706,2100,0
113810,디젠스,20260706,0,0
030350,드래곤플라이,20260706,0,0
472720,TRUSTON 주주가치액티브,20260706,0,38
496130,TRUSTON 코리아밸류업액티브,20260706,0,-1346
101000,KS인더스트리,20260706,12243,-426
148780,비큐AI,20260706,-19618,0
196700,웹스,20260706,10941,0
023790,동일스틸럭스,20260706,-16840,75
465770,STX그린로지스,20260706,1396,-1
900110,딥커머스,20260706,-181,0
309930,조이웍스앤코,20260706,-34762,244
473050,유안타제15호스팩,20260706,-401,3
115530,씨엔플러스,20260706,4860,0
417180,핑거스토리,20260706,-3103,0
123840,뉴온,20260706,-5782,0
478440,미래에셋비전스팩6호,20260706,-505,2007
191410,육일씨엔에쓰,20260706,9257,2175
000087,하이트진로2우B,20260706,12,-85
479880,한국제15호스팩,20260706,0,3285
083660,CSA 코스믹,20260706,-120566,0
405000,플라즈맵,20260706,1306,0
303030,지니틱스,20260706,-7924,128
019685,대교우B,20260706,-8722,-3399
352770,셀레스트라,20260706,0,0
289010,아이스크림에듀,20260706,-8452,0
489480,키움제11호스팩,20260706,0,0
244460,올리패스,20260706,0,0
247660,나노씨엠에스,20260706,-8138,0
001795,대한제당우,20260706,5927,0
035620,바른손이앤에이,20260706,-2965,-1740
060230,제이케이시냅스,20260706,-188,6
481890,엔에이치스팩31호,20260706,-347,-3004
389680,유디엠텍,20260706,-10272,432
177350,베셀,20260706,10555,248
009730,이렘,20260706,0,0
489730,디비금융제13호스팩,20260706,0,0
407820,에셋플러스 코리아플랫폼액티브,20260706,0,-118
065420,에스아이리소스,20260706,0,0
471050,대신밸런스제17호스팩,20260706,-4,0
478390,KB제29호스팩,20260706,0,0
054180,메디콕스,20260706,0,0
145995,삼양사우,20260706,2,0
018700,졸스,20260706,2976,180
079950,인베니아,20260706,-1003,0
011090,에넥스,20260706,294,91
044380,주연테크,20260706,-14853,-204
492220,KB제31호스팩,20260706,0,3
451150,에셋플러스 글로벌영에이지액티브,20260706,0,-1
308100,형지글로벌,20260706,-11016,0
482520,교보16호스팩,20260706,0,-1913
065570,삼영이엔씨,20260706,0,0
250930,예선테크,20260706,0,0
368970,오에스피,20260706,-8320,-6500
092600,앤씨앤,20260706,1179,84
002680,한탑,20260706,0,0
043590,웰킵스하이텍,20260706,-2715,227
477760,DB금융스팩12호,20260706,-7,0
900100,파이온엑스,20260706,-529,0
009620,삼보산업,20260706,41184,7284
002995,금호건설우,20260706,413,253
469900,하나31호스팩,20260706,0,0
482690,대신밸런스제19호스팩,20260706,353,-86
060240,스타코링크,20260706,0,0
477470,미래에셋비전스팩5호,20260706,-1,0
042040,케이피엠테크,20260706,-643,57
199730,바이오인프라,20260706,637,-84
474660,신한제12호스팩,20260706,163,0
487360,신한제14호스팩,20260706,0,0
474490,유안타제16호스팩,20260706,0,0
496070,신한제16호스팩,20260706,0,0
208640,썸에이지,20260706,-20490,17
001755,한양증권우,20260706,-39,0
079190,케스피온,20260706,0,0
084695,대상홀딩스우,20260706,0,0
433250,UNICORN R&D 액티브,20260706,0,-15
486630,KB제30호스팩,20260706,-13,5000
493790,유안타제17호스팩,20260706,0,-10100
004255,NPC우,20260706,-248,4074
035290,골드앤에스,20260706,-5732,0
489210,교보17호스팩,20260706,0,-192
043100,알파AI,20260706,0,0
312610,에이에프더블류,20260706,16002,4000
478110,이베스트스팩6호,20260706,0,0
003075,코오롱글로벌우,20260706,1,0
466690,키움히어로제1호스팩,20260706,0,0
498390,한화플러스제5호스팩,20260706,485,0
004105,태양금속우,20260706,-2479,64
472220,신영스팩10호,20260706,0,0
012340,뉴인텍,20260706,-21724,14037
488060,유진스팩11호,20260706,0,0
011080,형지I&C,20260706,-3877,0
145210,다이나믹디자인,20260706,0,0
106080,케이이엠텍,20260706,0,0
480460,WON 한국부동산TOP3플러스,20260706,0,102
050090,비케이홀딩스,20260706,17365,0
484130,하나34호스팩,20260706,-6,0
001067,JW중외제약2우B,20260706,0,0
462340,에셋플러스 글로벌다이나믹시니어액티브,20260706,0,4
469480,IBKS제24호스팩,20260706,0,0
473950,에스케이증권제13호스팩,20260706,-67,0
012205,계양전기우,20260706,-109,0
001770,SHD,20260706,-3003,0
467930,IBKS제23호스팩,20260706,5792,7848
465320,교보15호스팩,20260706,0,0
487830,신한제15호스팩,20260706,-11,0
001515,SK증권우,20260706,0,0
468760,유진스팩10호,20260706,0,0
472230,에스케이증권제11호스팩,20260706,0,0
487720,키움제10호스팩,20260706,0,0
073190,듀오백,20260706,-1682,0
225430,케이엠제약,20260706,42519,0
000225,유유제약1우,20260706,1172,0
215620,HK S&P코리아로우볼,20260706,0,-14
900120,씨엑스아이,20260706,3388,890
438740,MIDAS 중소형액티브,20260706,0,0
004985,성신양회우,20260706,-964,0
001065,JW중외제약우,20260706,0,0
004835,덕성우,20260706,-237,0
000325,노루홀딩스우,20260706,0,0
470310,UNICORN 생성형AI강소기업액티브,20260706,0,90
009415,태영건설우,20260706,0,0
090355,노루페인트우,20260706,0,0
000145,하이트진로홀딩스우,20260706,0,0
000545,흥국화재우,20260706,0,0
005965,동부건설우,20260706,19,0
014825,동원시스템즈우,20260706,0,0
476000,UNICORN 포스트IPO액티브,20260706,4,-142
014285,금강공업우,20260706,5,0
007575,일양약품우,20260706,0,0
005745,크라운해태홀딩스우,20260706,18,0
000227,유유제약2우B,20260706,-1,0
014915,성문전자우,20260706,1370,0
004545,깨끗한나라우,20260706,-2,0
084180,수성웹툰,20260706,-18704,0
00104K,CJ4우(전환),20260706,-1671,974
121850,코이즈,20260706,-3815,0
00088K,한화3우B,20260706,9888,-1069
069920,엑시온그룹,20260706,62525,0
005930,삼성전자,20260703,-1365575,4369649
000660,SK하이닉스,20260703,-745377,1071876
402340,SK스퀘어,20260703,-75902,27184
005935,삼성전자우,20260703,56632,398764
009150,삼성전기,20260703,67713,-51066
005380,현대차,20260703,76257,52354
373220,LG에너지솔루션,20260703,81629,-34946
032830,삼성생명,20260703,-70581,80009
028260,삼성물산,20260703,-9842,93901
207940,삼성바이오로직스,20260703,1805,6617
000270,기아,20260703,159566,90354
329180,HD현대중공업,20260703,22298,-14507
105560,KB금융,20260703,-318244,469511
012450,한화에어로스페이스,20260703,-5560,36035
034020,두산에너빌리티,20260703,207630,21075
055550,신한지주,20260703,-120687,333461
034730,SK,20260703,-52437,36970
012330,현대모비스,20260703,60009,-27693
068270,셀트리온,20260703,-77475,213790
006400,삼성SDI,20260703,-15581,15420
042660,한화오션,20260703,-14251,181019
086790,하나금융지주,20260703,-154027,288199
267260,HD현대일렉트릭,20260703,-40770,9373
010120,LS ELECTRIC,20260703,-279781,-24166
035420,NAVER,20260703,-54729,-98787
066570,LG전자,20260703,90869,26124
000810,삼성화재,20260703,-15105,19534
298040,효성중공업,20260703,-13510,4122
009540,HD한국조선해양,20260703,18229,-8728
005490,POSCO홀딩스,20260703,-21598,55359
015760,한국전력,20260703,-237979,358954
006800,미래에셋증권,20260703,192685,459718
010130,고려아연,20260703,-1498,3927
000150,두산,20260703,-3618,2104
316140,우리금융지주,20260703,-275713,514741
042700,한미반도체,20260703,99052,11088
064350,현대로템,20260703,1255,48137
010140,삼성중공업,20260703,155651,156305
011070,LG이노텍,20260703,65459,-42416
051910,LG화학,20260703,-1245,-613
138040,메리츠금융지주,20260703,-831,133677
017670,SK텔레콤,20260703,265823,-144741
011200,HMM,20260703,-121855,199652
079550,LIG디펜스앤에어로스페이스,20260703,27136,-7575
033780,KT&G,20260703,-4137,17950
196170,알테오젠,20260703,-22452,-15229
024110,기업은행,20260703,235,325681
267250,HD현대,20260703,-18969,16766
096770,SK이노베이션,20260703,14763,40969
035720,카카오,20260703,-15805,96709
047810,한국항공우주,20260703,-97155,116414
003550,LG,20260703,62801,-8913
272210,한화시스템,20260703,66526,19807
018260,삼성에스디에스,20260703,12520,32649
086280,현대글로비스,20260703,24605,-379
003670,포스코퓨처엠,20260703,-15080,-5980
278470,에이피알,20260703,-52640,19356
071050,한국금융지주,20260703,82244,51028
030200,KT,20260703,-4,32640
307950,현대오토에버,20260703,13881,3122
010950,S-Oil,20260703,-28180,41282
000720,현대건설,20260703,62130,15967
247540,에코프로비엠,20260703,39625,16004
005940,NH투자증권,20260703,111002,170443
086520,에코프로,20260703,177023,-21130
006260,LS,20260703,-67459,67856
016360,삼성증권,20260703,47211,110908
259960,크래프톤,20260703,930,1555
323410,카카오뱅크,20260703,23330,230394
003490,대한항공,20260703,-338958,489970
005830,DB손해보험,20260703,-21916,22188
028050,삼성E&A,20260703,58985,58597
039490,키움증권,20260703,-14794,43685
443060,HD현대마린솔루션,20260703,18979,-4910
277810,레인보우로보틱스,20260703,7642,-2175
352820,하이브,20260703,-3985,8858
047050,포스코인터내셔널,20260703,-7086,-60155
180640,한진칼,20260703,-28506,18560
161390,한국타이어앤테크놀로지,20260703,-25293,29471
036930,주성엔지니어링,20260703,-651943,-91569
003230,삼양식품,20260703,5580,-8987
005387,현대차2우B,20260703,11978,-17791
000880,한화,20260703,11762,-1669
950160,코오롱티슈진,20260703,-56925,44190
007660,이수페타시스,20260703,-535638,-18878
047040,대우건설,20260703,382609,21839
078930,GS,20260703,-12493,13707
064400,LG씨엔에스,20260703,-311939,-40049
090430,아모레퍼시픽,20260703,99134,-4793
021240,코웨이,20260703,-8165,12989
326030,SK바이오팜,20260703,-16652,11879
004170,신세계,20260703,28159,-22372
028300,HLB,20260703,18781,8120
062040,산일전기,20260703,-102570,-26905
001440,대한전선,20260703,123022,111084
241560,두산밥캣,20260703,3769,9912
353200,대덕전자,20260703,445452,-458545
240810,원익IPS,20260703,-36550,-30439
032640,LG유플러스,20260703,-140568,11152
267270,HD건설기계,20260703,85318,-99541
058470,리노공업,20260703,171110,-81320
029780,삼성카드,20260703,-4371,43108
000100,유한양행,20260703,-44788,9437
034220,LG디스플레이,20260703,-1124621,502171
036570,NC,20260703,-4605,10979
128940,한미약품,20260703,-40429,49263
271560,오리온,20260703,11,9597
009830,한화솔루션,20260703,-677742,-77195
377300,카카오페이,20260703,25615,7756
454910,두산로보틱스,20260703,11070,46460
005385,현대차우,20260703,8369,-3048
298380,에이비엘바이오,20260703,18988,7872
011790,SKC,20260703,-27701,20726
319660,피에스케이,20260703,41842,-55559
175330,JB금융지주,20260703,-89802,122018
000990,DB하이텍,20260703,51795,-33800
039030,이오테크닉스,20260703,21147,-25071
023530,롯데쇼핑,20260703,34136,-35572
088980,맥쿼리인프라,20260703,317112,-101163
000250,삼천당제약,20260703,2664,4880
141080,리가켐바이오,20260703,-25646,-5732
000500,가온전선,20260703,-7278,8830
222800,심텍,20260703,-245281,162718
001040,CJ,20260703,22640,-45885
082740,한화엔진,20260703,33133,-11411
087010,펩트론,20260703,-14185,1541
066970,엘앤에프,20260703,429,-4433
002380,KCC,20260703,328,4943
052690,한전기술,20260703,-4719,2257
088350,한화생명,20260703,-143199,247086
018880,한온시스템,20260703,-757673,796197
069960,현대백화점,20260703,98908,-90805
004020,현대제철,20260703,36120,-550
111770,영원무역,20260703,-11611,22600
010060,OCI홀딩스,20260703,-5584,8460
051900,LG생활건강,20260703,5077,3933
403870,HPSP,20260703,883068,-375806
440110,파두,20260703,147546,-47205
084370,유진테크,20260703,59650,-51288
214370,케어젠,20260703,-4421,2177
012510,더존비즈온,20260703,0,0
336260,두산퓨얼셀,20260703,-32954,73621
103590,일진전기,20260703,-102449,9826
347850,디앤디파마텍,20260703,-161047,-84740
108490,로보티즈,20260703,9267,-30379
214450,파마리서치,20260703,20328,-4249
095340,ISC,20260703,90709,-13602
022100,포스코DX,20260703,-74841,16292
035250,강원랜드,20260703,-37516,127842
310210,보로노이,20260703,1219,-2844
251270,넷마블,20260703,7830,1071
001450,현대해상,20260703,-20287,74872
095610,테스,20260703,-46551,-6330
080220,제주반도체,20260703,-22106,7848
036460,한국가스공사,20260703,-4059,25570
383220,F&F,20260703,-17044,14763
145020,휴젤,20260703,-7593,-771
031210,서울보증보험,20260703,6991,13183
097950,CJ제일제당,20260703,-4460,7366
178320,서진시스템,20260703,178376,-244894
214150,클래시스,20260703,-11889,-8854
302440,SK바이오사이언스,20260703,13235,11262
139130,iM금융지주,20260703,3215,54413
011780,금호석유화학,20260703,-4332,-1918
009420,한올바이오파마,20260703,-48118,11118
001720,신영증권,20260703,4295,1269
450080,에코프로머티,20260703,-10435,18064
017800,현대엘리베이터,20260703,-14156,3546
005850,에스엘,20260703,3118,24591
004800,효성,20260703,4224,-1968
161890,한국콜마,20260703,2705,71615
226950,올릭스,20260703,-2680,-48370
031980,피에스케이홀딩스,20260703,2077,3388
014680,한솔케미칼,20260703,-858,-5270
011170,롯데케미칼,20260703,1906,-5001
483650,달바글로벌,20260703,367,8566
131290,티에스이,20260703,-28826,13450
012750,에스원,20260703,-9664,9204
064760,티씨케이,20260703,8057,-9274
028670,팬오션,20260703,-108594,127634
006360,GS건설,20260703,308805,105778
085620,미래에셋생명,20260703,-16373,7173
237690,에스티팜,20260703,-23166,16163
067310,하나마이크론,20260703,-80533,-93020
375500,DL이앤씨,20260703,36980,866
319400,현대무벡스,20260703,47992,1214
026960,동서,20260703,-4494,44356
005290,동진쎄미켐,20260703,53146,410
489790,한화비전,20260703,73540,-15940
000240,한국앤컴퍼니,20260703,1062,23894
357780,솔브레인,20260703,19853,-8376
257720,실리콘투,20260703,-7273,42433
081660,미스토홀딩스,20260703,-13883,23399
089970,브이엠,20260703,-60903,33106
003690,코리안리,20260703,47662,24247
004990,롯데지주,20260703,8627,-18232
009970,영원무역홀딩스,20260703,-3256,3425
139480,이마트,20260703,-8068,2358
204320,HL만도,20260703,-116808,169423
005440,현대지에프홀딩스,20260703,-5945,42024
263750,펄어비스,20260703,10510,18914
279570,케이뱅크,20260703,-34037,-87
007340,DN오토모티브,20260703,28964,-6253
008930,한미사이언스,20260703,-88520,40660
030000,제일기획,20260703,-4180,85753
004370,농심,20260703,-83,1491
071970,HD현대마린엔진,20260703,-133699,76746
282330,BGF리테일,20260703,-16591,26778
290650,엘앤씨바이오,20260703,-87237,27969
018670,SK가스,20260703,-242,113
007070,GS리테일,20260703,-24362,33515
131970,두산테스나,20260703,27356,-10268
462870,시프트업,20260703,-15463,51257
051600,한전KPS,20260703,-1117,4949
192820,코스맥스,20260703,-6520,7526
008770,호텔신라,20260703,-119697,133304
032820,우리기술,20260703,319365,-23049
439260,대한조선,20260703,11040,13640
457190,이수스페셜티케미컬,20260703,-12621,9538
020150,롯데에너지머티리얼즈,20260703,21707,-23128
281820,케이씨텍,20260703,58473,-100904
098460,고영,20260703,-7346,1982
103140,풍산,20260703,-572,10029
420770,기가비스,20260703,1873,84
009155,삼성전기우,20260703,15820,-7093
035900,JYP Ent.,20260703,-20324,8344
000155,두산우,20260703,0,-286
140860,파크시스템스,20260703,-4790,1821
002790,아모레퍼시픽홀딩스,20260703,9261,-15850
068760,셀트리온제약,20260703,-16184,-858
001740,SK네트웍스,20260703,227376,-13731
140410,메지온,20260703,-10921,304
007810,코리아써키트,20260703,77349,-44393
395400,SK리츠,20260703,13730,17089
073240,금호타이어,20260703,365672,133396
041510,에스엠,20260703,-21193,17098
010170,대한광통신,20260703,966776,-7486
011210,현대위아,20260703,7808,-16111
112610,씨에스윈드,20260703,-45809,11580
000120,CJ대한통운,20260703,5902,-2642
120110,코오롱인더,20260703,5370,-247
097230,HJ중공업,20260703,27758,23699
089030,테크윙,20260703,-121374,-15352
058610,에스피지,20260703,10154,27258
023590,다우기술,20260703,4965,3476
082920,비츠로셀,20260703,-17517,30922
083650,비에이치아이,20260703,-2586,-9164
183300,코미코,20260703,50701,-52267
020560,아시아나항공,20260703,46597,86416
229640,LS에코에너지,20260703,-14399,-14043
069620,대웅제약,20260703,-24706,48696
001800,오리온홀딩스,20260703,11356,-569
218410,RFHIC,20260703,64652,3337
043260,성호전자,20260703,437428,-476698
096530,씨젠,20260703,-28602,55882
006040,동원산업,20260703,-8573,11964
001120,LX인터내셔널,20260703,8365,2348
475150,SK이터닉스,20260703,11415,-290638
003540,대신증권,20260703,21344,65426
030530,원익홀딩스,20260703,171179,-9483
007390,네이처셀,20260703,-58724,12533
006280,녹십자,20260703,-4416,8221
093370,후성,20260703,481366,79954
060370,LS마린솔루션,20260703,-59428,68594
192080,더블유게임즈,20260703,-80,43
078600,대주전자재료,20260703,89897,-80573
005070,코스모신소재,20260703,36093,3685
017960,한국카본,20260703,100442,-69040
322000,HD현대에너지솔루션,20260703,39173,-46965
458870,씨어스,20260703,8185,-28587
415640,KB발해인프라,20260703,156443,-22421
361610,SK아이이테크놀로지,20260703,3926,-9244
127120,제이에스링크,20260703,3538,-325
039200,오스코텍,20260703,4828,10833
294870,IPARK현대산업개발,20260703,-54103,43293
007310,오뚜기,20260703,-845,1258
347700,스피어,20260703,46267,-173906
000815,삼성화재우,20260703,226,937
012630,HDC,20260703,-8216,4952
032350,롯데관광개발,20260703,-205722,54770
082640,동양생명,20260703,29219,-9085
034230,파라다이스,20260703,-150977,-552072
181710,NHN,20260703,-16104,20825
298020,효성티앤씨,20260703,1226,-285
066575,LG전자우,20260703,18521,-1383
030610,교보증권,20260703,17148,8251
003570,SNT다이내믹스,20260703,-3482,843
323280,태성,20260703,38580,10986
437730,삼현,20260703,-15467,21847
001820,삼화콘덴서,20260703,-26573,15064
077970,STX엔진,20260703,4831,-8419
001430,세아베스틸지주,20260703,35991,-5764
004000,롯데정밀화학,20260703,8599,-12315
195940,HK이노엔,20260703,-13888,51844
089860,롯데렌탈,20260703,-5000,9854
003380,하림지주,20260703,-34896,46287
031330,에스에이엠티,20260703,-350456,-2843
475830,오름테라퓨틱,20260703,-13930,294
166090,하나머티리얼즈,20260703,6730,-469
003530,한화투자증권,20260703,199204,-6160
000080,하이트진로,20260703,2667,18384
057050,현대홈쇼핑,20260703,0,0
330590,롯데리츠,20260703,-5135,1354
300720,한일시멘트,20260703,-16068,20583
101490,에스앤에스텍,20260703,27987,-11905
003090,대웅,20260703,-12597,23360
006340,대원전선,20260703,281159,24617
019210,와이지-원,20260703,-83739,-34446
051915,LG화학우,20260703,-1952,-1605
195870,해성디에스,20260703,186825,-55462
099320,쎄트렉아이,20260703,-4733,7786
085660,차바이오텍,20260703,6036,-1124
071055,한국금융지주우,20260703,5064,-514
280360,롯데웰푸드,20260703,-4224,4253
232140,와이씨,20260703,50088,-3007
000210,DL,20260703,-18556,8166
185750,종근당,20260703,-9021,5944
100090,SK오션플랜트,20260703,13547,46424
003240,태광산업,20260703,-291,238
009450,경동나비엔,20260703,6590,-5298
204270,제이앤티씨,20260703,-17957,229
005300,롯데칠성,20260703,-1149,671
100790,미래에셋벤처투자,20260703,58653,9008
192400,쿠쿠홀딩스,20260703,2511,-1919
003470,유안타증권,20260703,9140,78960
417200,LS머트리얼즈,20260703,101312,-90205
038500,삼표시멘트,20260703,196613,160
241710,코스메카코리아,20260703,-19047,32926
451800,한화리츠,20260703,-18672,8855
090710,휴림로봇,20260703,133486,50239
083450,GST,20260703,20792,-5472
086450,동국제약,20260703,-24820,21987
006120,SK디스커버리,20260703,-8128,6477
491000,리브스메드,20260703,-8765,-1702
036530,SNT홀딩스,20260703,2869,1500
036540,SFA반도체,20260703,-93165,284427
281740,레이크머티리얼즈,20260703,9846,-23234
388720,유일로보틱스,20260703,-7984,12718
030190,NICE평가정보,20260703,1784,18785
328130,루닛,20260703,-17878,-3580
293490,카카오게임즈,20260703,-56026,7825
456040,OCI,20260703,9559,-2197
074600,원익QnC,20260703,-34590,-48101
365550,ESR켄달스퀘어리츠,20260703,-15275,-11711
122870,와이지엔터테인먼트,20260703,-20528,2656
065350,신성델타테크,20260703,-16637,3107
056190,SFA,20260703,3348,5219
137400,피엔티,20260703,-10482,5810
009240,한샘,20260703,-20830,23093
033100,제룡전기,20260703,-31325,7310
388210,씨엠티엑스,20260703,14848,-22302
137310,에스디바이오센서,20260703,-8870,11732
071320,지역난방공사,20260703,-1342,1359
041830,인바디,20260703,5960,22244
189300,인텔리안테크,20260703,-3784,3927
499790,GS피앤엘,20260703,-59409,34719
115180,큐리언트,20260703,12982,-18259
213420,덕산네오룩스,20260703,-68867,68591
075580,세진중공업,20260703,-5810,15266
161580,필옵틱스,20260703,1498,6830
214320,이노션,20260703,14880,-13780
079160,CJ CGV,20260703,49072,31580
090360,로보스타,20260703,22160,-533
036830,솔브레인홀딩스,20260703,-7885,6169
248070,솔루엠,20260703,-24788,14814
285130,SK케미칼,20260703,-12076,11751
032190,다우데이타,20260703,7112,-5281
048410,현대바이오,20260703,933,-7072
445680,큐리옥스바이오시스템즈,20260703,-5487,11
004490,세방전지,20260703,6778,-6064
006650,대한유화,20260703,1619,-585
003850,보령,20260703,21129,-5967
252990,샘씨엔에스,20260703,57293,-102158
000670,영풍,20260703,-2372,-1113
064960,SNT모티브,20260703,14207,4024
005690,파미셀,20260703,155012,-273182
397030,에이프릴바이오,20260703,103172,-185431
298050,HS효성첨단소재,20260703,-354,1168
014620,성광벤드,20260703,246,-4833
025540,한국단자,20260703,7647,-3288
035760,CJ ENM,20260703,-19018,1636
093050,LF,20260703,-7425,7292
356860,티엘비,20260703,28005,5350
000370,한화손해보험,20260703,-15685,-1934
466100,클로봇,20260703,17934,22369
032500,케이엠더블유,20260703,29391,-2664
010780,아이에스동서,20260703,-17536,-9006
094170,동운아나텍,20260703,3023,5
002350,넥센타이어,20260703,5524,-573
003160,디아이,20260703,-22574,3298
006730,서부T&D,20260703,-81972,55680
112040,위메이드,20260703,100814,13211
490470,세미파이브,20260703,23422,-2362
052400,코나아이,20260703,-11522,1879
253450,스튜디오드래곤,20260703,-954,4214
122640,예스티,20260703,-64981,25267
090460,비에이치,20260703,-35020,6066
000400,롯데손해보험,20260703,38748,-3967
295310,에이치브이엠,20260703,22640,-34292
002960,한국쉘석유,20260703,537,-220
069260,TKG휴켐스,20260703,-3012,1521
114090,GKL,20260703,-32556,36232
317450,명인제약,20260703,3630,613
001270,부국증권,20260703,2667,-1051
108320,LX세미콘,20260703,-7458,5797
001570,금양,20260703,0,0
222080,SFA넥셀,20260703,85344,14396
293940,신한알파리츠,20260703,33074,-19738
050890,쏠리드,20260703,173544,-4804
064290,인텍플러스,20260703,159829,-29005
023160,태광,20260703,52886,-92986
005880,대한해운,20260703,225446,11178
006380,카프로,20260703,0,0
053610,프로텍,20260703,-2265,3125
376900,로킷헬스케어,20260703,-46384,-21068
093320,케이아이엔엑스,20260703,5991,-657
001680,대상,20260703,-16530,6420
005180,빙그레,20260703,7388,-756
007700,F&F홀딩스,20260703,-3607,1552
005090,SGC에너지,20260703,-6599,8930
002020,코오롱,20260703,-9263,10734
053800,안랩,20260703,-903,-499
160190,하이젠알앤엠,20260703,32361,-22762
001510,SK증권,20260703,613335,-235
383800,LX홀딩스,20260703,17644,4295
456160,지투지바이오,20260703,12376,-68511
001060,JW중외제약,20260703,11988,61
017940,E1,20260703,1010,-308
383310,에코프로에이치엔,20260703,-14540,-43428
003620,KG모빌리티,20260703,17954,-41575
121600,나노신소재,20260703,3056,-2086
033240,자화전자,20260703,-7120,1125
102710,이엔에프테크놀로지,20260703,12751,-14066
046890,서울반도체,20260703,83993,-36133
041960,코미팜,20260703,-6785,-294
225570,넥슨게임즈,20260703,-13968,-2686
037460,삼지전자,20260703,1546,-210
178920,PI첨단소재,20260703,135,9491
002840,미원상사,20260703,485,1147
006110,삼아알미늄,20260703,8568,-2454
336370,솔루스첨단소재,20260703,130251,-177802
045100,한양이엔지,20260703,-12780,4997
000640,동아쏘시오홀딩스,20260703,-2093,2448
453340,현대그린푸드,20260703,3856,4339
067160,SOOP,20260703,-761,2561
102940,코오롱생명과학,20260703,-1650,-285
358570,지아이이노베이션,20260703,37593,-82842
126340,비나텍,20260703,-22123,19031
086900,메디톡스,20260703,1801,1555
014820,동원시스템즈,20260703,-1576,2873
044490,태웅,20260703,-15293,-2962
052020,에스티큐브,20260703,17218,0
100840,SNT에너지,20260703,7557,-5363
079900,전진건설로봇,20260703,7489,-561
171090,선익시스템,20260703,-1733,-6160
476060,온코닉테라퓨틱스,20260703,34886,-1141
059090,미코,20260703,44239,-4835
477850,마키나락스,20260703,202968,36648
251970,펌텍코리아,20260703,-37748,117155
003300,한일홀딩스,20260703,719,-380
001500,현대차증권,20260703,58137,349
249420,일동제약,20260703,16384,1048
376300,디어유,20260703,-15562,2465
027360,아주IB투자,20260703,221904,56
033500,동성화인텍,20260703,-4472,5248
016380,KG스틸,20260703,-71399,-8749
476830,알지노믹스,20260703,-172772,-5507
094800,맵스리얼티,20260703,12329,12765
348370,엔켐,20260703,-18987,6748
060250,NHN KCP,20260703,48120,5715
056080,유진로봇,20260703,24953,-7462
336570,원텍,20260703,-22437,104902
035890,서희건설,20260703,-46649,-1466
170920,엘티씨,20260703,-56297,66292
268280,미원에스씨,20260703,-345,1425
003545,대신증권우,20260703,25925,-2033
211050,인카금융서비스,20260703,-13207,19537
174900,앱클론,20260703,30231,4219
448730,삼성FN리츠,20260703,-6256,6493
033790,피노,20260703,-2892,-1
009410,태영건설,20260703,-23097,24744
039130,하나투어,20260703,4208,-5359
124500,아이티센글로벌,20260703,-6722,-790
005810,풍산홀딩스,20260703,12638,-15299
036810,에프에스티,20260703,9332,-636
082270,젬백스,20260703,6961,-44391
389470,인벤티지랩,20260703,-2985,-1465
005389,현대차3우B,20260703,-383,43
365340,성일하이텍,20260703,1015,-10918
284740,쿠쿠홈시스,20260703,-808,1633
009520,포스코엠텍,20260703,-124299,-4285
399720,가온칩스,20260703,966,-30975
033640,네패스,20260703,80696,985
020000,한섬,20260703,32020,-24354
015750,성우하이텍,20260703,30729,-8401
005945,NH투자증권우,20260703,15852,-176
119850,지엔씨에너지,20260703,-64946,-23471
372320,큐로셀,20260703,4395,22
002240,고려제강,20260703,14825,-69
161000,애경케미칼,20260703,-3698,57
005250,녹십자홀딩스,20260703,-7861,1714
145990,삼양사,20260703,5107,2064
008060,대덕,20260703,16732,-6792
377740,바이오노트,20260703,-6729,19091
101160,월덱스,20260703,729,10537
104830,원익머트리얼즈,20260703,39981,-39496
058650,세아홀딩스,20260703,506,948
034950,한국기업평가,20260703,775,558
003030,세아제강지주,20260703,-265,2322
001530,DI동일,20260703,-2087,-1784
425420,티에프이,20260703,19932,35423
031430,신세계인터내셔날,20260703,861,1327
002990,금호건설,20260703,-22244,1728
348210,넥스틴,20260703,-20461,-85
272290,이녹스첨단소재,20260703,-2785,3102
214430,아이쓰리시스템,20260703,-11087,4187
030520,한글과컴퓨터,20260703,-6206,-21578
099190,아이센스,20260703,-1469,5031
089890,코세스,20260703,-16763,-13619
486990,노타,20260703,-28227,-196
278280,천보,20260703,-4447,-98
475960,토모큐브,20260703,-7845,7777
253590,네오셈,20260703,80532,6563
000070,삼양홀딩스,20260703,15390,1433
001200,유진투자증권,20260703,102628,5644
439960,코스모로보틱스,20260703,59987,-1005
014830,유니드,20260703,9053,-10859
460930,현대힘스,20260703,18051,-27
078130,국일제지,20260703,1046,10000
368770,파이버프로,20260703,10413,-4428
077360,덕산하이메탈,20260703,29266,-474
016610,DB증권,20260703,26805,-8807
019170,신풍제약,20260703,7429,431
340570,티앤엘,20260703,36631,-2640
004690,삼천리,20260703,1084,-394
348340,뉴로메카,20260703,3786,13735
460860,동국제강,20260703,-305,-30088
042000,카페24,20260703,9550,-653
072710,농심홀딩스,20260703,759,296
290550,디케이티,20260703,-65323,86145
215200,메가스터디교육,20260703,1465,24
474590,WON 반도체밸류체인액티브,20260703,-40853,48164
090435,아모레퍼시픽우,20260703,-4025,-48
018290,브이티,20260703,8026,-2550
034310,NICE,20260703,-4063,7798
003000,부광약품,20260703,-2884,-3856
025320,시노펙스,20260703,-199362,-6288
079940,가비아,20260703,1430,1129
039440,에스티아이,20260703,-37191,26392
004700,조광피혁,20260703,1122,-69
357120,코람코라이프인프라리츠,20260703,-5078,16102
403550,쏘카,20260703,1532,-2093
200710,에이디테크놀로지,20260703,-34523,-10733
381970,케이카,20260703,2983,-9399
009900,명신산업,20260703,-14003,38059
029530,신도리코,20260703,-280,3816
452260,한화갤러리아,20260703,29043,11157
417310,코람코더원리츠,20260703,9467,288
327260,RF머트리얼즈,20260703,-7928,-6293
041190,우리기술투자,20260703,3809,-3601
095660,네오위즈,20260703,17434,-1100
330860,네패스아크,20260703,-699,23822
160980,싸이맥스,20260703,-20040,20111
047920,HLB제약,20260703,-3413,286
219130,타이거일렉,20260703,-24618,4174
016590,신대양제지,20260703,1511,-238
005420,코스모화학,20260703,-17892,16983
003280,흥아해운,20260703,100155,-1601
168360,펨트론,20260703,-5089,-105
015360,INVENI,20260703,1087,-195
089010,켐트로닉스,20260703,21538,-2737
025980,아난티,20260703,-35942,-1163
037710,광주신세계,20260703,24678,-3262
004710,한솔테크닉스,20260703,44934,-22948
144960,뉴파워프라즈마,20260703,-228404,41668
027410,BGF,20260703,8734,-18932
067630,HLB생명과학,20260703,6601,-47
008730,율촌화학,20260703,27701,-8247
130660,한전산업,20260703,27190,-3923
078020,LS증권,20260703,-10202,-7266
036620,감성코퍼레이션,20260703,-164707,57554
024850,HLB이노베이션,20260703,5171,-11043
241770,메카로,20260703,5375,530
033160,엠케이전자,20260703,232706,-233614
101730,위메이드맥스,20260703,70255,-813
013030,하이록코리아,20260703,983,-323
089590,제주항공,20260703,-6104,-2322
001940,KISCO홀딩스,20260703,1937,1742
271940,일진하이솔루스,20260703,9237,302
092230,KPX홀딩스,20260703,184,-9
344820,KCC글라스,20260703,1910,1029
000157,두산2우B,20260703,896,-144
006220,제주은행,20260703,10348,-584
002810,삼영무역,20260703,3352,-2105
002030,아세아,20260703,-220,438
950210,프레스티지바이오파마,20260703,-9094,-395
356680,엑스게이트,20260703,107117,781
306200,세아제강,20260703,-86,2209
011930,신성이엔지,20260703,1680,-13
017810,풀무원,20260703,9003,-4874
078160,메디포스트,20260703,-2841,-667
060280,큐렉소,20260703,24258,-5517
003800,에이스침대,20260703,1248,4
006910,보성파워텍,20260703,72644,4955
194370,제이에스코퍼레이션,20260703,-20560,48287
069080,웹젠,20260703,-13432,-7851
105630,한세실업,20260703,-18367,34649
060980,HL홀딩스,20260703,-2541,4066
243070,휴온스,20260703,7250,68
114810,한솔아이원스,20260703,-33034,21882
005950,이수화학,20260703,-243940,293068
017900,광전자,20260703,90842,12490
287840,인투셀,20260703,-4352,8852
183190,아세아시멘트,20260703,67737,-525
170900,동아에스티,20260703,-749,-54
005610,삼립,20260703,-354,187
007690,국도화학,20260703,1213,3286
110990,디아이티,20260703,-2955,3
145720,덴티움,20260703,-3953,5534
101930,인화정공,20260703,1667,-24
204620,글로벌텍스프리,20260703,154536,-26608
097520,엠씨넥스,20260703,862,-83
104700,한국철강,20260703,9927,7783
389650,넥스트바이오메디컬,20260703,-9151,-2969
029460,케이씨,20260703,405,-7092
010690,화신,20260703,24866,-50
006405,삼성SDI우,20260703,83,-20
126560,현대퓨처넷,20260703,12795,2235
236200,슈프리마,20260703,1764,4329
484870,엠앤씨솔루션,20260703,-14503,9682
448900,한국피아이엠,20260703,12707,-574
084110,휴온스글로벌,20260703,2542,54
482630,삼양엔씨켐,20260703,34620,-15053
064260,다날,20260703,92472,14546
002310,아세아제지,20260703,-7839,14970
105840,우진,20260703,48088,-49737
042520,한스바이오메드,20260703,-35375,17346
005720,넥센,20260703,5274,2
009160,SIMPAC,20260703,-24997,-4437
199800,툴젠,20260703,5496,-94
215600,신라젠,20260703,33828,855
078340,컴투스,20260703,-11637,2968
393890,더블유씨피,20260703,12689,68
126720,수산인더스트리,20260703,4699,-536
078350,한양디지텍,20260703,25597,-25587
265520,AP시스템,20260703,-4439,-733
206650,유바이오로직스,20260703,9443,-6161
012030,DB,20260703,-17377,74064
493280,아이엠바이오로직스,20260703,2868,748
036890,진성티이씨,20260703,16615,-10160
011760,현대코퍼레이션,20260703,-4104,324
125490,한라캐스트,20260703,38028,-1524
424870,이뮨온시아,20260703,36836,-9941
016800,퍼시스,20260703,-35,-126
200880,서연이화,20260703,16826,213
023410,유진기업,20260703,-179873,-1112
009290,광동제약,20260703,-2364,3943
200670,휴메딕스,20260703,-1582,7583
005680,삼영전자,20260703,3923,-423
018250,애경산업,20260703,7207,8
107640,한중엔시에스,20260703,4126,4364
091700,파트론,20260703,-9034,1684
015860,일진홀딩스,20260703,-2735,-9624
394280,오픈엣지테크놀로지,20260703,8341,-1247
092790,넥스틸,20260703,38457,-4348
079370,제우스,20260703,4072,9658
080580,오킨스전자,20260703,-24027,37366
025900,동화기업,20260703,-6841,5984
058430,포스코스틸리온,20260703,-2801,3122
117730,티로보틱스,20260703,1992,317
192650,드림텍,20260703,93,-1483
272450,진에어,20260703,7276,258
108670,LX하우시스,20260703,1671,3191
092190,서울바이오시스,20260703,35437,-30
024720,콜마홀딩스,20260703,8384,7172
376270,HEM파마,20260703,-3814,1
003200,일신방직,20260703,6234,-1423
092730,네오팜,20260703,5642,-422
034830,한국토지신탁,20260703,190800,6246
049070,인탑스,20260703,-19160,30080
136480,하림,20260703,75873,286
472920,HK 종합채권(AA-이상)액티브,20260703,0,-1
001390,KG케미칼,20260703,20152,-141
025770,한국정보통신,20260703,14934,6991
010820,퍼스텍,20260703,6317,-3399
091810,트리니티항공,20260703,-69468,-183008
036800,나이스정보통신,20260703,1544,1921
217590,티엠씨,20260703,54432,-25804
455900,엔젤로보틱스,20260703,30090,-47523
121440,골프존홀딩스,20260703,-635488,1171066
064850,에프앤가이드,20260703,-1549,-677
468530,프로티나,20260703,14423,-1033
004430,송원산업,20260703,-9464,37395
096760,JW홀딩스,20260703,23318,-6025
025860,남해화학,20260703,22270,38
084690,대상홀딩스,20260703,5232,46
228760,지노믹트리,20260703,-3517,-1081
052710,아모텍,20260703,-43343,-52413
098070,한텍,20260703,7422,-1359
036200,유니셈,20260703,-47305,1439
017390,서울가스,20260703,241,55
064820,케이프,20260703,4783,-3583
484590,삼양컴텍,20260703,6663,3079
033270,유나이티드제약,20260703,-3327,170
013120,동원개발,20260703,-70893,-43764
035810,이지홀딩스,20260703,33787,-13366
003960,사조대림,20260703,154,-16
123890,한국자산신탁,20260703,15550,12328
043150,바텍,20260703,-1536,-35
314930,바이오다인,20260703,15027,-1285
138080,오이솔루션,20260703,21217,18134
017890,한국알콜,20260703,67877,1504
151860,KG에코솔루션,20260703,-7128,1857
051500,CJ프레시웨이,20260703,-1965,4056
026890,스틱인베스트먼트,20260703,4326,174
005430,한국공항,20260703,-3449,-47
084010,대한제강,20260703,6576,2375
441270,파인엠텍,20260703,-430337,64457
094360,칩스앤미디어,20260703,-78254,398
187660,페니트리움바이오,20260703,40384,-254
309710,아이티켐,20260703,0,0
078520,에이블씨엔씨,20260703,-8470,-7
001750,한양증권,20260703,1388,5726
002900,TYM,20260703,7835,45475
352480,씨앤씨인터내셔널,20260703,-4818,-392
182400,엔케이젠바이오텍코리아,20260703,0,0
054950,제이브이엠,20260703,3562,-692
286940,롯데이노베이트,20260703,3201,-425
003120,일성아이에스,20260703,-137,2681
001230,동국홀딩스,20260703,58436,-5203
092460,한라IMS,20260703,-9031,7663
234340,헥토파이낸셜,20260703,51649,-34888
001340,PKC,20260703,19719,-223
450950,아스테라시스,20260703,-3775,510
035600,KG이니시스,20260703,24581,-2885
475040,스트라드비젼,20260703,-86513,-12626
065680,우주일렉트로,20260703,4866,21
217730,강스템바이오텍,20260703,-40268,23
002710,TCC스틸,20260703,9910,-76
003920,남양유업,20260703,-2476,-7
267980,매일유업,20260703,646,766
121800,비덴트,20260703,0,0
389500,에스비비테크,20260703,49255,-42995
000430,대원강업,20260703,-9266,-1364
365270,큐라클,20260703,-6036,3598
304360,에스바이오메딕스,20260703,2256,-4920
099430,바이오플러스,20260703,27610,1569
950170,JTC,20260703,36954,0
019010,베뉴지,20260703,16202,1591
377460,큐에이드,20260703,0,0
011560,세보엠이씨,20260703,-206,2220
002320,한진,20260703,17398,-129
419530,SAMG엔터,20260703,1085,3817
200470,에이팩트,20260703,-51213,-62421
254490,미래반도체,20260703,17375,146
215000,골프존,20260703,2814,-706
003070,코오롱글로벌,20260703,1559,4
298690,에어부산,20260703,31626,-2874
496020,WON 전단채플러스액티브,20260703,0,214
439090,마녀공장,20260703,-16487,29428
114190,강원에너지,20260703,-16291,-634
417840,저스템,20260703,68153,-177170
004360,세방,20260703,6314,-76
095500,미래나노텍,20260703,719,-16854
200130,콜마비앤에이치,20260703,3631,-91
005500,삼진제약,20260703,14863,-423
472850,폰드그룹,20260703,1452,14500
086390,유니테스트,20260703,21209,-100271
007160,사조산업,20260703,-573,-1
180400,DXVX,20260703,-31240,0
378340,필에너지,20260703,-15102,-5
089980,상아프론테크,20260703,10564,-9877
060720,KH바텍,20260703,-22516,-4182
456010,아이씨티케이,20260703,3939,101
334890,이지스밸류플러스리츠,20260703,6077,14288
900140,엘브이엠씨홀딩스,20260703,85361,211
122900,아이마켓코리아,20260703,12523,1399
452280,한선엔지니어링,20260703,22627,-6265
043370,피에이치에이,20260703,-22,-2000
206640,바디텍메드,20260703,4764,-3075
382900,범한퓨얼셀,20260703,-3067,-101
389260,대명에너지,20260703,29066,-5618
018000,유니슨,20260703,-49484,-811
051360,토비스,20260703,0,0
000650,천일고속,20260703,184,-2
061970,LB세미콘,20260703,-113712,95344
452430,사피엔반도체,20260703,-1569,-319
159010,아스플로,20260703,-21220,2072
488900,비츠로넥스텍,20260703,12408,-1666
010955,S-Oil우,20260703,2029,2094
003650,미창석유,20260703,-327,369
000680,LS네트웍스,20260703,-12727,-65
194700,노바렉스,20260703,-14878,21922
042370,비츠로테크,20260703,27581,20
039830,오로라,20260703,-6123,11417
053030,바이넥스,20260703,7618,36236
244920,에이플러스에셋,20260703,-4260,6900
241520,DSC인베스트먼트,20260703,44959,-60
085910,네오티스,20260703,145371,-146597
008490,서흥,20260703,1246,1329
348950,제이알글로벌리츠,20260703,0,0
000480,CR홀딩스,20260703,-426,-21
034120,SBS,20260703,0,-311
230240,에치에프알,20260703,14915,510
065710,서호전기,20260703,-896,-55
332570,PS일렉트로닉스,20260703,169602,-3194
028100,동아지질,20260703,5640,6717
023760,한국캐피탈,20260703,2541,909
092870,엑시콘,20260703,-21712,1449
024840,KBI메탈,20260703,321078,6364
000050,경방,20260703,10465,-303
317330,덕산테코피아,20260703,-5519,-24400
144510,지씨셀,20260703,-462,-18
404990,신한서부티엔디리츠,20260703,-3,-5039
001250,GS글로벌,20260703,-38003,353
900290,GRT,20260703,3315,-135529
003520,영진약품,20260703,1678,-776
298830,슈어소프트테크,20260703,40774,0
006805,미래에셋증권우,20260703,-7972,20292
036030,케이티알파,20260703,10205,60
290690,소룩스,20260703,53140,0
025000,KPX케미칼,20260703,1209,145
001460,BYC,20260703,-32,712
005010,휴스틸,20260703,1695,-79
018310,삼목에스폼,20260703,3270,664
425040,티이엠씨,20260703,93105,15
067390,아스트,20260703,70162,-8734
037270,YG PLUS,20260703,42254,806
462350,이노스페이스,20260703,60739,-66336
014940,오리엔탈정공,20260703,45598,-101
134380,미원화학,20260703,19,-6
136490,선진,20260703,38212,-7329
088260,이리츠코크렙,20260703,-14818,79861
475560,더본코리아,20260703,1932,-20
065660,안트로젠,20260703,-3582,-128
044450,KSS해운,20260703,-1551,784
069540,빛과전자,20260703,118065,-909
272110,케이엔제이,20260703,-8110,-1453
461300,아이스크림미디어,20260703,4520,-1468
033920,무학,20260703,6209,13952
203650,드림시큐리티,20260703,85678,3
046970,우리로,20260703,128669,62
000320,노루홀딩스,20260703,1185,1
009680,모토닉,20260703,-1632,4257
084850,아이티엠반도체,20260703,-15220,3911
030210,다올투자증권,20260703,16264,-10323
003720,삼영,20260703,82499,-8428
481070,에이유브랜즈,20260703,-8847,2964
100120,뷰웍스,20260703,3843,-725
308430,셀비온,20260703,-2863,1153
025560,미래산업,20260703,-13156,-1533
445090,에이직랜드,20260703,-25824,209
432320,KB스타리츠,20260703,58925,3269
005710,대원산업,20260703,-459,220
210980,SK디앤디,20260703,-414,2194
226320,잇츠한불,20260703,1909,-3040
353810,이지바이오,20260703,-8623,188
000540,흥국화재,20260703,49874,-17
494220,UNICORN SK하이닉스밸류체인액티브,20260703,-17493,23233
448280,에코아이,20260703,6887,-66
112290,와이씨켐,20260703,25398,6850
011500,한농화성,20260703,12418,-6
017860,DS단석,20260703,17818,-16729
194480,데브시스터즈,20260703,-4819,-1275
001790,대한제당,20260703,56078,-1530
000490,대동,20260703,23944,-843
035150,백산,20260703,1364,-358
380540,옵티코어,20260703,0,0
475400,씨메스로보틱스,20260703,14764,-9834
013580,계룡건설,20260703,105431,489
091580,상신이디피,20260703,-14080,303
004980,성신양회,20260703,6421,2479
216080,제테마,20260703,-22799,-1227
220100,퓨쳐켐,20260703,9082,38
058970,엠로,20260703,6098,2322
052330,코텍,20260703,5427,-350
034810,해성산업,20260703,-3119,0
093520,매커스,20260703,5955,-771
357550,석경에이티,20260703,-517,109
061090,세나테크놀로지,20260703,-1682,2489
094480,갤럭시아머니트리,20260703,35303,12
001630,종근당홀딩스,20260703,-768,-83
003555,LG우,20260703,1222,-11
051905,LG생활건강우,20260703,597,-178
123330,제닉,20260703,-43153,8489
053210,스카이라이프,20260703,-9429,-480
115450,HLB테라퓨틱스,20260703,44146,-6560
013890,지누스,20260703,-653,-230
068930,디지털대성,20260703,-6104,2377
053690,한미글로벌,20260703,10407,-1248
403790,MIDAS 코스피액티브,20260703,6,-124
100250,진양홀딩스,20260703,23435,237
108860,셀바스AI,20260703,28451,-3875
003547,대신증권2우B,20260703,3818,0
298000,효성화학,20260703,-14009,1232
041920,메디아나,20260703,27415,-569
039570,HDC랩스,20260703,-500,-453
078150,HB테크놀러지,20260703,58089,-1
128820,대성산업,20260703,-3181,-41
001080,만호제강,20260703,-2392,16675
036190,금화피에스시,20260703,380,-107
098120,마이크로컨텍솔,20260703,-2501,-623
095570,AJ네트웍스,20260703,-2810,2036
000140,하이트진로홀딩스,20260703,194,363
484120,도우인시스,20260703,-1790,-67
099440,스맥,20260703,38819,-242
003350,한국화장품제조,20260703,2310,29037
126600,BGF에코머티리얼즈,20260703,5058,-230
045390,대아티아이,20260703,92639,-10900
394800,쓰리빌리언,20260703,-50080,10863
294570,쿠콘,20260703,7183,-7
044820,코스맥스비티아이,20260703,235,-2851
243840,신흥에스이씨,20260703,21613,-10284
036710,심텍홀딩스,20260703,6891,-19533
117580,대성에너지,20260703,18682,1324
007860,서연,20260703,-5012,-99
138610,나이벡,20260703,-808,1686
073490,LIG아큐버,20260703,21750,-150
462520,조선내화,20260703,850,-1346
494120,큐리오시스,20260703,3656,-11478
339770,교촌에프앤비,20260703,66643,388
001130,대한제분,20260703,8496,-7713
102460,이연제약,20260703,12662,-18
016790,현대사료,20260703,0,0
241590,화승엔터프라이즈,20260703,55725,-219
084990,헬릭스미스,20260703,-14820,777
394420,리센스메디컬,20260703,-51918,11846
354320,알멕,20260703,-24030,24775
318060,그래피,20260703,11386,3886
234080,JW생명과학,20260703,8144,-24
054210,이랜텍,20260703,-18960,3763
032580,피델릭스,20260703,-86100,-1118
094820,일진파워,20260703,7640,-1107
187870,디바이스,20260703,48346,-55183
036170,에이치엠넥스,20260703,27167,0
036560,KZ정밀,20260703,-371,44
123860,아나패스,20260703,-6249,-1
251370,와이엠티,20260703,-2270,0
012860,모베이스전자,20260703,49787,-569
416180,신성에스티,20260703,14616,-18665
192440,슈피겐코리아,20260703,-1049,0
003460,유화증권,20260703,26801,-233
016580,환인제약,20260703,7406,900
190510,나무가,20260703,13769,4
214180,헥토이노베이션,20260703,5731,-181
010580,에스엠벡셀,20260703,9455,-417
009470,삼화전기,20260703,-5464,-2645
102260,동성케미컬,20260703,10577,23870
049430,코메론,20260703,-114,14614
002100,경농,20260703,6043,914
317400,자이에스앤디,20260703,2487,41089
459510,나우로보틱스,20260703,7816,-190
046120,오르비텍,20260703,27559,-1813
125020,티씨머티리얼즈,20260703,80289,9879
237880,클리오,20260703,-1613,3765
256840,한국비엔씨,20260703,47699,6
322310,오로스테크놀로지,20260703,2346,-14485
176750,듀켐바이오,20260703,3506,-33
003220,대원제약,20260703,3790,-9
119610,인터로조,20260703,14361,-6560
199820,제일일렉트릭,20260703,-17114,-1693
037070,파세코,20260703,-33217,2818
092200,디아이씨,20260703,4002,-21
035510,신세계 I&C,20260703,16232,-12
002150,도화엔지니어링,20260703,-3772,3438
042420,네오위즈홀딩스,20260703,-2164,4554
053300,한국정보인증,20260703,14171,-3947
082800,비보존 제약,20260703,-39000,-21
066620,국보디자인,20260703,-203,178
012210,삼미금속,20260703,10381,-45
108380,대양전기공업,20260703,-6007,4141
377190,디앤디플랫폼리츠,20260703,-67718,-54870
950140,잉글우드랩,20260703,2547,-300
338840,와이바이오로직스,20260703,55587,-79131
092130,이크레더블,20260703,3176,-11
004560,현대비앤지스틸,20260703,5760,-275
000300,DH오토넥스,20260703,0,0
004380,삼익THK,20260703,1750,-5
003610,방림,20260703,4840,5639
016450,한세예스24홀딩스,20260703,13698,-24
033530,SJG세종,20260703,5412,3782
039840,디오,20260703,3174,-28
067080,대화제약,20260703,26156,-645
487570,HS효성,20260703,367,-293
464080,에스오에스랩,20260703,14004,-36983
152870,파워 200,20260703,-339,336
064550,바이오니아,20260703,-13135,15
143240,사람인,20260703,-3371,5478
083310,엘오티베큠,20260703,-8782,40
153890,져스텍,20260703,80285,4255
038390,레드캡투어,20260703,8847,57
204610,티쓰리,20260703,-27499,26218
000390,SP삼화,20260703,19512,34
122990,와이솔,20260703,-2258,7349
101530,해태제과식품,20260703,3012,6767
245620,EDGC,20260703,0,0
307180,아이엘,20260703,13929,2002
015230,대창단조,20260703,842,100
071200,인피니트헬스케어,20260703,17594,0
051370,인터플렉스,20260703,-29708,40268
377450,리파인,20260703,1848,0
143160,아이디스,20260703,3316,0
355150,코스텍시스,20260703,12510,-421
005960,동부건설,20260703,-8256,471
002170,SYTS,20260703,-7,447
001780,알루코,20260703,71953,-57948
079960,동양이엔피,20260703,1644,-289
049630,재영솔루텍,20260703,18207,-1
000860,강남제비스코,20260703,1100,694
092070,디엔에프,20260703,-32157,-2552
400760,NH올원리츠,20260703,28492,16430
097955,CJ제일제당 우,20260703,-1381,129
083930,아바코,20260703,66,-399
031440,신세계푸드,20260703,296,391
314130,지놈앤컴퍼니,20260703,134680,-8365
213500,한솔제지,20260703,9471,-593
004310,현대약품,20260703,78202,-3
101970,우양에이치씨,20260703,-1020,3824
446540,메가터치,20260703,-37196,-11
066410,버킷스튜디오,20260703,0,0
024800,유성티엔에스,20260703,-12464,337
046070,코다코,20260703,0,0
080160,모두투어,20260703,-4092,1852
040350,크레오에스지,20260703,-11545,591
054450,텔레칩스,20260703,-13988,1
072870,메가스터디,20260703,-1896,980
007570,일양약품,20260703,2755,-150
389020,자람테크놀로지,20260703,1473,10
093190,빅솔론,20260703,946,-300
242040,나무기술,20260703,784,4893
457550,우진엔텍,20260703,12131,-752
274090,켄코아에어로스페이스,20260703,10707,-83
138360,앤로보틱스,20260703,-1464,-209
123410,코리아에프티,20260703,-19163,23764
293480,하나제약,20260703,2310,-1001
002780,진흥기업,20260703,-890508,2382
011040,경동제약,20260703,4945,3272
016880,웅진,20260703,-14290,8673
023910,대한약품,20260703,2163,370
371950,풍원정밀,20260703,-5382,-2884
060150,인선이엔티,20260703,-6941,726
474650,링크솔루션,20260703,5952,300
048550,SM C&C,20260703,-151162,4244
086670,비엠티,20260703,3107,56
382800,지앤비에스 에코,20260703,-87724,-804
255220,SG,20260703,231319,678
007330,푸른저축은행,20260703,2573,0
403850,더핑크퐁컴퍼니,20260703,36130,1840
000700,유수홀딩스,20260703,2254,-1860
304100,솔트룩스,20260703,8197,573
046440,KG파이낸셜,20260703,9925,4728
011785,금호석유화학우,20260703,125,-195
086820,바이오솔루션,20260703,7451,-9089
041020,폴라리스오피스,20260703,-116231,1
478340,나라스페이스테크놀로지,20260703,27209,-41520
014710,사조씨푸드,20260703,5390,-5
484810,티엑스알로보틱스,20260703,-10244,364
212560,네오오토,20260703,-11564,-1787
032620,GC메디아이,20260703,37009,4893
000970,한국주철관,20260703,-5010,-20
001045,CJ우,20260703,-1990,-381
451760,컨텍,20260703,73715,-90426
126700,하이비젼시스템,20260703,15454,-2866
222040,코스맥스엔비티,20260703,-89,291
271980,제일약품,20260703,-322,-9
402030,코난테크놀로지,20260703,781,341
090350,노루페인트,20260703,5712,636
071840,롯데하이마트,20260703,4666,-15
334970,프레스티지바이오로직스,20260703,-53543,11653
048870,시너지이노베이션,20260703,-13535,-4679
234690,녹십자웰빙,20260703,-507,-1
462860,더즌,20260703,40229,-92
004970,신라교역,20260703,2614,-580
084680,이월드,20260703,121450,-48366
054800,아이디스홀딩스,20260703,-22,-3
104480,티케이케미칼,20260703,77255,79
039860,나노엔텍,20260703,6242,-4185
264450,유비쿼스,20260703,-11922,18831
119830,아이텍,20260703,34694,7543
388050,지투파워,20260703,10831,17761
418550,제이오,20260703,167,-554
270660,에브리봇,20260703,2708,544
086890,이수앱지스,20260703,-20934,199
460850,동국씨엠,20260703,-486,-2012
058820,CMG제약,20260703,95804,-1110
049960,쎌바이오텍,20260703,-688,0
179290,엠아이텍,20260703,8754,-154
361390,제노코,20260703,-7143,503
000520,삼일제약,20260703,5766,-108
101360,에코앤드림,20260703,21274,337
000020,동화약품,20260703,-7264,-346
147830,제룡산업,20260703,-8885,0
003830,대한화섬,20260703,-2,-2
003480,한진중공업홀딩스,20260703,17686,-45
405100,큐알티,20260703,-1335,-338
004090,한국석유,20260703,14210,-2
102120,어보브반도체,20260703,22851,-1655
088800,에이스테크,20260703,-26439,3
067280,멀티캠퍼스,20260703,75,-8
037350,성도이엔지,20260703,-27274,-2341
078070,유비쿼스홀딩스,20260703,4198,-23
402490,그린리소스,20260703,37392,-14
118990,모트렉스,20260703,34459,0
126640,화신정공,20260703,94283,-1615
094280,효성ITX,20260703,809,-145
023600,삼보판지,20260703,965,-17
092220,KEC,20260703,90423,-99
260970,에스앤디,20260703,-1579,6287
448100,WON 200,20260703,-4,-12
025820,이구산업,20260703,-53014,-20
372170,윤성에프앤씨,20260703,1501,-26
114840,아이패밀리에스씨,20260703,2221,13839
025950,동신건설,20260703,59732,11
146320,비씨엔씨,20260703,-11008,-42
069510,에스텍,20260703,-72,-4
068790,DMS,20260703,-19670,-4633
012610,경인양행,20260703,21976,258
015890,태경산업,20260703,11764,-1357
024060,흥구석유,20260703,27529,-36
038290,마크로젠,20260703,4052,0
357880,SKAI,20260703,-27240,-15
126730,코칩,20260703,9357,182
049720,고려신용정보,20260703,2930,799
445180,퓨릿,20260703,-90,-23
001540,안국약품,20260703,-6321,674
006060,화승인더,20260703,46242,-127577
109740,디에스케이,20260703,2260,0
005990,매일홀딩스,20260703,-33,0
293580,나우IB,20260703,47367,-70
008350,남선알미늄,20260703,311062,-122
106190,하이텍팜,20260703,5117,-16
211270,AP위성,20260703,479,1100
013520,화승코퍼레이션,20260703,-14556,-89
004960,한신공영,20260703,13826,105
469610,이노테크,20260703,3954,-22632
269620,시스웍,20260703,0,0
311320,지오엘리먼트,20260703,-5596,26158
489500,엘케이켐,20260703,3696,0
095190,신화프리텍,20260703,-3110,841
432720,퀄리타스반도체,20260703,3615,0
226590,엠디바이스,20260703,10140,-245
272550,삼양패키징,20260703,247,3902
081000,일진다이아,20260703,3408,-378
474170,루미르,20260703,43549,749
012200,계양전기,20260703,-4295,-90
005160,동국산업,20260703,28815,-1877
004080,신흥,20260703,165,-224
077500,유니퀘스트,20260703,32286,-5762
149950,아바텍,20260703,62700,-38914
065170,비엘팜텍,20260703,-19759,23237
042600,새로닉스,20260703,-2178,78
210540,디와이파워,20260703,4716,-1121
388790,라이콤,20260703,73337,-473
007540,샘표,20260703,65,102
214420,토니모리,20260703,-22734,-355
086980,쇼박스,20260703,1908,2377
293780,압타바이오,20260703,-618,9
136540,윈스테크넷,20260703,8730,3653
140670,알에스오토메이션,20260703,17972,361
037560,LG헬로비전,20260703,-1743,-37
264850,이랜시스,20260703,24463,2
024090,디씨엠,20260703,673,-176
004150,한솔홀딩스,20260703,36270,2858
366030,나인앤컴퍼니,20260703,-15995,0
036690,코맥스,20260703,0,0
199430,케이엔알시스템,20260703,3846,-19
008970,KBI동양철관,20260703,220673,-90
458650,성우,20260703,4185,0
003100,선광,20260703,1914,-632
001360,삼성제약,20260703,88763,-111
232680,라온로보틱스,20260703,16680,1
002460,HS화성,20260703,-11802,279
011280,태림포장,20260703,-17809,70
408920,메쎄이상,20260703,-3132,0
122450,KX,20260703,-2772,-2362
285490,노바텍,20260703,-819,-6
089470,HDC현대EP,20260703,-2791,3419
259630,엠플러스,20260703,4975,-120
452450,피아이이,20260703,-3552,0
091590,남화토건,20260703,-4354,119
418420,라온텍,20260703,-21489,-257
107590,미원홀딩스,20260703,-98,-1
214390,경보제약,20260703,4749,501
240550,동방메디컬,20260703,1923,39956
020120,키다리스튜디오,20260703,-9945,21517
350520,이지스레지던스리츠,20260703,46032,-15091
297890,HB솔루션,20260703,45523,-2123
473980,노머스,20260703,-11173,14851
264660,씨앤지하이테크,20260703,-18122,146
014280,금강공업,20260703,2394,-159
041440,현대에버다임,20260703,6386,-2755
950190,고스트스튜디오,20260703,30494,0
339950,아이비김영,20260703,32238,37
009070,KCTC,20260703,13306,-20
021320,KCC건설,20260703,20740,0
083500,에프엔에스테크,20260703,40165,-3449
256940,킵스파마,20260703,-1475,314
025620,차AI헬스케어,20260703,4449,-231
053080,케이엔솔,20260703,-14193,-283
307750,국전,20260703,2334,3
073010,케이에스피,20260703,-38069,0
282880,코윈테크,20260703,7165,155
011690,와이투솔루션,20260703,66392,28
090850,현대이지웰,20260703,-5751,8261
079430,현대리바트,20260703,-9317,-8
321550,티움바이오,20260703,1052,-3181
267320,나인테크,20260703,50630,0
067990,도이치모터스,20260703,32599,-7438
078000,텔코웨어,20260703,7215,1
108230,톱텍,20260703,-8611,0
220260,켐트로스,20260703,18140,9
163730,핑거,20260703,10518,-1316
001520,동양,20260703,0,0
009270,신원,20260703,113481,-196
038540,상상인,20260703,-3831,20001
380550,뉴로핏,20260703,22430,1902
094840,슈프리마에이치큐,20260703,6713,3096
017510,세명전기,20260703,-18936,7
089600,KT나스미디어,20260703,2579,150
067900,와이엔텍,20260703,10568,2223
310200,애니플러스,20260703,43772,330
002220,한일철강,20260703,-4889,-9
498180,파워 종합채권(AA-이상)액티브,20260703,0,0
001260,남광토건,20260703,6124,-290
142210,유니트론텍,20260703,-25633,0
300080,플리토,20260703,16457,183
018470,조일알미늄,20260703,207897,-121
017550,수산세보틱스,20260703,76238,2159
041590,플래스크,20260703,0,0
013990,아가방컴퍼니,20260703,5506,0
267290,경동도시가스,20260703,7204,213
047310,파워로직스,20260703,-12099,2
289080,SV인베스트먼트,20260703,-25196,0
263860,지니언스,20260703,8992,331
093640,케이알엠,20260703,16761,-165
004250,NPC,20260703,14036,-9574
340450,지씨지놈,20260703,19860,0
488280,에스투더블유,20260703,6480,1812
027710,팜스토리,20260703,8974,-392
034590,인천도시가스,20260703,113,-2
308080,바이젠셀,20260703,24034,-1372
070960,모나용평,20260703,14721,69
105330,케이엔더블유,20260703,8087,2859
095700,제넥신,20260703,13405,-19174
013360,일성건설,20260703,-206420,179
012320,경동인베스트,20260703,968,-299
035000,HS애드,20260703,18210,-5504
008040,사조동아원,20260703,-108,-19796
010100,한국무브넥스,20260703,4942,2344
115310,인포바인,20260703,248,0
015590,DKME,20260703,42768,-343
005800,신영와코루,20260703,920,-1067
051160,지어소프트,20260703,1784,-28
246710,티앤알바이오팹,20260703,-20939,89
066980,한성크린텍,20260703,-162524,-171
032940,원익,20260703,25504,-17
227840,현대코퍼레이션홀딩스,20260703,2092,-168
014580,태경비케이,20260703,13142,-56
331920,셀레믹스,20260703,-4740,0
297090,씨에스베어링,20260703,5133,-32187
338220,뷰노,20260703,2921,312
019180,티에이치엔,20260703,4078,-1823
080420,모다이노칩,20260703,-1621,-1
120030,조선선재,20260703,16,0
148150,세경하이테크,20260703,-8600,3
166480,코아스템켐온,20260703,-2367,0
217270,넵튠,20260703,3673,-85
054050,NH농우바이오,20260703,-1905,-759
011810,STX,20260703,0,0
016710,대성홀딩스,20260703,20534,5
453450,그리드위즈,20260703,14584,1
049520,유아이엘,20260703,8244,9385
018120,진로발효,20260703,259,-5
009780,엠에스씨,20260703,1535,0
013570,디와이,20260703,1441,-6851
486240,DAISHIN343 AI반도체&인프라액티브,20260703,-282,1166
047770,코데즈컴바인,20260703,23565,-66
083420,그린케미칼,20260703,8525,-7483
035080,그래디언트,20260703,4340,726
111710,남화산업,20260703,460,7090
039560,다산네트웍스,20260703,-7599,-539
336680,탑런토탈솔루션,20260703,6164,0
141000,비아트론,20260703,1863,0
014530,극동유화,20260703,6458,-35
289930,웨이비스,20260703,-10974,-920
306620,지아이에스,20260703,-63512,-13674
073560,우리손에프앤지,20260703,2765,0
209640,와이제이링크,20260703,58514,329
006620,동구바이오제약,20260703,7559,-5159
063570,NICE인프라,20260703,3916,-2405
052260,현대바이오랜드,20260703,11278,-2867
290720,푸드나무,20260703,-20263,0
299030,하나기술,20260703,-1760,674
002390,한독,20260703,1178,1
267850,아시아나IDT,20260703,-119,-418
225530,HC보광산업,20260703,76787,-565
475580,에이럭스,20260703,-2659,-25
187790,나노,20260703,80356,-33297
322510,제이엘케이,20260703,-6335,1008
039340,한국경제TV,20260703,29,-639
417010,나노팀,20260703,13123,-384
131030,옵투스제약,20260703,13043,32
035610,솔본,20260703,-2533,0
016740,두올,20260703,11439,1081
321370,센서뷰,20260703,-65726,-520
012800,대창,20260703,72530,-1050
115500,케이씨에스,20260703,15860,-135
071280,로체시스템즈,20260703,-17353,-151
417500,제이아이테크,20260703,-6250,0
123690,한국화장품,20260703,4446,-34
002450,삼익악기,20260703,6460,-13354
264900,크라운제과,20260703,1523,2806
002620,제일파마홀딩스,20260703,2082,-3025
125210,아모그린텍,20260703,-2838,-3573
333430,일승,20260703,12352,0
010960,삼호개발,20260703,-6640,61836
027970,한국제지,20260703,-1945,-6269
013310,아진산업,20260703,51497,-5657
101170,우림피티에스,20260703,13100,-91
021820,세원정공,20260703,1725,172
059210,메타바이오메드,20260703,8119,0
021080,에이티넘인베스트,20260703,-17422,-21334
056090,시지메드텍,20260703,140023,110356
205100,엑셈,20260703,-23793,320
053700,삼보모터스,20260703,3825,7665
235980,메드팩토,20260703,-2308,-3176
123040,엠에스오토텍,20260703,7399,4135
323990,박셀바이오,20260703,-5496,15
149980,하이로닉,20260703,-886,-20
037030,파워넷,20260703,23621,0
228850,레이언스,20260703,1812,-886
489460,바이오비쥬,20260703,38469,-5451
465780,마이티 26-09 특수채(AAA)액티브,20260703,0,0
156100,엘앤케이바이오,20260703,-3789,-122
009580,무림P&P,20260703,13378,-37
248170,샘표식품,20260703,2209,0
309960,LB인베스트먼트,20260703,8831,-33
158430,아톤,20260703,8847,-37
014790,HL D&I,20260703,10789,-12869
041520,이엘씨,20260703,-871,0
205500,넥써쓰,20260703,-103117,-46
119650,KC코트렐,20260703,0,0
474610,RF시스템즈,20260703,8427,200
007610,선도전기,20260703,143618,13
246720,아스타,20260703,0,0
007210,벽산,20260703,48676,-218
104460,디와이피엔에프,20260703,687,-21
054540,삼영엠텍,20260703,18936,2
051980,중앙첨단소재,20260703,-50959,-562
120240,대정화금,20260703,-443,58
040300,YTN,20260703,7716,0
487580,폴레드,20260703,33799,-15989
100700,세운메디칼,20260703,5631,2617
078935,GS우,20260703,1375,109
023450,동남합성,20260703,-505,624
419050,삼기에너지솔루션즈,20260703,669659,-28231
362320,청담글로벌,20260703,-12411,0
066790,씨씨에스,20260703,0,0
052900,KX하이텍,20260703,1990,-38467
198440,강동씨앤엘,20260703,-160660,-147
214680,디알텍,20260703,-58015,0
096250,와이즈넛,20260703,-25641,429
068240,다원시스,20260703,0,0
109610,에스와이,20260703,13309,0
255440,야스,20260703,-8322,-25
352090,스톰테크,20260703,9496,0
136150,원일티엔아이,20260703,-1825,0
950250,테라뷰,20260703,55614,0
263720,디앤씨미디어,20260703,-1917,541
008700,아남전자,20260703,-65030,149902
067830,세이브존I&C,20260703,-3166,-533
182360,큐브엔터,20260703,-1410,452
337930,젝시믹스,20260703,8733,-14953
059120,아진엑스텍,20260703,16628,-198
265740,엔에프씨,20260703,7489,-8623
307930,컴퍼니케이,20260703,2644,0
189330,씨이랩,20260703,-2125,-90
002210,동성제약,20260703,0,0
317770,엑스페릭스,20260703,-4758,0
212710,아이에스티이,20260703,-16203,3859
475430,키스트론,20260703,192626,213
058850,KTcs,20260703,50017,-12
049950,미래컴퍼니,20260703,302,0
001275,부국증권우,20260703,0,0
036010,아비코전자,20260703,17419,6
298540,더네이쳐홀딩스,20260703,3078,-3156
047560,이스트소프트,20260703,13134,5292
053260,금강철강,20260703,-8713,0
044990,에이치엔에스하이텍,20260703,771,-147
096240,크레버스,20260703,2257,2188
074430,아미노로직스,20260703,-5203,-4827
040420,정상제이엘에스,20260703,15675,-1063
452190,한빛레이저,20260703,47945,0
434960,DAISHIN343 K200,20260703,-333,331
042500,링네트,20260703,-10806,186
005860,한일사료,20260703,-43274,-441
058630,엠게임,20260703,16992,25899
086710,선진뷰티사이언스,20260703,-8257,0
396470,워트,20260703,8757,0
221800,지구홀딩스,20260703,17792,0
065450,빅텍,20260703,-11782,4
008830,대동기어,20260703,2486,-16
032560,황금에스티,20260703,3150,4249
322180,LS티라유텍,20260703,8468,-341
226400,오스테오닉,20260703,4765,7789
365330,에스와이스틸텍,20260703,-96152,-514
093920,서원인텍,20260703,3031,4086
008260,NI스틸,20260703,7345,-16
014440,영보화학,20260703,1975,-6
072020,중앙백신,20260703,830,-18
217820,원익피앤이,20260703,3318,10312
100130,동국S&C,20260703,-6969,3228
009190,대양금속,20260703,-302460,-624
002700,신일전자,20260703,-223907,-212
058860,KTis,20260703,25486,-19
002230,피에스텍,20260703,24249,-340
066430,아이로보틱스,20260703,86537,42
357230,에이치피오,20260703,-2079,3487
036580,팜스코,20260703,-10525,-5781
088130,동아엘텍,20260703,52903,-2064
004140,동방,20260703,24919,-282
004100,태양금속,20260703,15071,-12
086960,MDS테크,20260703,47009,0
023000,삼원강재,20260703,2092,-4711
054920,한컴위드,20260703,32020,-3401
023800,인지컨트롤스,20260703,-28323,232
389030,지니너스,20260703,82485,-1886
001290,상상인증권,20260703,96693,-70
032300,한국파마,20260703,13407,-21
078890,가온그룹,20260703,-3363,0
282720,금양그린파워,20260703,7009,288
023900,풍국주정,20260703,3770,223
290740,액트로,20260703,-1177,14
330730,스톤브릿지벤처스,20260703,-5414,2
006660,삼성공조,20260703,14170,-21
033290,로젠,20260703,692,-103
040160,누리플렉스,20260703,-6943,0
099750,이지케어텍,20260703,-1460,1124
396300,세아메카닉스,20260703,27568,-210
130580,나이스디앤비,20260703,2881,-123
102370,케이옥션,20260703,-38311,8096
004650,창해에탄올,20260703,9379,1637
029480,광무,20260703,-12211,-140
066590,스모트로닉,20260703,15667,-162
063170,서울옥션,20260703,12410,-105
092040,아미코젠,20260703,40502,-69356
250060,모비스,20260703,12065,0
172670,에이엘티,20260703,459,-56
444490,WON 미국S&P500,20260703,784,-911
488720,WON 종합채권(AA-이상)액티브,20260703,-91,91
413630,씨피시스템,20260703,86728,67
418470,KT밀리의서재,20260703,-240,-30
036220,오상헬스케어,20260703,3103,0
493330,지에프아이,20260703,-2850,0
004890,동일산업,20260703,99,-9
091440,한울소재과학,20260703,-42256,-2
011370,서한,20260703,-183367,-7
049180,셀루메드,20260703,0,0
005740,크라운해태홀딩스,20260703,10007,-21
047820,초록뱀미디어,20260703,8927,-81
192410,오늘이엔엠,20260703,275,8
078140,대봉엘에스,20260703,1311,-8
183490,엔지켐생명과학,20260703,0,0
002600,조흥,20260703,-3,-1
412350,레이저쎌,20260703,-40932,6448
085670,뉴프렉스,20260703,-23940,-19
067290,JW신약,20260703,222459,239
139990,아주스틸,20260703,10530,1898
950130,엑세스바이오,20260703,8113,0
004840,DRB동일,20260703,2625,-611
052420,오성첨단소재,20260703,-5880,-6
037760,쎄니트,20260703,-16114,0
038110,에코플라스틱,20260703,19648,0
348350,위드텍,20260703,-7051,-25
030960,양지사,20260703,4425,0
043610,KT지니뮤직,20260703,-1818,0
011700,한신기계,20260703,988,-19
063080,컴투스홀딩스,20260703,-3186,-29
223250,드림씨아이에스,20260703,11271,0
173130,오파스넷,20260703,2206,0
000850,화천기공,20260703,5343,-43
302550,리메드,20260703,-3615,20000
000590,CS홀딩스,20260703,16,31
084670,동양고속,20260703,-229,-5
013700,까뮤이앤씨,20260703,31394,827
004590,한국가구,20260703,586,107
026150,특수건설,20260703,21447,-209
042510,라온시큐어,20260703,4249,-20
330350,위더스제약,20260703,12653,4
009300,삼아제약,20260703,1386,2
175250,아이큐어,20260703,0,0
053580,웹케시,20260703,10810,0
215100,로보로보,20260703,27582,-199
007980,TP,20260703,26428,-13
019540,일지테크,20260703,9775,-23
451220,아이엠티,20260703,-3124,-114
412540,제일엠앤에스,20260703,0,0
017370,우신시스템,20260703,4773,40
234030,싸이닉솔루션,20260703,44490,0
069730,DSR제강,20260703,195,-4
003580,HLB글로벌,20260703,10414,-2463
307870,비투엔,20260703,-26360,832
000440,중앙에너비스,20260703,1901,15
019680,대교,20260703,-533,19969
382840,원준,20260703,-2944,2
163560,동일고무벨트,20260703,1949,-7
001470,삼부토건,20260703,0,0
475230,엔알비,20260703,52808,-40128
303810,동국생명과학,20260703,23923,-81
456070,이엔셀,20260703,4274,-24
054670,대한뉴팜,20260703,10588,0
065510,휴비츠,20260703,19426,12728
107600,새빗켐,20260703,3373,-37
109070,주성코퍼레이션,20260703,-14310,0
024880,케이피에프,20260703,-8421,1412
320000,한울반도체,20260703,-4916,0
101330,모베이스,20260703,1521,-59
115440,우리넷,20260703,40421,-571
458030,WON 국공채머니마켓액티브,20260703,0,30
491700,HK 200,20260703,-124,283
381620,제닉스로보틱스,20260703,43255,0
052860,아이앤씨,20260703,-8491,-39
179900,유티아이,20260703,-7450,-240
067370,선바이오,20260703,-1585,0
017650,대림제지,20260703,900,-126
054040,한국컴퓨터,20260703,4545,-48
024830,세원물산,20260703,-246,0
396270,넥스트칩,20260703,14681,0
360070,탑머티리얼,20260703,2449,-2184
451250,삐아,20260703,6581,0
013870,지엠비코리아,20260703,4405,-1815
363280,티와이홀딩스,20260703,-2761,-747
019550,SBI인베스트먼트,20260703,-8782,-3670
263800,데이타솔루션,20260703,4760,-104
067570,엔브이에이치코리아,20260703,977,-567
054620,APS,20260703,12957,0
006840,AK홀딩스,20260703,-1438,483
331740,아우토크립트,20260703,7426,-2806
007590,동방아그로,20260703,112,1164
009180,한솔로지스틱스,20260703,1883,-7
129920,대성하이텍,20260703,-19501,-371
111380,동인기연,20260703,6938,-179
002200,한국수출포장,20260703,8589,-2507
004440,삼일씨엔에스,20260703,14832,-24
131370,알서포트,20260703,34020,-1099
357580,아모센스,20260703,-4956,-23234
012700,리드코프,20260703,9061,-1060
234300,에스트래픽,20260703,6338,0
238090,앤디포스,20260703,-40228,-72
067000,조이시티,20260703,-36556,-8034
083790,CG인바이츠,20260703,38999,0
046940,우원개발,20260703,-136689,-4368
214260,라파스,20260703,-34083,97
228340,동양파일,20260703,-17213,19908
014160,대영포장,20260703,84450,-30102
036640,HRS,20260703,6683,-2860
094860,네오리진,20260703,-27028,0
900260,로스웰,20260703,2281,0
265560,영화테크,20260703,1841,-29
053280,예스24,20260703,-338,-62
061040,알에프텍,20260703,1152,1
170030,현대공업,20260703,5347,-40
006090,사조오양,20260703,-740,-61
048530,인트론바이오,20260703,18129,8
063160,종근당바이오,20260703,746,-18
066700,테라젠이텍스,20260703,3517,1375
208140,정다운,20260703,3753,14539
251120,바이오에프디엔씨,20260703,1584,4
060590,씨티씨바이오,20260703,5883,3563
017480,삼현철강,20260703,-2776,3778
011320,유니크,20260703,-144,0
044340,위닉스,20260703,-25391,57
040910,아이씨디,20260703,-9221,0
171120,라이온켐텍,20260703,31145,-685
001020,페이퍼코리아,20260703,6461,-337
079650,서산,20260703,-82754,724
000230,일동홀딩스,20260703,9373,0
045970,코아시아,20260703,-5519,1938
067170,오텍,20260703,12516,-100
347890,엠엑스온,20260703,-1100,-47
020710,시공테크,20260703,2605,-4090
323350,다원넥스뷰,20260703,-802,-122
005750,대림바스,20260703,2559,2873
162300,신스틸,20260703,5403,0
338100,NH프라임리츠,20260703,19914,26018
124560,태웅로직스,20260703,10002,-107
011150,CJ씨푸드,20260703,-5564,-19
440910,WON 미국우주항공방산,20260703,260,1009
382480,지아이텍,20260703,-7369,0
110790,크리스에프앤씨,20260703,-33,0
155660,DSR,20260703,3902,1842
058400,KNN,20260703,0,0
096775,SK이노베이션우,20260703,109,0
208370,셀바스헬스케어,20260703,9576,0
234920,자이글,20260703,0,0
004720,팜젠사이언스,20260703,6360,-3
228670,레이,20260703,2426,-43
033130,디지틀조선,20260703,8408,-80
007110,일신석재,20260703,125653,-25074
203400,에이비온,20260703,394006,-1200
088390,이녹스,20260703,2190,0
122350,삼기,20260703,-7451,-177
002720,국제약품,20260703,3244,1
090470,제이스로보틱스,20260703,-2597,-42
389140,포바이포,20260703,12957,-3807
217330,싸이토젠,20260703,6492,180
000105,유한양행우,20260703,-153,352
217190,제너셈,20260703,-17544,1965
417970,모델솔루션,20260703,2390,1
443670,에스피소프트,20260703,26005,-11
142280,녹십자엠에스,20260703,17886,22
058730,다스코,20260703,79249,8754
290660,다이나믹솔루션,20260703,-20722,-2145
388870,파로스아이바이오,20260703,14135,-536
332370,아이디피,20260703,-493,0
126880,제이엔케이글로벌,20260703,11115,43
041930,SY동아,20260703,5843,-43
000180,성창기업지주,20260703,5389,1138
288180,케이피항공산업,20260703,3594,134
061250,화일약품,20260703,-255,0
105740,디케이락,20260703,-4017,-31
348150,고바이오랩,20260703,6555,0
039010,현대에이치티,20260703,-5405,0
413390,엠오티,20260703,8984,5000
073640,테라사이언스,20260703,0,0
478560,블랙야크아이앤씨,20260703,32589,-63827
128660,피제이메탈,20260703,6655,-1372
066310,큐에스아이,20260703,14739,-701
062970,한국첨단소재,20260703,125952,-10755
095720,웅진씽크빅,20260703,-15425,-7506
196490,디에이테크놀로지,20260703,0,0
053350,이니텍,20260703,24271,0
032850,비트컴퓨터,20260703,12999,0
261780,아리바이오랩,20260703,39866,1
417790,트루엔,20260703,689,0
100220,비상교육,20260703,-3473,-308
032540,TJ미디어,20260703,-64,58
024740,한일단조,20260703,28197,0
041460,한국전자인증,20260703,-15142,44911
041910,폴라리스AI파마,20260703,-13528,0
080010,이상네트웍스,20260703,53,0
373200,엑스플러스,20260703,-36625,0
010040,한국내화,20260703,20068,-5497
014970,삼륭물산,20260703,6277,0
294630,서남,20260703,-17432,-417
001560,제일연마,20260703,346,-70
048430,유라테크,20260703,9149,99
443250,레뷰코퍼레이션,20260703,2391,2961
009770,삼정펄프,20260703,21,205
464490,쿼드메디슨,20260703,3199,-670
007680,대원,20260703,-4747,1559
091120,이엠텍,20260703,1789,-50
153710,옵티팜,20260703,3761,0
084730,팅크웨어,20260703,2401,-25
070300,엑스큐어,20260703,47183,-118
046210,HLB파나진,20260703,-7321,5415
347000,센코,20260703,-1789,-397
059270,해성에어로보틱스,20260703,24263,-204
131400,이브이첨단소재,20260703,100650,-169
043650,국순당,20260703,-34083,57
432470,케이엔에스,20260703,1745,-25
081150,티플랙스,20260703,10266,0
201490,미투온,20260703,29492,-354
006140,피제이전자,20260703,-5339,5677
277880,티에스아이,20260703,10207,0
002795,아모레퍼시픽홀딩스우,20260703,-346,2
072130,유엔젤,20260703,-11741,-32
457370,한켐,20260703,109214,1715
060570,드림어스컴퍼니,20260703,-3517,7235
109860,동일금속,20260703,15,42
241690,유니테크노,20260703,32869,15258
016090,대현,20260703,30463,-18453
002800,신신제약,20260703,8219,0
120115,코오롱인더우,20260703,1277,5
424960,스마트레이더시스템,20260703,4368,4206
377480,마음AI,20260703,-2156,21
006890,태경케미컬,20260703,4062,-471
039980,폴라리스AI,20260703,27275,0
018500,동원금속,20260703,-23873,576
038460,바이오스마트,20260703,34017,-460
137080,나래나노텍,20260703,3673,-1
011230,삼화전자,20260703,189895,-1960
123420,위메이드플레이,20260703,30970,0
036000,예림당,20260703,18307,0
079810,APS이노베이션,20260703,10240,128
045660,에이텍,20260703,6772,0
010240,흥국,20260703,970,-937
005870,휴니드,20260703,-7100,-7
055490,테이팩스,20260703,658,-81
085310,엔케이,20260703,-1782,-1
003925,남양유업우,20260703,-210,-235
079980,휴비스,20260703,28354,-21382
222110,팬젠,20260703,103,0
094850,참좋은여행,20260703,-148,0
453860,에이에스텍,20260703,-782,0
043710,코스리거글로벌,20260703,-53,12
033560,블루콤,20260703,-6927,4665
068290,삼성출판사,20260703,3432,-3
204840,지엘팜텍,20260703,56429,91
187420,HLB제넥스,20260703,5079,-2813
408470,한패스,20260703,7462,-1918
347860,알체라,20260703,-33998,0
016250,SGC E&C,20260703,-23,-1247
036630,세종텔레콤,20260703,865,0
411080,샌즈랩,20260703,56231,0
012790,신일제약,20260703,4409,2972
253840,수젠텍,20260703,32246,1
038680,에스넷,20260703,1725,-64
100590,머큐리,20260703,20396,-658
001840,이화공영,20260703,0,0
302430,이노메트리,20260703,3227,0
031820,아이티센씨티에스,20260703,-1165,-230
216050,인크로스,20260703,5442,4055
439580,블루엠텍,20260703,15409,-650
294090,이오플로우,20260703,0,0
010660,화천기계,20260703,24913,-7
060310,3S,20260703,-2688,-393
014470,부방,20260703,34005,0
072950,빛샘전자,20260703,-2183,-1212
460940,피앤에스로보틱스,20260703,29523,-42
140070,서플러스글로벌,20260703,-4869,-238
039020,이건홀딩스,20260703,2398,5375
089850,유비벨록스,20260703,-5846,0
071090,하이스틸,20260703,13020,-3
004780,대륙제관,20260703,6592,14278
096350,대창솔루션,20260703,10494,-32
396690,미래에셋글로벌리츠,20260703,4162,-8668
082210,옵트론텍,20260703,-26417,-24
370090,퓨런티어,20260703,3451,-23
286750,나노실리칸첨단소재,20260703,-11775,-105
010280,아이티센엔텍,20260703,-1142,5000
003780,진양산업,20260703,4111,-13
101140,인바이오젠,20260703,4641,1
117670,알파칩스,20260703,-9342,3
076610,해성옵틱스,20260703,28996,0
005670,푸드웰,20260703,-1805,0
039420,케이엘넷,20260703,11296,-2844
049550,잉크테크,20260703,2886,0
168330,내츄럴엔도텍,20260703,-440,1725
111110,호전실업,20260703,3207,-37
036090,위지트,20260703,-19945,0
448710,코츠테크놀로지,20260703,4941,-7420
476040,오가노이드사이언스,20260703,6991,-21
214270,FSN,20260703,2189,895
000220,유유제약,20260703,14786,-9
048910,대원미디어,20260703,2585,-45
463020,뉴엔AI,20260703,-563,694
001210,금호전기,20260703,-286876,5687
185490,아이진,20260703,19577,-12629
088910,동우팜투테이블,20260703,-24179,26597
014910,성문전자,20260703,314741,17142
273640,와이엠텍,20260703,1176,-35
082850,우리바이오,20260703,19606,-424
129260,인터지스,20260703,-4081,-16
333620,엔시스,20260703,-1230,-1
007820,엠엑스로보틱스,20260703,-12480,0
036670,삼양케이씨아이,20260703,1913,0
009200,무림페이퍼,20260703,3243,-22
004770,써니전자,20260703,-40048,-8
007460,에이프로젠,20260703,3394,-18
225190,LK삼양,20260703,30027,-203
049480,오픈베이스,20260703,5548,0
137950,제이씨케미칼,20260703,26444,7
024900,디와이덕양,20260703,6407,-10000
246960,SCL사이언스,20260703,2523,4893
039610,화성밸브,20260703,16703,0
205470,휴마시스,20260703,12737,0
442260,마이티 다이나믹퀀트액티브,20260703,-112,384
007280,한국특강,20260703,7057,125
446840,지슨,20260703,0,0
008370,원풍,20260703,49,39
104620,노랑풍선,20260703,3986,0
099520,DGI,20260703,0,0
215360,우리산업,20260703,-1007,0
140950,파워 코스피100,20260703,0,327
175140,휴먼테크놀로지,20260703,-33734,0
042110,에스씨디,20260703,-69394,0
459100,위츠,20260703,-2320,-46
311690,CJ 바이오사이언스,20260703,-125,0
950200,소마젠,20260703,-6786,327
089230,THE E&M,20260703,12510,738
010470,오리콤,20260703,4313,-1313
003310,대주산업,20260703,13742,0
010770,평화홀딩스,20260703,-1537,0
025550,한국선재,20260703,10056,0
003010,혜인,20260703,28919,-3015
318160,셀바이오휴먼텍,20260703,-5370,9947
040610,SG&G,20260703,1710,-748
263690,디알젬,20260703,1216,2252
004450,삼화왕관,20260703,-5,-189
191420,테고사이언스,20260703,-223,0
053620,태양,20260703,194,0
251630,브이원텍,20260703,-17841,-31
136410,아셈스,20260703,1441,0
299170,더블유에스아이,20260703,60893,-507
075180,새론오토모티브,20260703,248,-1400
378850,화승알앤에이,20260703,8384,-6
007815,코리아써우,20260703,9,0
092440,기신정기,20260703,4587,-7570
045340,토탈소프트,20260703,-3212,0
155650,와이엠씨,20260703,7299,143
179530,애드바이오텍,20260703,-12257,15
001550,조비,20260703,4572,-1
054300,팬스타엔터프라이즈,20260703,-24116,-204
340930,성원에너텍,20260703,0,0
053050,지에스이,20260703,21160,0
027050,코리아나,20260703,15101,0
003475,유안타증권우,20260703,69,-637
039240,경남스틸,20260703,168952,0
006880,신송홀딩스,20260703,-1064,-2004
303360,프로티아,20260703,1843,0
317830,에스피시스템스,20260703,13919,-33
101670,하이드로리튬,20260703,74065,0
067920,이글루,20260703,4343,3222
033310,엠투엔,20260703,6605,3383
463480,모티브링크,20260703,-24494,0
263600,덕우전자,20260703,-8479,0
007370,진양제약,20260703,-1998,0
217480,에스디생명공학,20260703,0,0
053160,프리엠스,20260703,-874,0
002760,보락,20260703,-16253,-12016
000725,현대건설우,20260703,157,0
037440,희림,20260703,13350,-47
033320,제이씨현시스템,20260703,22534,2
002630,오리엔트바이오,20260703,-36350,7
291650,압타머사이언스,20260703,-43987,0
100030,인지소프트,20260703,-190,0
024910,경창산업,20260703,-3762,0
036120,서울평가정보,20260703,15442,-59
003465,유화증권우,20260703,0,0
064240,홈캐스트,20260703,8257,-269
050960,수산아이앤티,20260703,-481,25
097800,윈팩,20260703,-8007,-94
060560,HC홈센타,20260703,-31086,0
123010,알엔티엑스,20260703,-129118,88
012690,모나리자,20260703,17999,-141
081180,쎄크,20260703,8756,-34
145170,노브랜드,20260703,11087,0
099220,SDN,20260703,1408,-45
384470,코어라인소프트,20260703,-7763,0
071670,에이테크솔루션,20260703,3991,36
092300,현우산업,20260703,-13136,-75
064800,포니링크,20260703,-8936,-99
104540,코렌텍,20260703,688,0
033340,좋은사람들,20260703,720626,-348
214330,금호에이치티,20260703,0,0
004540,깨끗한나라,20260703,5363,-153
038010,제일테크노스,20260703,1292,8199
005305,롯데칠성우,20260703,157,-59
002410,범양건영,20260703,0,0
452400,이닉스,20260703,5735,-3609
347740,피엔케이피부임상연구센타,20260703,-37460,-116
004830,덕성,20260703,30164,-65
270520,앱튼,20260703,14698,-9500
065530,와이어블,20260703,10447,0
037950,엘컴텍,20260703,3221,0
027830,대성창투,20260703,32358,0
317850,대모,20260703,1708,0
260930,씨티케이,20260703,1126,1
054930,유신,20260703,3699,-449
192250,케이사인,20260703,-4741,0
004060,SG세계물산,20260703,-1929,14201
163280,에어레인,20260703,11411,-111
033230,인성정보,20260703,66322,-676
025530,SJM홀딩스,20260703,-746,-407
095270,웨이브일렉트로,20260703,-9564,-496
042940,상지건설,20260703,55199,0
331380,포커스에이아이,20260703,-17224,100
026940,부국철강,20260703,75825,-5
063440,SM Life Design,20260703,-12081,-1977
056360,코위버,20260703,10392,0
134580,탑코미디어,20260703,-4950,327
006980,우성,20260703,1324,-241
057540,옴니시스템,20260703,-34623,0
278650,HLB바이오스텝,20260703,1075,0
096610,알에프세미,20260703,0,0
123700,SJM,20260703,6788,152
435570,에르코스,20260703,-2785,0
019990,에너토크,20260703,-8918,3
001620,케이비아이동국실업,20260703,-1338,-1893
391710,코닉오토메이션,20260703,16068,-4
020760,일진디스플,20260703,0,0
000890,보해양조,20260703,-12590,-2
053450,세코닉스,20260703,16037,0
048770,TPC로보틱스,20260703,-2922,-16897
241790,티이엠씨씨엔에스,20260703,16145,-228
471820,셀로맥스사이언스,20260703,1475,0
321260,프로이천,20260703,36517,-267
001465,BYC우,20260703,14,-4
053270,구영테크,20260703,8692,6639
393970,대진첨단소재,20260703,0,0
461030,아이엠비디엑스,20260703,1297,-2650
052790,액토즈소프트,20260703,8161,-23
294140,레몬,20260703,-1536,0
170790,파이오링크,20260703,-585,0
256630,포인트엔지니어링,20260703,-86,0
314140,알피바이오,20260703,-1153,0
023810,인팩,20260703,12595,-916
122310,제노레이,20260703,4282,0
021050,서원,20260703,20211,-202
015710,코콤,20260703,-2804,4
004920,씨아이테크,20260703,-1335,11
262260,에이프로,20260703,-4485,30
033540,파라텍,20260703,3872,0
053980,오상자이엘,20260703,214,-79
084650,랩지노믹스,20260703,51635,0
472840,IBK 200,20260703,271,-247
011000,진원생명과학,20260703,0,0
442090,에셋플러스 코리아대장장이액티브,20260703,251,-157
014950,삼익제약,20260703,45292,-1934
317690,퀀타매트릭스,20260703,-4621,0
109080,옵티시스,20260703,2793,0
420570,제이투케이바이오,20260703,1315,142
000950,전방,20260703,1494,13
065130,탑엔지니어링,20260703,-16056,0
372910,한컴라이프케어,20260703,-4875,-1
082660,코스나인,20260703,0,0
352910,오비고,20260703,-3421,7999
088280,쏘닉스,20260703,53370,428
023350,한국종합기술,20260703,8394,176
011390,부산산업,20260703,-1255,4
418250,시큐레터,20260703,0,0
357250,미래에셋맵스리츠,20260703,4491,-3222
199550,레이저옵텍,20260703,-749,-60
479960,위너스일렉,20260703,630,-21
198080,캐프,20260703,24671,-6608
051390,YW,20260703,-223,3200
009835,한화솔루션우,20260703,710,0
006125,SK디스커버리우,20260703,765,0
452200,민테크,20260703,20958,-387
376290,씨유테크,20260703,1674,0
072990,에이치시티,20260703,1609,-62
066670,디티씨,20260703,-540,0
178780,일월지엠엘,20260703,-4150,0
238120,얼라인드,20260703,1109,0
023440,제이스코홀딩스,20260703,0,0
407830,에셋플러스 글로벌플랫폼액티브,20260703,0,-78
041650,상신브레이크,20260703,1392,-1118
440290,HB인베스트먼트,20260703,9957,1356
090080,평화산업,20260703,-12241,0
004910,조광페인트,20260703,1778,-3145
950220,네오이뮨텍,20260703,1848,-382
189980,흥국에프엔비,20260703,-3186,-176
094940,푸른로보틱스,20260703,4785,1
099410,동방선기,20260703,-16301,0
069460,대호에이엘,20260703,0,0
052460,아이크래프트,20260703,8939,0
317530,에피소드컴퍼니,20260703,-297,0
480370,씨케이솔루션,20260703,-793,137
419080,엔젯,20260703,-10160,-45
189690,포시에스,20260703,146,0
222420,쎄노텍,20260703,34983,-1837
460870,에스엠씨지,20260703,15724,-22710
006490,프리티,20260703,0,0
315640,딥노이드,20260703,48026,-3573
217500,러셀,20260703,37618,0
072470,우리산업홀딩스,20260703,-2924,0
073110,엘엠에스,20260703,-499,-8
089790,제이티,20260703,-16584,-1503
092780,DYP,20260703,2980,-8003
276730,한울앤제주,20260703,-2131,0
009320,아진전자부품,20260703,36298,-9512
008420,문배철강,20260703,22316,-6
460470,아이빔테크놀로지,20260703,-456,0
005030,부산주공,20260703,0,0
094970,제이엠티,20260703,-17852,-5388
143540,영우디에스피,20260703,-5284,-191
052220,iMBC,20260703,-1717,0
104040,디에스엠,20260703,-7094,-121
074610,이엔플러스,20260703,0,0
007530,와이엠,20260703,1750,-64
003080,SB성보,20260703,458,1803
002920,유성기업,20260703,-1656,-426
382150,온코크로스,20260703,7065,0
147760,피엠티,20260703,-3427,-1150
068330,일신바이오,20260703,19506,0
263700,케어랩스,20260703,-5809,75
373160,데이원컴퍼니,20260703,556,1524
014190,원익큐브,20260703,469,-158
288330,파라택시스코리아,20260703,0,0
196450,코아시아씨엠,20260703,8267,0
056700,신화인터텍,20260703,-2786,0
037330,인지디스플레,20260703,-9417,0
159580,제로투세븐,20260703,2942,-93
012280,영화금속,20260703,-1451,36337
207760,미스터블루,20260703,6901,2
413640,비아이매트릭스,20260703,-1137,0
066130,하츠,20260703,-779,493
177900,쓰리에이로직스,20260703,10847,0
190650,코리아에셋투자증권,20260703,-1229,-12
006370,대구백화점,20260703,-12316,44
000910,유니온,20260703,11073,-2
002140,고려산업,20260703,-23406,-12
002290,삼일기업공사,20260703,5490,799
002880,디와이에이,20260703,15024,482
017180,명문제약,20260703,3932,-166
196300,HLB펩,20260703,1212,-44
270870,뉴트리,20260703,2516,9704
049080,기가레인,20260703,53170,-65
215380,우정바이오,20260703,-5860,0
104200,NHN벅스,20260703,-13798,0
273060,와이즈버즈,20260703,-1649,0
206400,베노티앤알,20260703,12656,0
011420,갤럭시아에스엠,20260703,27993,-7
047400,유니온머티리얼,20260703,5609,-8
043340,에쎈테크,20260703,-43762,-1
263020,디케이앤디,20260703,-17266,394
900250,크리스탈신소재,20260703,-15400,-383
360350,코셈,20260703,-2189,0
060850,영림원소프트랩,20260703,57,0
299660,셀리드,20260703,40648,75
037230,한국팩키지,20260703,24021,-2320
450330,하스,20260703,-467,0
261200,덴티스,20260703,-3154,-21
277070,린드먼아시아,20260703,-366,0
025880,케이씨피드,20260703,12353,350
066900,디에이피,20260703,647,0
290670,대보마그네틱,20260703,2809,-23
129890,앱코,20260703,22481,0
466410,사이냅소프트,20260703,-1439,0
140520,대창스틸,20260703,-782,-5157
261520,이지스,20260703,-4123,-45
189860,서전기전,20260703,48738,1354
219420,링크제니시스,20260703,3249,0
038070,서린바이오,20260703,2904,0
258610,케일럼,20260703,11341,-625
065440,이루온,20260703,85362,0
305090,마이크로디지탈,20260703,4132,-3619
019490,엑시큐어하이트론,20260703,0,0
100660,서암기계공업,20260703,-6065,371
227950,엔투텍,20260703,-3413,0
224110,에이텍모빌리티,20260703,-1945,0
481850,신한글로벌액티브리츠,20260703,-433,3765
424980,마이크로투나노,20260703,6435,-9176
307280,원바이오젠,20260703,-4158,-1978
340360,다보링크,20260703,287279,-2
033170,시그네틱스,20260703,-3999,424
237820,플레이디,20260703,-715,0
024950,삼천리자전거,20260703,-1921,0
017040,광명전기,20260703,0,0
127710,아시아경제,20260703,-10296,0
153460,네이블,20260703,1894,-20
171010,램테크놀러지,20260703,1243,-177
050860,아세아텍,20260703,16843,-111
049830,승일,20260703,-12,0
369370,블리츠웨이엔터테인먼트,20260703,1945,-165
229000,젠큐릭스,20260703,6594,490
123570,이엠넷,20260703,-431,3200
221980,케이디켐,20260703,98,0
064090,인크레더블버즈,20260703,0,0
084870,TBH글로벌,20260703,1900,9890
023960,에쓰씨엔지니어링,20260703,-400,-189
219550,디와이디,20260703,9763,0
090410,덕신이피씨,20260703,-40393,-183
065500,오리엔트정공,20260703,4119,0
122690,서진오토모티브,20260703,-6319,1143
226330,신테카바이오,20260703,28978,-129
239890,피엔에이치테크,20260703,-4299,-55
263920,휴엠앤씨,20260703,1331,11384
097870,효성오앤비,20260703,2543,-44
050120,ES큐브,20260703,-491,0
044960,이글벳,20260703,7599,-1293
133820,화인베스틸,20260703,-4275,-197
134790,시디즈,20260703,193,0
297570,아틀라스링크,20260703,-8759,-504
127980,화인써키트,20260703,-1812,-61
051490,나라엠앤디,20260703,-671,5
008870,금비,20260703,191,-289
006920,모헨즈,20260703,22203,332
299900,위지윅스튜디오,20260703,-28507,504
355690,에이텀,20260703,-29949,239
290120,DH오토리드,20260703,-3106,0
203450,유니온바이오메트릭스,20260703,-3744,-1465
032960,동일기연,20260703,0,0
419120,산돌,20260703,-7978,-10
086060,진바이오텍,20260703,-2892,0
263810,상신전자,20260703,9606,-16
026910,광진실업,20260703,36913,-2245
246690,TS인베스트먼트,20260703,-3037,83
263770,유에스티,20260703,-72,0
250000,보라티알,20260703,981,0
260660,알리코제약,20260703,12642,0
321820,아티스트컴퍼니,20260703,15089,-62
376930,노을,20260703,-12880,0
361570,알비더블유,20260703,23890,-1388
019770,서연탑메탈,20260703,277,0
256150,한독크린텍,20260703,352,948
038060,루멘스,20260703,41721,-251
044480,빌리언스,20260703,-12578,0
114450,그린생명과학,20260703,14757,0
014570,고려제약,20260703,80,3450
234100,폴라리스세원,20260703,-4291,76
408900,스튜디오미르,20260703,15885,-63
007120,미래아이앤지,20260703,227,-4
011300,우성머티리얼스,20260703,1905,92
221840,하이즈항공,20260703,-1978,0
458350,에스팀,20260703,810,13258
145270,케이탑리츠,20260703,2540,-8976
150900,파수AI,20260703,-11085,18641
081580,성우전자,20260703,4387,170
105760,포스뱅크,20260703,-480,-56
009140,경인전자,20260703,780,0
004410,서울식품,20260703,7602,-6
204020,그리티,20260703,1600,109
000215,DL우,20260703,87,11
045060,오공,20260703,916,-800
317870,엔바이오니아,20260703,758,47
218150,미래생명자원,20260703,9694,5
016600,큐캐피탈,20260703,13923,-11559
465480,인스피언,20260703,2042,0
284620,카이노스메드,20260703,0,0
049800,우진플라임,20260703,6200,-114
043910,자연과환경,20260703,1841,-24
024120,KB오토시스,20260703,5937,-335
186230,그린플러스,20260703,720,14978
083550,케이엠,20260703,-2115,-74
051630,진양화학,20260703,25541,323
393210,토마토시스템,20260703,3569,84
432430,와이랩,20260703,-3177,-120
068940,셀피글로벌,20260703,0,0
348080,큐라티스,20260703,0,0
020180,대신정보통신,20260703,-23438,6790
288620,에스프리즘,20260703,-2122,3
128540,에코캡,20260703,4696,197
093240,형지엘리트,20260703,-23669,-207
263050,유틸렉스,20260703,0,0
057030,YBM넷,20260703,178,0
426150,WON 대한민국국고채액티브,20260703,14,181
089140,넥스턴앤롤코리아,20260703,-3427,0
148930,에이치와이티씨,20260703,-7978,29023
086040,바이오톡스텍,20260703,-670,605
071850,캐스텍코리아,20260703,891,0
446070,유니드비티플러스,20260703,-10447,20002
052600,한네트,20260703,4500,1
288980,모아데이타,20260703,-77642,-198
064520,테크엘,20260703,5516,0
049470,비트플래닛,20260703,-1693,-84
220180,핸디소프트,20260703,-440,0
352700,씨앤투스,20260703,-1858,346
064480,브리지텍,20260703,343,-70
101240,씨큐브,20260703,1152,0
004365,세방우,20260703,-597,106
006570,대림통상,20260703,969,158
103840,우양,20260703,-3322,108
290090,트윔,20260703,2146,0
475460,미트박스,20260703,-5414,0
452160,제이엔비,20260703,5493,-42
046310,백금T&A,20260703,10805,-1641
013000,세우글로벌,20260703,-2926,444
364950,에이아이코리아,20260703,-16720,0
464280,티디에스팜,20260703,1560,0
006345,대원전선우,20260703,-37093,74
021650,한국큐빅,20260703,-90,0
215790,이노인스트루먼트,20260703,4596,-24056
271830,팸텍,20260703,21237,931
023150,MH에탄올,20260703,1253,166
184230,SGA솔루션즈,20260703,1058,0
079000,와토스코리아,20260703,-3966,3462
069410,엔텔스,20260703,1798,-1
000760,이화산업,20260703,162,-2
002870,신풍,20260703,-4268,-155
027740,마니커,20260703,69196,-105
192720,파워 고배당저변동성,20260703,-168,56
351330,이삭엔지니어링,20260703,-41,0
133750,메가엠디,20260703,1551,15510
311390,네오크레마,20260703,7088,0
089150,케이씨티,20260703,-690,0
160550,NEW,20260703,-8250,0
173940,에프엔씨엔터,20260703,-716,-5573
066360,체리부로,20260703,13582,9
068050,팬엔터테인먼트,20260703,1792,9898
105550,엣지파운드리,20260703,-27104,-475
200780,비씨월드제약,20260703,4651,1359
335810,프리시젼바이오,20260703,-3485,0
318410,비비씨,20260703,605,-211
046390,삼화네트웍스,20260703,-2362,41046
059100,아이컴포넌트,20260703,-591,-726
035460,기산텔레콤,20260703,39969,-214
148250,알엔투테크놀로지,20260703,498,-288
452300,캡스톤파트너스,20260703,9978,0
444530,심플랫폼,20260703,183,-31
340810,시선AI,20260703,-17472,80
011330,유니켐,20260703,-4196,8069
039290,인포뱅크,20260703,2967,10058
215090,솔디펜스,20260703,3674,4722
080520,오디텍,20260703,-2710,0
106240,파인테크닉스,20260703,-13800,-56
005820,원림,20260703,-56,0
009460,한창제지,20260703,9889,512
087600,픽셀플러스,20260703,-761,0
025440,DH오토웨어,20260703,-12261,-1
143210,핸즈코퍼레이션,20260703,0,0
017000,신원종합개발,20260703,-127285,-42487
057680,티사이언티픽,20260703,6832,0
208860,다산디엠씨,20260703,-1119,-121
417860,오브젠,20260703,-1653,1
075130,플랜티넷,20260703,-1861,0
332290,누보,20260703,2351,-247
002690,동일제강,20260703,-5205,67
072770,멤레이비티,20260703,-24207,0
010400,우진아이엔에스,20260703,187,5528
075970,동국알앤에스,20260703,865,0
257370,피엔티엠에스,20260703,-2198,-88
476080,M83,20260703,4199,0
434480,모니터랩,20260703,7049,0
114630,폴라리스우노,20260703,-10601,-1009
258830,세종메디칼,20260703,0,0
008250,이건산업,20260703,-1044,-2
123750,알톤,20260703,-12141,-200
095910,에스에너지,20260703,158156,-8874
025750,한솔홈데코,20260703,-575,-2
002420,세기상사,20260703,13,2
262840,아이퀘스트,20260703,2268,0
159910,에코글로우,20260703,-561,66
033830,티비씨,20260703,0,895
026040,제이에스티나,20260703,653,-62
036420,콘텐트리중앙,20260703,49891,-305691
119500,포메탈,20260703,1768,-78
277410,인산가,20260703,0,0
351320,넥사다이내믹스,20260703,-8670,199
090370,메타랩스,20260703,72,4039
289220,자이언트스텝,20260703,-3894,-735
489290,WON 미국빌리어네어,20260703,0,323
010640,진양폴리,20260703,-6138,-119
022220,티케이지애강,20260703,5963,0
407400,꿈비,20260703,9038,-94
088340,유라클,20260703,-2447,5147
246250,에스엘에스바이오,20260703,0,0
065950,웰크론,20260703,-1177,0
001070,대한방직,20260703,-870,-513
012620,원일특강,20260703,112,0
007720,소노스퀘어,20260703,0,0
198940,한주라이트메탈,20260703,-22396,-119
003060,에이프로젠바이오로직스,20260703,9063,-733
187270,신화콘텍,20260703,-2957,0
058110,멕아이씨에스,20260703,16950,-356
206560,덱스터,20260703,7094,0
088790,진도,20260703,-2546,-5
003535,한화투자증권우,20260703,987,0
001380,SG글로벌,20260703,8,-319
199480,뱅크웨어글로벌,20260703,3239,-1000
038950,파인디지털,20260703,-194,12
363250,진시스템,20260703,3257,-60
035200,프럼파스트,20260703,7209,0
365590,하이딥,20260703,2542,-2706
459550,알트,20260703,23596,-6576
118000,메타케어,20260703,-6624,0
159800,마이티 코스피100,20260703,89,291
462980,아이지넷,20260703,15274,0
096630,에스코넥,20260703,10827,10
021880,메이슨캐피탈,20260703,0,0
308170,씨티알모빌리티,20260703,634,1251
003680,한성기업,20260703,867,-2
031510,오스템,20260703,1406,30000
239610,에이치엘사이언스,20260703,-60,0
187220,디티앤씨,20260703,341,0
232830,아이티센피엔에스,20260703,-1760,-118
097780,에코볼트,20260703,-2154,0
024070,WISCOM,20260703,6689,2215
475660,에스켐,20260703,-472,0
388610,지에프씨생명과학,20260703,-425,0
109820,진매트릭스,20260703,4645,0
019570,플루토스,20260703,0,0
009810,플레이그램,20260703,-294,0
013720,청보,20260703,52786,-262
043220,티에스넥스젠,20260703,0,0
336060,웨이버스,20260703,-74928,-9750
131090,시큐브,20260703,17693,1936
005320,온타이드,20260703,25160,0
004870,티웨이홀딩스,20260703,0,0
197140,디지캡,20260703,-3877,15000
177830,파버나인,20260703,-10,0
219750,한국비티비,20260703,-163,-99
054780,키이스트,20260703,3999,3
032790,엠젠솔루션,20260703,-8660,-605
031310,아이즈비전,20260703,951,-208
224060,더코디,20260703,-1418,0
014990,인디에프,20260703,7957,-126
056730,CNT85,20260703,-68,-103
462310,뉴키즈온,20260703,-11509,0
900070,글로벌에스엠,20260703,144183,-1
238490,힘스,20260703,-799,0
060540,에스에이티,20260703,3946,0
355390,크라우드웍스,20260703,-9961,0
038620,위즈코프,20260703,-3765,0
457600,벡트,20260703,13433,-267
169330,엠브레인,20260703,-145,6
013810,스페코,20260703,-8888,-46
027040,서울전자통신,20260703,-6958,0
318010,팜스빌,20260703,-44,0
130500,GH신소재,20260703,1198,0
318000,KBG,20260703,8730,0
002820,SUN&L,20260703,-2349,-663
188260,세니젠,20260703,-900,-99
045300,성우테크론,20260703,4232,-77
290560,파라택시스이더리움,20260703,36918,249
356890,싸이버원,20260703,12013,-549
267790,배럴,20260703,314,0
019660,글로본,20260703,-1096,0
373170,엠아이큐브솔루션,20260703,-2321,-968
002025,코오롱우,20260703,-81,0
099390,브레인즈컴퍼니,20260703,3431,-593
131220,대한과학,20260703,5053,6
363260,모비데이즈,20260703,5459,-16
450520,인스웨이브,20260703,2500,-27
464500,아이언디바이스,20260703,1145,-105
014130,한익스프레스,20260703,-2227,-948
073540,에프알텍,20260703,-4003,0
066910,손오공,20260703,-2839,-10
051380,피씨디렉트,20260703,-5431,31
376180,피코그램,20260703,3616,0
047080,한빛소프트,20260703,33199,0
483570,KCGI 미국S&P500 TOP10,20260703,28,1125
005110,한창,20260703,0,0
018680,서울제약,20260703,724,0
030720,동원수산,20260703,2010,749
008470,부스타,20260703,-57,3264
464580,닷밀,20260703,-1863,0
225220,제놀루션,20260703,3436,-237
195500,마니커에프앤지,20260703,15176,0
001000,신라섬유,20260703,-35730,0
037370,EG,20260703,9012,-40
296640,이노에이엑스,20260703,4871,32
310870,디와이씨,20260703,-554,50716
237750,피앤씨테크,20260703,1002,-49
900310,컬러레이,20260703,10787,0
109960,앱토크롬,20260703,-4021,-116
208710,포톤,20260703,-5269,-227
053950,경남제약,20260703,30504,-197
032860,더라미,20260703,6524,0
050760,에스폴리텍,20260703,-19123,-16267
002355,넥센타이어1우B,20260703,-74,-1909
397810,애드포러스,20260703,-63,0
032750,삼진,20260703,2224,2755
001810,무림SP,20260703,-12388,0
430690,한싹,20260703,14778,0
043200,파루,20260703,67372,0
403490,우듬지팜,20260703,-342,0
433220,에셋플러스 글로벌대장장이액티브,20260703,0,-447
024890,대원화성,20260703,1741,-566
004270,남성,20260703,-1208,1
016920,카스,20260703,-28882,0
080530,코디,20260703,781,0
290270,휴네시온,20260703,4123,0
053060,세동,20260703,-4693,-700
032800,판타지오,20260703,-12867,0
131100,티엔엔터테인먼트,20260703,-1513,3373
068100,케이웨더,20260703,1047,0
333050,이노테나,20260703,1785,0
091340,S&K폴리텍,20260703,19280,641
348030,모비릭스,20260703,-8081,15000
387570,파인메딕스,20260703,2275,0
048470,대동스틸,20260703,2785,0
254120,자비스,20260703,-39662,0
012160,영흥,20260703,-14949,-500
025890,한국주강,20260703,3156,-3
115160,휴맥스,20260703,1181,472
016670,디모아,20260703,-120,0
298060,풍전약품,20260703,2582,0
069140,누리플랜,20260703,-1695,126
003495,대한항공우,20260703,-620,0
005360,모나미,20260703,49704,-2
398120,에스지헬스케어,20260703,-749,-7
378800,샤페론,20260703,40433,-373
469750,아이비젼웍스,20260703,7891,0
340440,세림B&G,20260703,50676,0
033200,모아텍,20260703,-1390,33
019175,신풍제약우,20260703,0,0
432980,엠에프씨,20260703,-6607,0
318020,포인트모바일,20260703,-1941,0
367000,플래티어,20260703,-6672,-70
429270,시지트로닉스,20260703,-5425,-2806
093380,풍강,20260703,3100,3264
300120,라온피플,20260703,-1836,-394
054090,삼진엘앤디,20260703,-30482,49797
079170,한창산업,20260703,743,-34
462510,라메디텍,20260703,-1157,0
208350,지란지교시큐리티,20260703,-1676,3000
050110,캠시스,20260703,-129211,-239
342870,오아,20260703,-116,-50
109670,씨싸이트,20260703,-3911,0
121890,에스디시스템,20260703,-3436,0
058450,한주에이알티,20260703,1118,-71
383930,디티앤씨알오,20260703,5187,-398
060380,동양에스텍,20260703,-668,0
222980,한국맥널티,20260703,990,1
044780,에이치케이,20260703,-851,0
007770,한일화학,20260703,-26,0
039740,한국정보공학,20260703,1367,0
290520,신도기연,20260703,-4506,132
241840,에이스토리,20260703,-2551,0
131180,딜리,20260703,-225,-36
153490,우리이앤엘하루틴,20260703,-15360,-210
052300,오션인더블유,20260703,24921,10987
009310,참엔지니어링,20260703,0,0
063760,이엘피,20260703,-12708,0
067010,이씨에스,20260703,-3431,0
033050,제이엠아이,20260703,2019,0
045510,정원엔시스,20260703,6237,-211
008775,호텔신라우,20260703,37,6
000040,KR모터스,20260703,0,0
065150,대산F&B,20260703,0,0
347770,핌스,20260703,-17570,199
134060,이퓨쳐,20260703,52,10000
406820,뷰티스킨,20260703,15141,-118
274400,이노시뮬레이션,20260703,82,79
188040,바이오포트,20260703,4532,0
252500,세화피앤씨,20260703,1729,0
115480,씨유메디칼,20260703,-1162,0
070590,인티큐브,20260703,-7794,62
091970,LSK아이로봇,20260703,-12804,0
195990,루트K,20260703,6508,-273
391670,HK 베스트일레븐액티브,20260703,-1,-219
038870,에코심플렉스,20260703,2662,12
376980,원티드랩,20260703,2343,1
130740,티피씨글로벌,20260703,1401,9200
033250,체시스,20260703,8625,-1
210120,캔버스엔,20260703,0,0
317240,TS트릴리온,20260703,53800,124
036480,대성미생물,20260703,4738,0
071950,코아스,20260703,3097,-105
405920,나라셀라,20260703,-1032,0
304840,피플바이오,20260703,14303,-255
415380,스튜디오삼익,20260703,13130,-71
065370,위세아이텍,20260703,2225,1
080470,성창오토텍,20260703,-6115,-28
353190,휴럼,20260703,-805,-400
440320,오픈놀,20260703,5665,0
352940,인바이오,20260703,51,0
138070,신진에스엠,20260703,-2159,0
076080,웰크론한텍,20260703,-14109,0
146060,율촌,20260703,2470,-82
006200,한국전자홀딩스,20260703,-5159,1
032080,아즈텍WB,20260703,562,-201
001420,태원물산,20260703,4989,-946
006740,블루산업개발,20260703,-2623,15
078590,휴림에이텍,20260703,-11980,0
080720,한국유니온제약,20260703,0,0
351870,차이커뮤니케이션,20260703,-15,108
049120,파인디앤씨,20260703,-24355,-99
053290,NE능률,20260703,-3667,86
372800,아이티아이즈,20260703,19722,-10000
096690,에이루트,20260703,-703,0
024940,PN풍년,20260703,5553,0
223310,사토시홀딩스,20260703,-770,0
054940,엑사이엔씨,20260703,15304,311
200350,아티스트스튜디오,20260703,1553,0
438700,버넥트,20260703,6931,0
060260,뉴보텍,20260703,-29913,-1937
455180,케이지에이,20260703,-18802,-145
067730,로지시스,20260703,-667,0
101400,엔시트론,20260703,-10476,620
317120,라닉스,20260703,16203,0
090150,아이윈,20260703,-7096,0
139670,키네마스터,20260703,2379,-132
362990,드림인사이트,20260703,-20173,0
088290,이원컴포텍,20260703,1105,80
017250,인터엠,20260703,-470,204
353590,오토앤,20260703,4556,-68
023770,플레이위드,20260703,2700,0
238200,비피도,20260703,154,0
303530,이노뎁,20260703,-211,4
014100,메디앙스,20260703,19438,12
012170,아센디오,20260703,-50712,-29
085810,알티캐스트,20260703,-83673,0
020400,대동금속,20260703,4280,375
373110,엑셀세라퓨틱스,20260703,-6998,0
359090,씨엔알리서치,20260703,-4150,-1001
065650,하이퍼코퍼레이션,20260703,-2011,-106
032280,삼일,20260703,-897,0
001685,대상우,20260703,-565,0
043360,디지아이,20260703,980,1608
322780,코퍼스코리아,20260703,-8963,0
038530,케이바이오랩스,20260703,1087,242
015020,이스타코,20260703,0,0
424760,벨로크,20260703,-13427,0
154030,아시아종묘,20260703,4031,99
354200,엔젠바이오,20260703,0,0
419540,비스토스,20260703,2754,22084
488290,MIDAS 일본테크액티브,20260703,-11,4164
016100,리더스코스메틱,20260703,-2589,-1866
140430,카티스,20260703,-2470,0
021040,대호특수강,20260703,817,0
115570,스타플렉스,20260703,-693,0
045520,크린앤사이언스,20260703,9582,-130
103230,에스앤더블류,20260703,-1529,0
096870,엘디티,20260703,-14509,0
098660,에스티오,20260703,3478,10065
038880,아이에이,20260703,-5462,-17
200230,텔콘RF제약,20260703,-14814,-170
477490,에셋플러스 글로벌일등기업포커스10액티브,20260703,0,28
073570,리튬포어스,20260703,-924,0
275630,에스에스알,20260703,-1960,2089
474920,에셋플러스 차이나일등기업포커스10액티브,20260703,0,43
214610,롤링스톤,20260703,0,0
069640,한세엠케이,20260703,1579,-14
054410,케이피티유,20260703,-381,0
331520,밸로프,20260703,1541,0
051780,큐로홀딩스,20260703,11533,0
002360,SH에너지화학,20260703,-7557,1
431190,케이쓰리아이,20260703,-24778,-1295
192390,윈하이텍,20260703,-3962,4809
039310,세중,20260703,-446,0
377330,이지트로닉스,20260703,2275,-21
031860,디에이치엑스컴퍼니,20260703,0,0
258790,소프트캠프,20260703,3152,0
137940,넥스트아이,20260703,-2950,0
054220,비츠로시스,20260703,-10873,-125
413930,WON AI ESG액티브,20260703,-140,136
227610,아우딘퓨쳐스,20260703,1137,-50380
335870,윙스풋,20260703,-3828,0
083640,인콘,20260703,26864,-7278
034940,조아제약,20260703,198145,108534
060900,에이전트AI,20260703,-1996,0
301300,바이브컴퍼니,20260703,-70076,0
065060,지엔코,20260703,4580,0
900300,오가닉티코스메틱,20260703,15516,40861
083470,이엠앤아이,20260703,71216,-227
291230,엔피,20260703,-9209,3371
377220,프롬바이오,20260703,-275224,-9679
067770,세진티에스,20260703,-15868,80000
008600,윌비스,20260703,0,0
009440,KC그린홀딩스,20260703,0,0
193250,링크드,20260703,-7090,801
328380,솔트웨어,20260703,-190,16797
101680,한국정밀기계,20260703,7373,0
306040,에스제이그룹,20260703,4256,-65
154040,다산솔루에타,20260703,14607,-277
006050,국영지앤엠,20260703,8088,0
037400,우리엔터프라이즈,20260703,-12477,1836
236810,엔비티,20260703,16380,-197
032680,소프트센,20260703,-15705,214
279600,미디어젠,20260703,-11,-47
142760,모아라이프플러스,20260703,92250,0
361670,삼영에스앤씨,20260703,2346,0
239340,이스트에이드,20260703,-21904,-3051
078860,아이오케이이엔엠,20260703,2014,-65
048830,엔피케이,20260703,9142,2204
027580,상보,20260703,-58985,82
482680,미래에셋비전스팩7호,20260703,0,0
108675,LX하우시스우,20260703,224,-186
365900,브이씨,20260703,-1499,0
241820,피씨엘,20260703,0,0
084440,유비온,20260703,-921,0
477380,미래에셋비전스팩4호,20260703,203,0
225590,패션플랫폼,20260703,-76,0
344860,이노진,20260703,-1,0
069330,유아이디,20260703,-2366,-673
491510,파워 K-주주가치액티브,20260703,0,-110
418620,E8,20260703,-10173,-1355
110020,전진바이오팜,20260703,-1438,0
357430,마스턴프리미어리츠,20260703,1395,11586
900270,헝셩그룹,20260703,-4567,0
900340,윙입푸드,20260703,5557,0
291810,핀텔,20260703,8685,832
018620,우진비앤지,20260703,1646,-82
215480,토박스코리아,20260703,11396,0
015260,에이엔피,20260703,154634,-573
226340,본느,20260703,-2796,17
065770,CS,20260703,-5895,685
368600,아이씨에이치,20260703,-29046,0
065690,파커스,20260703,1836,-1036
115610,이미지스,20260703,3477,-761
060480,국일신동,20260703,2393,70
240600,유진테크놀로지,20260703,-518,-98
005725,넥센우,20260703,0,0
377030,비트맥스,20260703,-8828,0
028080,휴맥스홀딩스,20260703,-1303,0
131760,파인텍,20260703,10914,-46
285800,진영,20260703,-21950,0
469880,하나30호스팩,20260703,-17078,-629
005257,녹십자홀딩스2우,20260703,0,0
477340,에이치엠씨제7호스팩,20260703,609,0
002070,비비안,20260703,-1795,0
113810,디젠스,20260703,0,0
030350,드래곤플라이,20260703,0,0
472720,TRUSTON 주주가치액티브,20260703,-6,974
496130,TRUSTON 코리아밸류업액티브,20260703,0,158
101000,KS인더스트리,20260703,96090,-70
148780,비큐AI,20260703,-38752,0
196700,웹스,20260703,25754,-202
023790,동일스틸럭스,20260703,23410,-156
465770,STX그린로지스,20260703,10931,0
900110,딥커머스,20260703,2775,0
309930,조이웍스앤코,20260703,-94863,0
473050,유안타제15호스팩,20260703,-65,6
115530,씨엔플러스,20260703,-7296,0
417180,핑거스토리,20260703,84,0
123840,뉴온,20260703,4060,-95
478440,미래에셋비전스팩6호,20260703,429,7587
191410,육일씨엔에쓰,20260703,-48740,-116
000087,하이트진로2우B,20260703,159,-48
479880,한국제15호스팩,20260703,0,-996
083660,CSA 코스믹,20260703,-160869,0
405000,플라즈맵,20260703,300,0
303030,지니틱스,20260703,-4962,-139
019685,대교우B,20260703,-2239,2446
352770,셀레스트라,20260703,0,0
289010,아이스크림에듀,20260703,-8350,-218
489480,키움제11호스팩,20260703,232,0
244460,올리패스,20260703,0,0
247660,나노씨엠에스,20260703,1190,0
001795,대한제당우,20260703,-6164,0
035620,바른손이앤에이,20260703,-15293,21971
060230,제이케이시냅스,20260703,0,0
481890,엔에이치스팩31호,20260703,-2,-852
389680,유디엠텍,20260703,32549,-47
177350,베셀,20260703,-28667,19751
009730,이렘,20260703,0,0
489730,디비금융제13호스팩,20260703,0,0
407820,에셋플러스 코리아플랫폼액티브,20260703,0,-46
065420,에스아이리소스,20260703,0,0
471050,대신밸런스제17호스팩,20260703,0,0
478390,KB제29호스팩,20260703,0,-1000
054180,메디콕스,20260703,0,0
145995,삼양사우,20260703,3,0
018700,졸스,20260703,-3693,0
079950,인베니아,20260703,971,-29
011090,에넥스,20260703,-405,-164
044380,주연테크,20260703,4644,205
492220,KB제31호스팩,20260703,0,12
451150,에셋플러스 글로벌영에이지액티브,20260703,0,6
308100,형지글로벌,20260703,15130,-371
482520,교보16호스팩,20260703,0,-205
065570,삼영이엔씨,20260703,0,0
250930,예선테크,20260703,0,0
368970,오에스피,20260703,-12522,2200
092600,앤씨앤,20260703,-5318,0
002680,한탑,20260703,0,0
043590,웰킵스하이텍,20260703,1829,-237
477760,DB금융스팩12호,20260703,93,0
900100,파이온엑스,20260703,-1266,0
009620,삼보산업,20260703,41395,0
002995,금호건설우,20260703,-1279,-150
469900,하나31호스팩,20260703,0,0
482690,대신밸런스제19호스팩,20260703,-1,-998
060240,스타코링크,20260703,0,0
477470,미래에셋비전스팩5호,20260703,2,-1010
042040,케이피엠테크,20260703,1042,-497
199730,바이오인프라,20260703,482,84
474660,신한제12호스팩,20260703,0,0
487360,신한제14호스팩,20260703,0,0
474490,유안타제16호스팩,20260703,100,-1000
496070,신한제16호스팩,20260703,0,308
208640,썸에이지,20260703,-50257,-58764
001755,한양증권우,20260703,352,0
079190,케스피온,20260703,0,0
084695,대상홀딩스우,20260703,0,0
433250,UNICORN R&D 액티브,20260703,0,201
486630,KB제30호스팩,20260703,-390,-1000
493790,유안타제17호스팩,20260703,0,0
004255,NPC우,20260703,3975,-6580
035290,골드앤에스,20260703,1549,0
489210,교보17호스팩,20260703,0,1000
043100,알파AI,20260703,0,0
312610,에이에프더블류,20260703,-349,0
478110,이베스트스팩6호,20260703,0,0
003075,코오롱글로벌우,20260703,-27,0
466690,키움히어로제1호스팩,20260703,0,0
498390,한화플러스제5호스팩,20260703,-3,-1000
004105,태양금속우,20260703,5,-64
472220,신영스팩10호,20260703,-179,-354
012340,뉴인텍,20260703,-2292,-4563
488060,유진스팩11호,20260703,0,0
011080,형지I&C,20260703,12840,-500
145210,다이나믹디자인,20260703,0,0
106080,케이이엠텍,20260703,0,0
480460,WON 한국부동산TOP3플러스,20260703,0,-28
050090,비케이홀딩스,20260703,-2571,0
484130,하나34호스팩,20260703,-41,-965
001067,JW중외제약2우B,20260703,0,0
462340,에셋플러스 글로벌다이나믹시니어액티브,20260703,0,10
469480,IBKS제24호스팩,20260703,0,0
473950,에스케이증권제13호스팩,20260703,-3,0
012205,계양전기우,20260703,252,0
001770,SHD,20260703,-2597,1
467930,IBKS제23호스팩,20260703,0,1
465320,교보15호스팩,20260703,0,0
487830,신한제15호스팩,20260703,-5,-1208
001515,SK증권우,20260703,24,0
468760,유진스팩10호,20260703,0,0
472230,에스케이증권제11호스팩,20260703,0,0
487720,키움제10호스팩,20260703,0,-991
073190,듀오백,20260703,10233,0
225430,케이엠제약,20260703,-1164,-117
000225,유유제약1우,20260703,-495,0
215620,HK S&P코리아로우볼,20260703,0,76
900120,씨엑스아이,20260703,15137,-742
438740,MIDAS 중소형액티브,20260703,0,-1
004985,성신양회우,20260703,1670,0
001065,JW중외제약우,20260703,0,0
004835,덕성우,20260703,25,0
000325,노루홀딩스우,20260703,-30,0
470310,UNICORN 생성형AI강소기업액티브,20260703,0,-53
009415,태영건설우,20260703,0,0
090355,노루페인트우,20260703,0,0
000145,하이트진로홀딩스우,20260703,0,0
000545,흥국화재우,20260703,-10,0
005965,동부건설우,20260703,48,0
014825,동원시스템즈우,20260703,0,0
476000,UNICORN 포스트IPO액티브,20260703,0,-102
014285,금강공업우,20260703,0,0
007575,일양약품우,20260703,0,0
005745,크라운해태홀딩스우,20260703,0,0
000227,유유제약2우B,20260703,-1,0
014915,성문전자우,20260703,65,0
004545,깨끗한나라우,20260703,-1,0
084180,수성웹툰,20260703,59653,-429
00104K,CJ4우(전환),20260703,-266,481
121850,코이즈,20260703,-846,0
00088K,한화3우B,20260703,6315,-3719
069920,엑시온그룹,20260703,-27144,0
005930,삼성전자,20260702,-5007053,-2166435
000660,SK하이닉스,20260702,-687600,-1372901
402340,SK스퀘어,20260702,-318535,161224
005935,삼성전자우,20260702,574203,-239452
009150,삼성전기,20260702,-163027,-8282
005380,현대차,20260702,148426,98672
373220,LG에너지솔루션,20260702,14171,80911
032830,삼성생명,20260702,24131,4675
028260,삼성물산,20260702,110956,-74376
207940,삼성바이오로직스,20260702,10324,12973
000270,기아,20260702,56594,198737
329180,HD현대중공업,20260702,-33717,49982
105560,KB금융,20260702,-399857,798794
012450,한화에어로스페이스,20260702,-39107,76769
034020,두산에너빌리티,20260702,85841,270512
055550,신한지주,20260702,-443103,869786
034730,SK,20260702,46367,-23835
012330,현대모비스,20260702,11672,45751
068270,셀트리온,20260702,-28230,225440
006400,삼성SDI,20260702,-39033,40734
042660,한화오션,20260702,-676501,-392897
086790,하나금융지주,20260702,-170257,272979
267260,HD현대일렉트릭,20260702,-41106,17889
010120,LS ELECTRIC,20260702,-395052,71923
035420,NAVER,20260702,178765,152964
066570,LG전자,20260702,284513,170386
000810,삼성화재,20260702,-7981,10869
298040,효성중공업,20260702,-10894,7557
009540,HD한국조선해양,20260702,4165,10621
005490,POSCO홀딩스,20260702,-21188,92367
015760,한국전력,20260702,-490511,1125912
006800,미래에셋증권,20260702,-145591,-87776
010130,고려아연,20260702,-3023,5481
000150,두산,20260702,1258,-3367
316140,우리금융지주,20260702,14872,543174
042700,한미반도체,20260702,76097,-365175
064350,현대로템,20260702,-107070,196936
010140,삼성중공업,20260702,-1092329,631395
011070,LG이노텍,20260702,36206,30008
051910,LG화학,20260702,17901,8720
138040,메리츠금융지주,20260702,-8328,93194
017670,SK텔레콤,20260702,166572,94935
011200,HMM,20260702,186087,312867
079550,LIG디펜스앤에어로스페이스,20260702,-24215,8684
033780,KT&G,20260702,-17917,57432
196170,알테오젠,20260702,-64494,32665
024110,기업은행,20260702,212100,232702
267250,HD현대,20260702,-22496,29584
096770,SK이노베이션,20260702,24278,-88481
035720,카카오,20260702,111164,439161
047810,한국항공우주,20260702,-147817,205050
003550,LG,20260702,68104,62859
272210,한화시스템,20260702,-70318,43465
018260,삼성에스디에스,20260702,-61211,12869
086280,현대글로비스,20260702,14898,25429
003670,포스코퓨처엠,20260702,-20526,-10427
278470,에이피알,20260702,-105715,103642
071050,한국금융지주,20260702,27830,27194
030200,KT,20260702,-4170,119692
307950,현대오토에버,20260702,12588,-4102
010950,S-Oil,20260702,-2550,41666
000720,현대건설,20260702,11691,21396
247540,에코프로비엠,20260702,-4946,65126
005940,NH투자증권,20260702,-36185,27047
086520,에코프로,20260702,-37249,-26935
006260,LS,20260702,-78143,81471
016360,삼성증권,20260702,23743,7751
259960,크래프톤,20260702,-14982,30890
323410,카카오뱅크,20260702,199154,254413
003490,대한항공,20260702,175077,1435038
005830,DB손해보험,20260702,-47729,69111
028050,삼성E&A,20260702,52421,155509
039490,키움증권,20260702,-7485,-1910
443060,HD현대마린솔루션,20260702,7520,17250
277810,레인보우로보틱스,20260702,-33986,26027
352820,하이브,20260702,-113384,208915
047050,포스코인터내셔널,20260702,-190850,242125
180640,한진칼,20260702,-32145,45090
161390,한국타이어앤테크놀로지,20260702,21544,89132
036930,주성엔지니어링,20260702,-151926,193468
003230,삼양식품,20260702,-7701,15271
005387,현대차2우B,20260702,-13217,-13959
000880,한화,20260702,-38394,58305
950160,코오롱티슈진,20260702,-12958,-16248
007660,이수페타시스,20260702,-478125,466841
047040,대우건설,20260702,109727,198004
078930,GS,20260702,-218794,301372
064400,LG씨엔에스,20260702,169883,132536
090430,아모레퍼시픽,20260702,-46178,309100
021240,코웨이,20260702,-15342,39763
326030,SK바이오팜,20260702,-3981,20280
004170,신세계,20260702,10756,-12294
028300,HLB,20260702,-83125,-21823
062040,산일전기,20260702,-76830,28955
001440,대한전선,20260702,-432405,110999
241560,두산밥캣,20260702,30120,22074
353200,대덕전자,20260702,13003,-113041
240810,원익IPS,20260702,-8179,-558270
032640,LG유플러스,20260702,184923,106425
267270,HD건설기계,20260702,-22483,32483
058470,리노공업,20260702,1072405,-1385883
029780,삼성카드,20260702,23949,923
000100,유한양행,20260702,22088,50516
034220,LG디스플레이,20260702,-380545,578481
036570,NC,20260702,-10990,45473
128940,한미약품,20260702,-37636,27221
271560,오리온,20260702,20491,32566
009830,한화솔루션,20260702,-609021,120221
377300,카카오페이,20260702,28315,-4908
454910,두산로보틱스,20260702,-2976,46222
005385,현대차우,20260702,-882,-619
298380,에이비엘바이오,20260702,-124626,62256
011790,SKC,20260702,24869,12861
319660,피에스케이,20260702,-16420,-36448
175330,JB금융지주,20260702,-147827,165511
000990,DB하이텍,20260702,592828,-606563
039030,이오테크닉스,20260702,115577,-156037
023530,롯데쇼핑,20260702,-33751,-21926
088980,맥쿼리인프라,20260702,-51207,-44435
000250,삼천당제약,20260702,16183,-17690
141080,리가켐바이오,20260702,-4272,-64751
000500,가온전선,20260702,6468,11766
222800,심텍,20260702,-239716,19423
001040,CJ,20260702,-23095,29792
082740,한화엔진,20260702,-339613,24812
087010,펩트론,20260702,-15391,-247
066970,엘앤에프,20260702,-26663,3662
002380,KCC,20260702,7949,-1974
052690,한전기술,20260702,-18570,9118
088350,한화생명,20260702,216039,290790
018880,한온시스템,20260702,-206900,356399
069960,현대백화점,20260702,14663,-18337
004020,현대제철,20260702,-2469,42643
111770,영원무역,20260702,-40434,79642
010060,OCI홀딩스,20260702,-65869,-13067
051900,LG생활건강,20260702,-1174,26263
403870,HPSP,20260702,108247,-1192082
440110,파두,20260702,233419,-49500
084370,유진테크,20260702,12934,-31411
214370,케어젠,20260702,-9542,-2426
012510,더존비즈온,20260702,0,0
336260,두산퓨얼셀,20260702,-163621,223734
103590,일진전기,20260702,-78563,34897
347850,디앤디파마텍,20260702,-312343,55862
108490,로보티즈,20260702,-11710,-30630
214450,파마리서치,20260702,-36210,69715
095340,ISC,20260702,284508,-288346
022100,포스코DX,20260702,36585,18834
035250,강원랜드,20260702,132171,51666
310210,보로노이,20260702,-11668,9422
251270,넷마블,20260702,7750,13581
001450,현대해상,20260702,19280,90103
095610,테스,20260702,71065,-135304
080220,제주반도체,20260702,50903,-92824
036460,한국가스공사,20260702,-1703,37252
383220,F&F,20260702,1061,20546
145020,휴젤,20260702,-493,2468
031210,서울보증보험,20260702,5227,-2744
097950,CJ제일제당,20260702,31817,18072
178320,서진시스템,20260702,45097,610950
214150,클래시스,20260702,28402,25360
302440,SK바이오사이언스,20260702,-5760,27217
139130,iM금융지주,20260702,-14999,116860
011780,금호석유화학,20260702,27549,-3308
009420,한올바이오파마,20260702,-139889,153106
001720,신영증권,20260702,1096,1987
450080,에코프로머티,20260702,47813,-54483
017800,현대엘리베이터,20260702,4549,-1490
005850,에스엘,20260702,4232,4181
004800,효성,20260702,263,-53
161890,한국콜마,20260702,126283,24111
226950,올릭스,20260702,-107038,116812
031980,피에스케이홀딩스,20260702,47277,-33970
014680,한솔케미칼,20260702,-10483,10278
011170,롯데케미칼,20260702,22000,-11409
483650,달바글로벌,20260702,44315,-58521
131290,티에스이,20260702,-27782,32256
012750,에스원,20260702,-10849,15813
064760,티씨케이,20260702,4139,-4351
028670,팬오션,20260702,-223330,658503
006360,GS건설,20260702,-185113,270864
085620,미래에셋생명,20260702,58888,-18693
237690,에스티팜,20260702,-32443,37582
067310,하나마이크론,20260702,-193934,-114465
375500,DL이앤씨,20260702,70434,33232
319400,현대무벡스,20260702,-64343,-11962
026960,동서,20260702,-44200,25651
005290,동진쎄미켐,20260702,-69168,-33507
489790,한화비전,20260702,70827,-79043
000240,한국앤컴퍼니,20260702,550,19761
357780,솔브레인,20260702,18855,-43109
257720,실리콘투,20260702,-282050,265648
081660,미스토홀딩스,20260702,-53411,115146
089970,브이엠,20260702,-8715,-200546
003690,코리안리,20260702,19024,58402
004990,롯데지주,20260702,13364,33985
009970,영원무역홀딩스,20260702,-1540,4016
139480,이마트,20260702,20080,16853
204320,HL만도,20260702,-35044,184723
005440,현대지에프홀딩스,20260702,-31312,91042
263750,펄어비스,20260702,45105,20985
279570,케이뱅크,20260702,55105,217793
007340,DN오토모티브,20260702,-53292,64198
008930,한미사이언스,20260702,-35244,57512
030000,제일기획,20260702,203282,32476
004370,농심,20260702,15516,4358
071970,HD현대마린엔진,20260702,-122056,78394
282330,BGF리테일,20260702,-24302,35211
290650,엘앤씨바이오,20260702,-37324,22420
018670,SK가스,20260702,-1678,4045
007070,GS리테일,20260702,-90203,168695
131970,두산테스나,20260702,165508,-173786
462870,시프트업,20260702,-4053,38800
051600,한전KPS,20260702,-9027,9691
192820,코스맥스,20260702,-7876,20956
008770,호텔신라,20260702,-40577,181162
032820,우리기술,20260702,-59619,-31962
439260,대한조선,20260702,-12027,8952
457190,이수스페셜티케미컬,20260702,-23490,18624
020150,롯데에너지머티리얼즈,20260702,-6118,-42490
281820,케이씨텍,20260702,938,28267
098460,고영,20260702,-196592,-179782
103140,풍산,20260702,16131,-2504
420770,기가비스,20260702,12569,2802
009155,삼성전기우,20260702,15200,3132
035900,JYP Ent.,20260702,-41568,145617
000155,두산우,20260702,763,-445
140860,파크시스템스,20260702,1000,5496
002790,아모레퍼시픽홀딩스,20260702,40274,86283
068760,셀트리온제약,20260702,-4931,336
001740,SK네트웍스,20260702,103421,29483
140410,메지온,20260702,-37331,-241
007810,코리아써키트,20260702,14772,-31493
395400,SK리츠,20260702,-22398,35520
073240,금호타이어,20260702,250089,101856
041510,에스엠,20260702,-55585,94723
010170,대한광통신,20260702,-18227,-253184
011210,현대위아,20260702,25515,1946
112610,씨에스윈드,20260702,-11886,84833
000120,CJ대한통운,20260702,-13866,15177
120110,코오롱인더,20260702,6258,23705
097230,HJ중공업,20260702,-138993,25101
089030,테크윙,20260702,-505198,-128194
058610,에스피지,20260702,10840,-32706
023590,다우기술,20260702,-6735,1812
082920,비츠로셀,20260702,21332,-53297
083650,비에이치아이,20260702,-45313,-29297
183300,코미코,20260702,83626,-91849
020560,아시아나항공,20260702,28644,189050
229640,LS에코에너지,20260702,-34939,38054
069620,대웅제약,20260702,-24635,35954
001800,오리온홀딩스,20260702,25739,7175
218410,RFHIC,20260702,11667,-3373
043260,성호전자,20260702,148894,-477499
096530,씨젠,20260702,32244,879
006040,동원산업,20260702,-58696,95496
001120,LX인터내셔널,20260702,68359,-58522
475150,SK이터닉스,20260702,88687,33025
003540,대신증권,20260702,-3604,-25
030530,원익홀딩스,20260702,-6426,-3379
007390,네이처셀,20260702,21456,14154
006280,녹십자,20260702,-2907,6031
093370,후성,20260702,327309,-181849
060370,LS마린솔루션,20260702,-96420,116687
192080,더블유게임즈,20260702,-3374,18955
078600,대주전자재료,20260702,31984,-41805
005070,코스모신소재,20260702,27073,-8465
017960,한국카본,20260702,-16370,22591
322000,HD현대에너지솔루션,20260702,-44777,9845
458870,씨어스,20260702,-29149,-47791
415640,KB발해인프라,20260702,33588,17550
361610,SK아이이테크놀로지,20260702,-15129,28584
127120,제이에스링크,20260702,25433,-13117
039200,오스코텍,20260702,-14415,-7703
294870,IPARK현대산업개발,20260702,13693,41037
007310,오뚜기,20260702,634,948
347700,스피어,20260702,-132236,-63046
000815,삼성화재우,20260702,13224,-118
012630,HDC,20260702,-102,-12
032350,롯데관광개발,20260702,-148855,58215
082640,동양생명,20260702,25362,15337
034230,파라다이스,20260702,-157973,223206
181710,NHN,20260702,16734,-17557
298020,효성티앤씨,20260702,-1724,-1274
066575,LG전자우,20260702,36009,-3119
030610,교보증권,20260702,1055,-4422
003570,SNT다이내믹스,20260702,-5695,5020
323280,태성,20260702,1341,-3462
437730,삼현,20260702,-19827,31904
001820,삼화콘덴서,20260702,-112160,-53382
077970,STX엔진,20260702,-51197,-12087
001430,세아베스틸지주,20260702,7949,5767
004000,롯데정밀화학,20260702,136,1773
195940,HK이노엔,20260702,-27551,37763
089860,롯데렌탈,20260702,-13385,15168
003380,하림지주,20260702,28297,43818
031330,에스에이엠티,20260702,303383,65849
475830,오름테라퓨틱,20260702,-530,-30341
166090,하나머티리얼즈,20260702,17019,-172579
003530,한화투자증권,20260702,-139856,-48800
000080,하이트진로,20260702,68846,13969
057050,현대홈쇼핑,20260702,0,0
330590,롯데리츠,20260702,-1696,13198
300720,한일시멘트,20260702,-14,1345
101490,에스앤에스텍,20260702,-9333,-28865
003090,대웅,20260702,710,970
006340,대원전선,20260702,-956042,12191
019210,와이지-원,20260702,-23641,-111592
051915,LG화학우,20260702,5439,-1967
195870,해성디에스,20260702,-7427,-84311
099320,쎄트렉아이,20260702,-8956,468
085660,차바이오텍,20260702,-47361,18025
071055,한국금융지주우,20260702,-3202,835
280360,롯데웰푸드,20260702,3746,2106
232140,와이씨,20260702,-151792,-25758
000210,DL,20260702,-8294,7159
185750,종근당,20260702,413,6953
100090,SK오션플랜트,20260702,1846,91545
003240,태광산업,20260702,-403,-16
009450,경동나비엔,20260702,-1545,5566
204270,제이앤티씨,20260702,-46870,-17938
005300,롯데칠성,20260702,11920,-2351
100790,미래에셋벤처투자,20260702,-27186,7363
192400,쿠쿠홀딩스,20260702,-360,470
003470,유안타증권,20260702,-78764,-8824
417200,LS머트리얼즈,20260702,-83781,1077
038500,삼표시멘트,20260702,51915,-5159
241710,코스메카코리아,20260702,-57588,120025
451800,한화리츠,20260702,-29163,20282
090710,휴림로봇,20260702,-218543,46336
083450,GST,20260702,-42938,23724
086450,동국제약,20260702,-166821,141595
006120,SK디스커버리,20260702,-7649,1619
491000,리브스메드,20260702,-32497,1688
036530,SNT홀딩스,20260702,-2666,862
036540,SFA반도체,20260702,-47502,-99353
281740,레이크머티리얼즈,20260702,-40942,6372
388720,유일로보틱스,20260702,-8977,9194
030190,NICE평가정보,20260702,-4969,14738
328130,루닛,20260702,-81569,-13887
293490,카카오게임즈,20260702,19808,-11911
456040,OCI,20260702,-21084,-6288
074600,원익QnC,20260702,-138589,9304
365550,ESR켄달스퀘어리츠,20260702,-99998,39136
122870,와이지엔터테인먼트,20260702,-40697,32553
065350,신성델타테크,20260702,15291,10071
056190,SFA,20260702,-25222,-1442
137400,피엔티,20260702,6258,-1896
009240,한샘,20260702,-11031,27464
033100,제룡전기,20260702,-77977,31228
388210,씨엠티엑스,20260702,-20657,-9863
137310,에스디바이오센서,20260702,-2636,16823
071320,지역난방공사,20260702,3294,517
041830,인바디,20260702,-39277,82996
189300,인텔리안테크,20260702,9352,-5449
499790,GS피앤엘,20260702,-28534,80988
115180,큐리언트,20260702,-19714,10067
213420,덕산네오룩스,20260702,-13761,-12009
075580,세진중공업,20260702,-38874,25562
161580,필옵틱스,20260702,-33853,785
214320,이노션,20260702,33732,-2369
079160,CJ CGV,20260702,102613,1028
090360,로보스타,20260702,1571,3590
036830,솔브레인홀딩스,20260702,-2393,-4853
248070,솔루엠,20260702,-7431,10657
285130,SK케미칼,20260702,-7036,21158
032190,다우데이타,20260702,-3506,-4104
048410,현대바이오,20260702,-79069,7356
445680,큐리옥스바이오시스템즈,20260702,-7138,-1271
004490,세방전지,20260702,2851,647
006650,대한유화,20260702,-184,-1500
003850,보령,20260702,-35634,3357
252990,샘씨엔에스,20260702,-150239,19828
000670,영풍,20260702,-1993,1098
064960,SNT모티브,20260702,-4984,3575
005690,파미셀,20260702,-155342,6190
397030,에이프릴바이오,20260702,259805,-241861
298050,HS효성첨단소재,20260702,-1098,-2900
014620,성광벤드,20260702,-3551,-2645
025540,한국단자,20260702,-936,-975
035760,CJ ENM,20260702,-6579,10461
093050,LF,20260702,-315,43603
356860,티엘비,20260702,4897,-32646
000370,한화손해보험,20260702,-31964,67187
466100,클로봇,20260702,-4025,-2306
032500,케이엠더블유,20260702,36764,-10943
010780,아이에스동서,20260702,-3011,34185
094170,동운아나텍,20260702,-3143,37
002350,넥센타이어,20260702,17952,1165
003160,디아이,20260702,-204640,-5433
006730,서부T&D,20260702,-232333,185674
112040,위메이드,20260702,-201186,30301
490470,세미파이브,20260702,-30493,-9095
052400,코나아이,20260702,-17438,6703
253450,스튜디오드래곤,20260702,-2865,-3666
122640,예스티,20260702,-101968,-32759
090460,비에이치,20260702,25351,-13572
000400,롯데손해보험,20260702,62205,-5526
295310,에이치브이엠,20260702,-23056,-42816
002960,한국쉘석유,20260702,202,-153
069260,TKG휴켐스,20260702,18872,6262
114090,GKL,20260702,15363,17112
317450,명인제약,20260702,1366,-726
001270,부국증권,20260702,-491,159
108320,LX세미콘,20260702,-12749,-2361
001570,금양,20260702,0,0
222080,SFA넥셀,20260702,74324,-3221
293940,신한알파리츠,20260702,73570,-7912
050890,쏠리드,20260702,-13727,1595
064290,인텍플러스,20260702,9867,-99910
023160,태광,20260702,-7633,-23570
005880,대한해운,20260702,728640,-825699
006380,카프로,20260702,0,0
053610,프로텍,20260702,-10878,4071
376900,로킷헬스케어,20260702,24777,-2388
093320,케이아이엔엑스,20260702,3153,-178
001680,대상,20260702,22739,9493
005180,빙그레,20260702,9433,-1785
007700,F&F홀딩스,20260702,1,-646
005090,SGC에너지,20260702,-4788,-2316
002020,코오롱,20260702,-20154,28422
053800,안랩,20260702,2386,-1188
160190,하이젠알앤엠,20260702,-10530,6927
001510,SK증권,20260702,-527091,-31065
383800,LX홀딩스,20260702,17891,-7475
456160,지투지바이오,20260702,-109339,18870
001060,JW중외제약,20260702,-1916,461
017940,E1,20260702,1114,963
383310,에코프로에이치엔,20260702,2779,1548
003620,KG모빌리티,20260702,-46749,-37645
121600,나노신소재,20260702,7799,-14941
033240,자화전자,20260702,17604,-1433
102710,이엔에프테크놀로지,20260702,5481,-38102
046890,서울반도체,20260702,50261,-130546
041960,코미팜,20260702,-33399,6252
225570,넥슨게임즈,20260702,2308,8223
037460,삼지전자,20260702,-29112,9851
178920,PI첨단소재,20260702,-6119,-1908
002840,미원상사,20260702,-456,655
006110,삼아알미늄,20260702,9171,-274
336370,솔루스첨단소재,20260702,13240,464
045100,한양이엔지,20260702,-20998,34831
000640,동아쏘시오홀딩스,20260702,-450,891
453340,현대그린푸드,20260702,2548,14045
067160,SOOP,20260702,4368,-211
102940,코오롱생명과학,20260702,-3213,1069
358570,지아이이노베이션,20260702,-33076,-94728
126340,비나텍,20260702,-138952,31546
086900,메디톡스,20260702,3899,-3900
014820,동원시스템즈,20260702,-7914,2894
044490,태웅,20260702,-55903,-7136
052020,에스티큐브,20260702,-460,0
100840,SNT에너지,20260702,-23738,-4370
079900,전진건설로봇,20260702,-9213,-461
171090,선익시스템,20260702,-11722,-12
476060,온코닉테라퓨틱스,20260702,-66508,-2388
059090,미코,20260702,-98768,6785
477850,마키나락스,20260702,-133926,-28941
251970,펌텍코리아,20260702,-29456,48959
003300,한일홀딩스,20260702,-62,2777
001500,현대차증권,20260702,-13434,-15883
249420,일동제약,20260702,3687,1055
376300,디어유,20260702,-20375,29969
027360,아주IB투자,20260702,13872,396
033500,동성화인텍,20260702,-5246,2665
016380,KG스틸,20260702,-66396,47246
476830,알지노믹스,20260702,-138215,94777
094800,맵스리얼티,20260702,3800,-947
348370,엔켐,20260702,-14122,-39586
060250,NHN KCP,20260702,5927,-5278
056080,유진로봇,20260702,-10179,-3451
336570,원텍,20260702,52965,130011
035890,서희건설,20260702,-152878,-4717
170920,엘티씨,20260702,17483,-11755
268280,미원에스씨,20260702,-413,334
003545,대신증권우,20260702,-6423,-463
211050,인카금융서비스,20260702,-6660,26224
174900,앱클론,20260702,-10768,9134
448730,삼성FN리츠,20260702,6928,16995
033790,피노,20260702,36379,-102
009410,태영건설,20260702,-44519,1961
039130,하나투어,20260702,5969,-9380
124500,아이티센글로벌,20260702,-47926,-6385
005810,풍산홀딩스,20260702,3392,-6114
036810,에프에스티,20260702,-1572,-27716
082270,젬백스,20260702,-15174,-2633
389470,인벤티지랩,20260702,-48544,36438
005389,현대차3우B,20260702,2093,-649
365340,성일하이텍,20260702,-5669,1065
284740,쿠쿠홈시스,20260702,178,10096
009520,포스코엠텍,20260702,-5135,-1706
399720,가온칩스,20260702,-13523,-7293
033640,네패스,20260702,-4017,8088
020000,한섬,20260702,-13133,30933
015750,성우하이텍,20260702,39472,-13388
005945,NH투자증권우,20260702,-58,-445
119850,지엔씨에너지,20260702,-65167,94321
372320,큐로셀,20260702,-3587,206
002240,고려제강,20260702,-2385,-1269
161000,애경케미칼,20260702,9750,1285
005250,녹십자홀딩스,20260702,-14448,935
145990,삼양사,20260702,1161,21368
008060,대덕,20260702,24192,-45397
377740,바이오노트,20260702,9781,-3756
101160,월덱스,20260702,5023,29653
104830,원익머트리얼즈,20260702,670,-19416
058650,세아홀딩스,20260702,-708,1514
034950,한국기업평가,20260702,945,377
003030,세아제강지주,20260702,-2252,447
001530,DI동일,20260702,-4092,521
425420,티에프이,20260702,-41228,16947
031430,신세계인터내셔날,20260702,21768,2339
002990,금호건설,20260702,75603,-34652
348210,넥스틴,20260702,-20384,-10041
272290,이녹스첨단소재,20260702,-17563,3473
214430,아이쓰리시스템,20260702,-6562,-1330
030520,한글과컴퓨터,20260702,-29075,-13921
099190,아이센스,20260702,-4314,194
089890,코세스,20260702,-55638,1121
486990,노타,20260702,-89392,444
278280,천보,20260702,314,-615
475960,토모큐브,20260702,1718,-1778
253590,네오셈,20260702,-69492,-10102
000070,삼양홀딩스,20260702,1025,6416
001200,유진투자증권,20260702,-67543,-4236
439960,코스모로보틱스,20260702,-18934,13
014830,유니드,20260702,-2934,4139
460930,현대힘스,20260702,-28324,51
078130,국일제지,20260702,-5263,39484
368770,파이버프로,20260702,-47105,2425
077360,덕산하이메탈,20260702,-208388,6639
016610,DB증권,20260702,4397,1088
019170,신풍제약,20260702,2337,551
340570,티앤엘,20260702,13610,-24969
004690,삼천리,20260702,-346,130
348340,뉴로메카,20260702,6042,4186
460860,동국제강,20260702,-41771,41589
042000,카페24,20260702,4396,-1014
072710,농심홀딩스,20260702,1522,1215
290550,디케이티,20260702,-9653,9628
215200,메가스터디교육,20260702,-7567,413
474590,WON 반도체밸류체인액티브,20260702,90385,-85474
090435,아모레퍼시픽우,20260702,-5492,13959
018290,브이티,20260702,9621,-2966
034310,NICE,20260702,-8275,9691
003000,부광약품,20260702,-21238,-2409
025320,시노펙스,20260702,-145745,49676
079940,가비아,20260702,-2826,-79
039440,에스티아이,20260702,-59629,23360
004700,조광피혁,20260702,342,-53
357120,코람코라이프인프라리츠,20260702,-7071,18411
403550,쏘카,20260702,-1369,3060
200710,에이디테크놀로지,20260702,35716,-63559
381970,케이카,20260702,2599,-13464
009900,명신산업,20260702,-13140,5890
029530,신도리코,20260702,1777,-459
452260,한화갤러리아,20260702,35214,10675
417310,코람코더원리츠,20260702,-21876,29755
327260,RF머트리얼즈,20260702,-3590,-51023
041190,우리기술투자,20260702,63821,-13217
095660,네오위즈,20260702,-1693,3803
330860,네패스아크,20260702,94545,-138152
160980,싸이맥스,20260702,-43887,21399
047920,HLB제약,20260702,2197,383
219130,타이거일렉,20260702,-6623,-2207
016590,신대양제지,20260702,-718,3170
005420,코스모화학,20260702,-26133,12823
003280,흥아해운,20260702,233069,-25712
168360,펨트론,20260702,-41490,1438
015360,INVENI,20260702,3811,222
089010,켐트로닉스,20260702,-23444,891
025980,아난티,20260702,-3017,-23160
037710,광주신세계,20260702,-14874,4293
004710,한솔테크닉스,20260702,263750,-108152
144960,뉴파워프라즈마,20260702,-14498,-36738
027410,BGF,20260702,22515,2413
067630,HLB생명과학,20260702,-38877,76
008730,율촌화학,20260702,3645,-15465
130660,한전산업,20260702,-8377,2562
078020,LS증권,20260702,-26832,32866
036620,감성코퍼레이션,20260702,-114048,122384
024850,HLB이노베이션,20260702,-8259,3442
241770,메카로,20260702,-6481,47
033160,엠케이전자,20260702,342404,-288483
101730,위메이드맥스,20260702,-47343,-14018
013030,하이록코리아,20260702,-189,-2026
089590,제주항공,20260702,32152,-323
001940,KISCO홀딩스,20260702,1374,10699
271940,일진하이솔루스,20260702,-2175,-273
092230,KPX홀딩스,20260702,470,48
344820,KCC글라스,20260702,3304,-176
000157,두산2우B,20260702,-117,0
006220,제주은행,20260702,-51481,206
002810,삼영무역,20260702,240,-1813
002030,아세아,20260702,-1092,291
950210,프레스티지바이오파마,20260702,-2410,-124
356680,엑스게이트,20260702,74957,851
306200,세아제강,20260702,-875,2744
011930,신성이엔지,20260702,-136472,61
017810,풀무원,20260702,-387,1014
078160,메디포스트,20260702,-14407,-475
060280,큐렉소,20260702,-31050,50085
003800,에이스침대,20260702,-539,-5
006910,보성파워텍,20260702,-210901,7
194370,제이에스코퍼레이션,20260702,60314,27567
069080,웹젠,20260702,20447,-5656
105630,한세실업,20260702,-17248,136975
060980,HL홀딩스,20260702,-7254,-3458
243070,휴온스,20260702,-3892,165
114810,한솔아이원스,20260702,-101834,-34554
005950,이수화학,20260702,-105718,124224
017900,광전자,20260702,67669,241
287840,인투셀,20260702,-4102,-245
183190,아세아시멘트,20260702,29740,-5073
170900,동아에스티,20260702,3495,-736
005610,삼립,20260702,1389,189
007690,국도화학,20260702,1667,4527
110990,디아이티,20260702,-74865,5
145720,덴티움,20260702,14977,8325
101930,인화정공,20260702,-7233,37
204620,글로벌텍스프리,20260702,38934,-107934
097520,엠씨넥스,20260702,4205,13
104700,한국철강,20260702,-656,30119
389650,넥스트바이오메디컬,20260702,-10526,2782
029460,케이씨,20260702,-2032,14598
010690,화신,20260702,3396,-8261
006405,삼성SDI우,20260702,906,-63
126560,현대퓨처넷,20260702,26120,26597
236200,슈프리마,20260702,1360,7563
484870,엠앤씨솔루션,20260702,878,2060
448900,한국피아이엠,20260702,7300,2565
084110,휴온스글로벌,20260702,-6454,-2432
482630,삼양엔씨켐,20260702,-92139,1301
064260,다날,20260702,13107,-1232
002310,아세아제지,20260702,-69097,16885
105840,우진,20260702,-41200,-1907
042520,한스바이오메드,20260702,78186,-145383
005720,넥센,20260702,2084,-6
009160,SIMPAC,20260702,-1427,-11155
199800,툴젠,20260702,-4407,1759
215600,신라젠,20260702,-20348,1739
078340,컴투스,20260702,3097,470
393890,더블유씨피,20260702,2696,-7559
126720,수산인더스트리,20260702,-19875,16030
078350,한양디지텍,20260702,-63412,-6247
265520,AP시스템,20260702,-27039,-546
206650,유바이오로직스,20260702,-810,-1117
012030,DB,20260702,-256348,961
493280,아이엠바이오로직스,20260702,6867,420
036890,진성티이씨,20260702,-12546,4657
011760,현대코퍼레이션,20260702,-3155,777
125490,한라캐스트,20260702,-51899,-762
424870,이뮨온시아,20260702,112772,-148
016800,퍼시스,20260702,-448,97
200880,서연이화,20260702,1926,700
023410,유진기업,20260702,-84805,-3235
009290,광동제약,20260702,-26914,17455
200670,휴메딕스,20260702,-7738,8492
005680,삼영전자,20260702,-16310,-83
018250,애경산업,20260702,5732,284
107640,한중엔시에스,20260702,-7306,1493
091700,파트론,20260702,-20523,47471
015860,일진홀딩스,20260702,-26935,169
394280,오픈엣지테크놀로지,20260702,-15300,-19774
092790,넥스틸,20260702,53177,-5765
079370,제우스,20260702,-101757,44209
080580,오킨스전자,20260702,-48096,-13531
025900,동화기업,20260702,-15543,3589
058430,포스코스틸리온,20260702,-15843,1228
117730,티로보틱스,20260702,-17832,-131
192650,드림텍,20260702,-81355,1130
272450,진에어,20260702,39076,-2643
108670,LX하우시스,20260702,1370,2527
092190,서울바이오시스,20260702,28864,32
024720,콜마홀딩스,20260702,-4423,-4192
376270,HEM파마,20260702,-1551,998
003200,일신방직,20260702,1877,2509
092730,네오팜,20260702,4447,12843
034830,한국토지신탁,20260702,-50575,1867
049070,인탑스,20260702,-16484,30579
136480,하림,20260702,-3391,754
472920,HK 종합채권(AA-이상)액티브,20260702,0,-2
001390,KG케미칼,20260702,219,256
025770,한국정보통신,20260702,5565,7515
010820,퍼스텍,20260702,457822,5815
091810,트리니티항공,20260702,-119176,-187249
036800,나이스정보통신,20260702,-4073,968
217590,티엠씨,20260702,15320,-35328
455900,엔젤로보틱스,20260702,-11186,2693
121440,골프존홀딩스,20260702,238298,233475
064850,에프앤가이드,20260702,-15535,9060
468530,프로티나,20260702,-6917,-191
004430,송원산업,20260702,-14860,24803
096760,JW홀딩스,20260702,-10621,-1624
025860,남해화학,20260702,49539,-134068
084690,대상홀딩스,20260702,6947,350
228760,지노믹트리,20260702,-17300,2927
052710,아모텍,20260702,-86147,24900
098070,한텍,20260702,-8635,-1393
036200,유니셈,20260702,-132978,56388
017390,서울가스,20260702,734,42
064820,케이프,20260702,-2430,-3491
484590,삼양컴텍,20260702,-21539,3461
033270,유나이티드제약,20260702,1334,68
013120,동원개발,20260702,-131917,-2034
035810,이지홀딩스,20260702,26836,3961
003960,사조대림,20260702,3335,-2985
123890,한국자산신탁,20260702,35259,-2660
043150,바텍,20260702,-387,1423
314930,바이오다인,20260702,748,1772
138080,오이솔루션,20260702,-3094,12990
017890,한국알콜,20260702,80333,5
151860,KG에코솔루션,20260702,-22836,-3960
051500,CJ프레시웨이,20260702,1104,3899
026890,스틱인베스트먼트,20260702,12444,1293
005430,한국공항,20260702,-1666,97
084010,대한제강,20260702,-7384,-6232
441270,파인엠텍,20260702,-19739,-3193
094360,칩스앤미디어,20260702,-150990,764
187660,페니트리움바이오,20260702,93685,254
309710,아이티켐,20260702,0,0
078520,에이블씨엔씨,20260702,-4962,-4294
001750,한양증권,20260702,3131,1113
002900,TYM,20260702,-17890,2054
352480,씨앤씨인터내셔널,20260702,-4081,-1973
182400,엔케이젠바이오텍코리아,20260702,0,0
054950,제이브이엠,20260702,71,406
286940,롯데이노베이트,20260702,-1045,1069
003120,일성아이에스,20260702,2451,399
001230,동국홀딩스,20260702,-35306,-9809
092460,한라IMS,20260702,-5343,-3037
234340,헥토파이낸셜,20260702,-448,-9938
001340,PKC,20260702,-26821,-139
450950,아스테라시스,20260702,-4567,2738
035600,KG이니시스,20260702,29445,-5694
475040,스트라드비젼,20260702,151268,-651038
065680,우주일렉트로,20260702,-7572,7
217730,강스템바이오텍,20260702,-48816,249
002710,TCC스틸,20260702,-688,139
003920,남양유업,20260702,-489,-21
267980,매일유업,20260702,1244,1796
121800,비덴트,20260702,0,0
389500,에스비비테크,20260702,20199,-43563
000430,대원강업,20260702,-17615,1521
365270,큐라클,20260702,-11138,852
304360,에스바이오메딕스,20260702,-11997,31
099430,바이오플러스,20260702,61715,17439
950170,JTC,20260702,60082,-2199
019010,베뉴지,20260702,-3690,60624
377460,큐에이드,20260702,0,0
011560,세보엠이씨,20260702,6078,3356
002320,한진,20260702,-606,-16
419530,SAMG엔터,20260702,4917,13520
200470,에이팩트,20260702,-87902,-36714
254490,미래반도체,20260702,-12893,0
215000,골프존,20260702,-1908,-23
003070,코오롱글로벌,20260702,11460,2742
298690,에어부산,20260702,47296,-1064
496020,WON 전단채플러스액티브,20260702,0,-3090
439090,마녀공장,20260702,-4720,29245
114190,강원에너지,20260702,-42222,-9137
417840,저스템,20260702,-209010,-24786
004360,세방,20260702,4626,-1577
095500,미래나노텍,20260702,-112395,2576
200130,콜마비앤에이치,20260702,-3234,600
005500,삼진제약,20260702,-876,-181
472850,폰드그룹,20260702,6646,17933
086390,유니테스트,20260702,-54791,-25130
007160,사조산업,20260702,-656,24
180400,DXVX,20260702,1433,0
378340,필에너지,20260702,-32915,21
089980,상아프론테크,20260702,-4497,-5795
060720,KH바텍,20260702,-65405,-713
456010,아이씨티케이,20260702,-24664,101
334890,이지스밸류플러스리츠,20260702,-5092,11892
900140,엘브이엠씨홀딩스,20260702,53586,1274
122900,아이마켓코리아,20260702,13113,-860
452280,한선엔지니어링,20260702,-20223,15411
043370,피에이치에이,20260702,-9200,6638
206640,바디텍메드,20260702,5986,19
382900,범한퓨얼셀,20260702,-6835,-172
389260,대명에너지,20260702,6100,1215
018000,유니슨,20260702,74034,3063
051360,토비스,20260702,0,0
000650,천일고속,20260702,-1444,7
061970,LB세미콘,20260702,-32957,53628
452430,사피엔반도체,20260702,-16550,4898
159010,아스플로,20260702,-28098,1653
488900,비츠로넥스텍,20260702,-15643,-364
010955,S-Oil우,20260702,-229,4753
003650,미창석유,20260702,-1074,2290
000680,LS네트웍스,20260702,-54944,315
194700,노바렉스,20260702,-37566,66475
042370,비츠로테크,20260702,-1474,462
039830,오로라,20260702,11841,12005
053030,바이넥스,20260702,-14054,4118
244920,에이플러스에셋,20260702,5505,9891
241520,DSC인베스트먼트,20260702,11562,60
085910,네오티스,20260702,99087,-29087
008490,서흥,20260702,-21194,-17
348950,제이알글로벌리츠,20260702,0,0
000480,CR홀딩스,20260702,18850,-25
034120,SBS,20260702,0,306
230240,에치에프알,20260702,9636,5455
065710,서호전기,20260702,-959,-140
332570,PS일렉트로닉스,20260702,77923,6
028100,동아지질,20260702,-14648,43564
023760,한국캐피탈,20260702,-57621,5088
092870,엑시콘,20260702,10441,-13540
024840,KBI메탈,20260702,-900989,-8015
000050,경방,20260702,-1521,-89
317330,덕산테코피아,20260702,-10904,-4177
144510,지씨셀,20260702,-5157,259
404990,신한서부티엔디리츠,20260702,3517,24926
001250,GS글로벌,20260702,-182487,318
900290,GRT,20260702,11734,-103274
003520,영진약품,20260702,-34753,580
298830,슈어소프트테크,20260702,-31446,-433
006805,미래에셋증권우,20260702,-31322,65001
036030,케이티알파,20260702,11803,8538
290690,소룩스,20260702,-127134,0
025000,KPX케미칼,20260702,-165,815
001460,BYC,20260702,424,-9
005010,휴스틸,20260702,-21261,342
018310,삼목에스폼,20260702,-3567,1813
425040,티이엠씨,20260702,141112,530
067390,아스트,20260702,17041,-11528
037270,YG PLUS,20260702,-70773,3736
462350,이노스페이스,20260702,-57526,-29261
014940,오리엔탈정공,20260702,-32500,-70
134380,미원화학,20260702,0,-603
136490,선진,20260702,46778,2354
088260,이리츠코크렙,20260702,-37418,66146
475560,더본코리아,20260702,1851,23
065660,안트로젠,20260702,414,-974
044450,KSS해운,20260702,6686,-14749
069540,빛과전자,20260702,-62541,14518
272110,케이엔제이,20260702,-37669,19351
461300,아이스크림미디어,20260702,-5821,3047
033920,무학,20260702,22848,-4603
203650,드림시큐리티,20260702,67871,50000
046970,우리로,20260702,-108063,0
000320,노루홀딩스,20260702,1539,-53
009680,모토닉,20260702,-1542,6573
084850,아이티엠반도체,20260702,-10457,1902
030210,다올투자증권,20260702,-6511,11396
003720,삼영,20260702,98506,429
481070,에이유브랜즈,20260702,-4383,12311
100120,뷰웍스,20260702,-1916,92
308430,셀비온,20260702,-7436,2811
025560,미래산업,20260702,-30816,-2326
445090,에이직랜드,20260702,-12399,-23701
432320,KB스타리츠,20260702,21948,-5049
005710,대원산업,20260702,214,361
210980,SK디앤디,20260702,-2236,462
226320,잇츠한불,20260702,-265,2772
353810,이지바이오,20260702,-24591,47471
000540,흥국화재,20260702,-18332,217
494220,UNICORN SK하이닉스밸류체인액티브,20260702,25791,-52696
448280,에코아이,20260702,1643,0
112290,와이씨켐,20260702,-45856,-23482
011500,한농화성,20260702,2565,63
017860,DS단석,20260702,-2228,-2
194480,데브시스터즈,20260702,12,-52
001790,대한제당,20260702,12998,-658
000490,대동,20260702,26724,-20960
035150,백산,20260702,-6319,5104
380540,옵티코어,20260702,0,0
475400,씨메스로보틱스,20260702,-3138,-13579
013580,계룡건설,20260702,-157538,2411
091580,상신이디피,20260702,-24758,-1785
004980,성신양회,20260702,-146826,8150
216080,제테마,20260702,-25177,25651
220100,퓨쳐켐,20260702,-781,45
058970,엠로,20260702,-28810,5148
052330,코텍,20260702,3083,-192
034810,해성산업,20260702,-12346,0
093520,매커스,20260702,-13502,128
357550,석경에이티,20260702,1351,120
061090,세나테크놀로지,20260702,-2110,-151
094480,갤럭시아머니트리,20260702,-27040,-749
001630,종근당홀딩스,20260702,208,5985
003555,LG우,20260702,-1363,-91
051905,LG생활건강우,20260702,-297,1203
123330,제닉,20260702,29712,13796
053210,스카이라이프,20260702,1539,-22
115450,HLB테라퓨틱스,20260702,3285,8456
013890,지누스,20260702,-3762,96
068930,디지털대성,20260702,1556,294
053690,한미글로벌,20260702,-12805,452
403790,MIDAS 코스피액티브,20260702,-320,244
100250,진양홀딩스,20260702,38173,2304
108860,셀바스AI,20260702,-7284,1222
003547,대신증권2우B,20260702,-2856,1
298000,효성화학,20260702,-3890,-3
041920,메디아나,20260702,42324,979
039570,HDC랩스,20260702,3350,-3272
078150,HB테크놀러지,20260702,-339552,128
128820,대성산업,20260702,-6287,192
001080,만호제강,20260702,-9681,4418
036190,금화피에스시,20260702,-188,-516
098120,마이크로컨텍솔,20260702,-23272,-756
095570,AJ네트웍스,20260702,10224,-639
000140,하이트진로홀딩스,20260702,-4863,158
484120,도우인시스,20260702,-750,-5
099440,스맥,20260702,30861,-709
003350,한국화장품제조,20260702,151,-1489
126600,BGF에코머티리얼즈,20260702,-4996,236
045390,대아티아이,20260702,-6814,2000
394800,쓰리빌리언,20260702,-21833,-5937
294570,쿠콘,20260702,618,-161
044820,코스맥스비티아이,20260702,2772,2701
243840,신흥에스이씨,20260702,-25389,240
036710,심텍홀딩스,20260702,-44938,-324
117580,대성에너지,20260702,14616,1388
007860,서연,20260702,-28581,175
138610,나이벡,20260702,7104,997
073490,LIG아큐버,20260702,-7933,-14228
462520,조선내화,20260702,733,1908
494120,큐리오시스,20260702,29026,-7446
339770,교촌에프앤비,20260702,4553,178
001130,대한제분,20260702,2483,1812
102460,이연제약,20260702,825,78
016790,현대사료,20260702,0,0
241590,화승엔터프라이즈,20260702,25973,-1125
084990,헬릭스미스,20260702,12665,-9230
394420,리센스메디컬,20260702,-70645,54967
354320,알멕,20260702,-5585,-3098
318060,그래피,20260702,-17012,-710
234080,JW생명과학,20260702,7294,68
054210,이랜텍,20260702,-45487,-3624
032580,피델릭스,20260702,-172055,2283
094820,일진파워,20260702,12245,868
187870,디바이스,20260702,-6623,-16742
036170,에이치엠넥스,20260702,106287,7267
036560,KZ정밀,20260702,2682,550
123860,아나패스,20260702,-9785,1
251370,와이엠티,20260702,-22883,6689
012860,모베이스전자,20260702,124524,-874
416180,신성에스티,20260702,-13620,3797
192440,슈피겐코리아,20260702,-649,0
003460,유화증권,20260702,16063,-8177
016580,환인제약,20260702,-872,2426
190510,나무가,20260702,-1481,6
214180,헥토이노베이션,20260702,1626,254
010580,에스엠벡셀,20260702,-5241,652
009470,삼화전기,20260702,-25327,3127
102260,동성케미컬,20260702,17945,-8400
049430,코메론,20260702,-8279,15134
002100,경농,20260702,5319,1833
317400,자이에스앤디,20260702,64145,34213
459510,나우로보틱스,20260702,-8043,-213
046120,오르비텍,20260702,-2781,-1157
125020,티씨머티리얼즈,20260702,-4556,-20000
237880,클리오,20260702,-901,383
256840,한국비엔씨,20260702,-14175,-39
322310,오로스테크놀로지,20260702,-54951,2836
176750,듀켐바이오,20260702,541,33
003220,대원제약,20260702,-720,99
119610,인터로조,20260702,-10075,-9272
199820,제일일렉트릭,20260702,-36357,-1885
037070,파세코,20260702,-17195,84
092200,디아이씨,20260702,117628,6522
035510,신세계 I&C,20260702,-3298,66
002150,도화엔지니어링,20260702,1005,97
042420,네오위즈홀딩스,20260702,1357,5357
053300,한국정보인증,20260702,7108,-4796
082800,비보존 제약,20260702,-231,-57
066620,국보디자인,20260702,1407,66
012210,삼미금속,20260702,7190,45
108380,대양전기공업,20260702,-11310,4867
377190,디앤디플랫폼리츠,20260702,-74220,27455
950140,잉글우드랩,20260702,-13982,1588
338840,와이바이오로직스,20260702,-2124,9698
092130,이크레더블,20260702,3115,11
004560,현대비앤지스틸,20260702,5861,-267
000300,DH오토넥스,20260702,0,0
004380,삼익THK,20260702,2499,9
003610,방림,20260702,-9784,10249
016450,한세예스24홀딩스,20260702,8045,159
033530,SJG세종,20260702,-4251,2109
039840,디오,20260702,-790,61
067080,대화제약,20260702,-6272,70
487570,HS효성,20260702,942,-152
464080,에스오에스랩,20260702,-32893,-736
152870,파워 200,20260702,0,-20
064550,바이오니아,20260702,-21907,80
143240,사람인,20260702,-474,6189
083310,엘오티베큠,20260702,-60268,122
153890,져스텍,20260702,-10116,747
038390,레드캡투어,20260702,1989,-341
204610,티쓰리,20260702,-43731,27902
000390,SP삼화,20260702,5018,-6543
122990,와이솔,20260702,736,11853
101530,해태제과식품,20260702,14827,-678
245620,EDGC,20260702,0,0
307180,아이엘,20260702,-4198,-1510
015230,대창단조,20260702,-8302,254
071200,인피니트헬스케어,20260702,18211,30
051370,인터플렉스,20260702,-20485,15
377450,리파인,20260702,4247,0
143160,아이디스,20260702,2355,0
355150,코스텍시스,20260702,-45091,17481
005960,동부건설,20260702,-24000,20
002170,SYTS,20260702,141,172
001780,알루코,20260702,-23462,-105612
079960,동양이엔피,20260702,3729,290
049630,재영솔루텍,20260702,-25635,-4064
000860,강남제비스코,20260702,-2761,-3161
092070,디엔에프,20260702,-32008,0
400760,NH올원리츠,20260702,-26068,4601
097955,CJ제일제당 우,20260702,627,4
083930,아바코,20260702,-36037,0
031440,신세계푸드,20260702,-728,809
314130,지놈앤컴퍼니,20260702,-18110,10427
213500,한솔제지,20260702,-1677,690
004310,현대약품,20260702,29124,-6805
101970,우양에이치씨,20260702,-6223,10750
446540,메가터치,20260702,-41972,105
066410,버킷스튜디오,20260702,0,0
024800,유성티엔에스,20260702,-7800,-50
046070,코다코,20260702,0,0
080160,모두투어,20260702,-1682,-749
040350,크레오에스지,20260702,-45081,2766
054450,텔레칩스,20260702,-98131,1
072870,메가스터디,20260702,5080,-172
007570,일양약품,20260702,12447,199
389020,자람테크놀로지,20260702,-15709,4
093190,빅솔론,20260702,800,-37
242040,나무기술,20260702,-94291,0
457550,우진엔텍,20260702,-2352,267
274090,켄코아에어로스페이스,20260702,-14559,-3260
138360,앤로보틱스,20260702,-78264,209
123410,코리아에프티,20260702,-15448,23063
293480,하나제약,20260702,-2780,782
002780,진흥기업,20260702,-240717,-15841
011040,경동제약,20260702,619,-2374
016880,웅진,20260702,-57321,67136
023910,대한약품,20260702,9,255
371950,풍원정밀,20260702,-1855,-2111
060150,인선이엔티,20260702,17304,-1042
474650,링크솔루션,20260702,3180,-7039
048550,SM C&C,20260702,-85118,-1773
086670,비엠티,20260702,-60354,6
382800,지앤비에스 에코,20260702,32970,-254
255220,SG,20260702,-50938,136
007330,푸른저축은행,20260702,-885,1
403850,더핑크퐁컴퍼니,20260702,9475,-756
000700,유수홀딩스,20260702,2839,1881
304100,솔트룩스,20260702,-23665,-679
046440,KG파이낸셜,20260702,-2334,-2331
011785,금호석유화학우,20260702,-705,-62
086820,바이오솔루션,20260702,7319,0
041020,폴라리스오피스,20260702,-108183,-1
478340,나라스페이스테크놀로지,20260702,9662,-97
014710,사조씨푸드,20260702,-9802,66
484810,티엑스알로보틱스,20260702,-16600,166
212560,네오오토,20260702,-22826,-1286
032620,GC메디아이,20260702,-3325,-5509
000970,한국주철관,20260702,-2066,89
001045,CJ우,20260702,-1226,36
451760,컨텍,20260702,-5999,3536
126700,하이비젼시스템,20260702,-20546,5769
222040,코스맥스엔비티,20260702,-2762,1591
271980,제일약품,20260702,3303,61
402030,코난테크놀로지,20260702,-961,137
090350,노루페인트,20260702,-7171,-423
071840,롯데하이마트,20260702,3054,103
334970,프레스티지바이오로직스,20260702,-40327,7660
048870,시너지이노베이션,20260702,97352,7597
234690,녹십자웰빙,20260702,-29867,-11
462860,더즌,20260702,-14278,10062
004970,신라교역,20260702,5822,596
084680,이월드,20260702,-92091,48682
054800,아이디스홀딩스,20260702,-1161,0
104480,티케이케미칼,20260702,3861,-86
039860,나노엔텍,20260702,13779,-4857
264450,유비쿼스,20260702,-9817,15749
119830,아이텍,20260702,-35812,11601
388050,지투파워,20260702,-49185,1446
418550,제이오,20260702,-5604,-2193
270660,에브리봇,20260702,-7244,-124
086890,이수앱지스,20260702,62122,-4
460850,동국씨엠,20260702,-7714,1997
058820,CMG제약,20260702,-103370,1796
049960,쎌바이오텍,20260702,-1744,0
179290,엠아이텍,20260702,-163,154
361390,제노코,20260702,-16933,-932
000520,삼일제약,20260702,-8259,157
101360,에코앤드림,20260702,-16959,-71
000020,동화약품,20260702,1531,488
147830,제룡산업,20260702,-98451,0
003830,대한화섬,20260702,-10,6
003480,한진중공업홀딩스,20260702,-7395,60
405100,큐알티,20260702,-20651,0
004090,한국석유,20260702,16887,55
102120,어보브반도체,20260702,-61781,-2534
088800,에이스테크,20260702,-52026,-96
067280,멀티캠퍼스,20260702,43,0
037350,성도이엔지,20260702,-109005,-1472
078070,유비쿼스홀딩스,20260702,7452,-157
402490,그린리소스,20260702,13652,14
118990,모트렉스,20260702,-6565,0
126640,화신정공,20260702,-65801,1615
094280,효성ITX,20260702,4550,96
023600,삼보판지,20260702,-737,-2
092220,KEC,20260702,72076,567
260970,에스앤디,20260702,-6913,7836
448100,WON 200,20260702,5,-305
025820,이구산업,20260702,-43581,133
372170,윤성에프앤씨,20260702,1050,9
114840,아이패밀리에스씨,20260702,2556,-280
025950,동신건설,20260702,9100,-29
146320,비씨엔씨,20260702,-17950,-23
069510,에스텍,20260702,-2381,0
068790,DMS,20260702,-7610,-6023
012610,경인양행,20260702,-84208,48
015890,태경산업,20260702,12658,322
024060,흥구석유,20260702,32888,50
038290,마크로젠,20260702,1701,1
357880,SKAI,20260702,246993,-3114
126730,코칩,20260702,17301,1156
049720,고려신용정보,20260702,-1766,9
445180,퓨릿,20260702,-25521,24
001540,안국약품,20260702,5079,1116
006060,화승인더,20260702,16210,-2082
109740,디에스케이,20260702,3489,0
005990,매일홀딩스,20260702,-251,0
293580,나우IB,20260702,-43429,70
008350,남선알미늄,20260702,-18781,438
106190,하이텍팜,20260702,2877,0
211270,AP위성,20260702,-302,-1019
013520,화승코퍼레이션,20260702,-7547,371
004960,한신공영,20260702,-24142,48
469610,이노테크,20260702,-706,1202
269620,시스웍,20260702,0,0
311320,지오엘리먼트,20260702,-50191,48767
489500,엘케이켐,20260702,-9457,1249
095190,신화프리텍,20260702,-57758,3208
432720,퀄리타스반도체,20260702,13544,0
226590,엠디바이스,20260702,-14332,-244
272550,삼양패키징,20260702,-1368,-8592
081000,일진다이아,20260702,-605,500
474170,루미르,20260702,-8864,-542
012200,계양전기,20260702,3278,15
005160,동국산업,20260702,1787,2890
004080,신흥,20260702,822,139
077500,유니퀘스트,20260702,-65537,-1287
149950,아바텍,20260702,-20445,8666
065170,비엘팜텍,20260702,27243,3807
042600,새로닉스,20260702,-3823,1416
210540,디와이파워,20260702,-2517,3051
388790,라이콤,20260702,31888,0
007540,샘표,20260702,169,47
214420,토니모리,20260702,-29310,-121
086980,쇼박스,20260702,9000,-2996
293780,압타바이오,20260702,-18855,-438
136540,윈스테크넷,20260702,4920,-3982
140670,알에스오토메이션,20260702,-16065,-140
037560,LG헬로비전,20260702,-109204,295
264850,이랜시스,20260702,-23768,1
024090,디씨엠,20260702,552,-2330
004150,한솔홀딩스,20260702,-13578,-1958
366030,나인앤컴퍼니,20260702,7026,0
036690,코맥스,20260702,0,0
199430,케이엔알시스템,20260702,-13925,69
008970,KBI동양철관,20260702,-112965,289
458650,성우,20260702,-6686,0
003100,선광,20260702,227,-657
001360,삼성제약,20260702,-12940,-1711
232680,라온로보틱스,20260702,-53446,0
002460,HS화성,20260702,-854,23
011280,태림포장,20260702,4058,283
408920,메쎄이상,20260702,-637,-69
122450,KX,20260702,3588,-2121
285490,노바텍,20260702,-19276,-38
089470,HDC현대EP,20260702,-8709,4168
259630,엠플러스,20260702,-401,-29169
452450,피아이이,20260702,-52365,0
091590,남화토건,20260702,1848,-70
418420,라온텍,20260702,114749,-121
107590,미원홀딩스,20260702,0,11
214390,경보제약,20260702,10398,226
240550,동방메디컬,20260702,1130,14678
020120,키다리스튜디오,20260702,-25300,30057
350520,이지스레지던스리츠,20260702,-3332,5813
297890,HB솔루션,20260702,-84297,-7264
473980,노머스,20260702,-11191,28102
264660,씨앤지하이테크,20260702,-37271,10
014280,금강공업,20260702,-1914,256
041440,현대에버다임,20260702,-4953,-3120
950190,고스트스튜디오,20260702,25317,0
339950,아이비김영,20260702,5728,-469
009070,KCTC,20260702,-15193,121
021320,KCC건설,20260702,-20192,0
083500,에프엔에스테크,20260702,-41327,-26508
256940,킵스파마,20260702,-14485,2163
025620,차AI헬스케어,20260702,5978,-43
053080,케이엔솔,20260702,-11457,20
307750,국전,20260702,-10523,-1108
073010,케이에스피,20260702,16689,-787
282880,코윈테크,20260702,-1681,4978
011690,와이투솔루션,20260702,15600,98
090850,현대이지웰,20260702,15871,12020
079430,현대리바트,20260702,4998,85
321550,티움바이오,20260702,-20833,7758
267320,나인테크,20260702,-76833,0
067990,도이치모터스,20260702,-3537,24661
078000,텔코웨어,20260702,-1634,29
108230,톱텍,20260702,-42164,1
220260,켐트로스,20260702,-13114,10
163730,핑거,20260702,-6795,-1575
001520,동양,20260702,46965,-61205
009270,신원,20260702,89478,-43693
038540,상상인,20260702,40004,7820
380550,뉴로핏,20260702,1030,1347
094840,슈프리마에이치큐,20260702,15320,5485
017510,세명전기,20260702,-175546,65
089600,KT나스미디어,20260702,1152,-166
067900,와이엔텍,20260702,1587,-1664
310200,애니플러스,20260702,-16508,100
002220,한일철강,20260702,-31669,109
498180,파워 종합채권(AA-이상)액티브,20260702,0,0
001260,남광토건,20260702,-58552,14744
142210,유니트론텍,20260702,-48348,50
300080,플리토,20260702,5132,-567
018470,조일알미늄,20260702,-146718,433
017550,수산세보틱스,20260702,-187960,317
041590,플래스크,20260702,0,0
013990,아가방컴퍼니,20260702,9524,0
267290,경동도시가스,20260702,-2437,-2956
047310,파워로직스,20260702,-31566,-2143
289080,SV인베스트먼트,20260702,-115757,0
263860,지니언스,20260702,-3355,3784
093640,케이알엠,20260702,-12504,165
004250,NPC,20260702,10088,-9910
340450,지씨지놈,20260702,-13693,-1705
488280,에스투더블유,20260702,-24475,-3373
027710,팜스토리,20260702,31372,200839
034590,인천도시가스,20260702,1432,-232
308080,바이젠셀,20260702,-18643,-2134
070960,모나용평,20260702,6424,-1715
105330,케이엔더블유,20260702,82,-24
095700,제넥신,20260702,-21522,397
013360,일성건설,20260702,-22859,-450
012320,경동인베스트,20260702,-1568,-179
035000,HS애드,20260702,3188,-3634
008040,사조동아원,20260702,42317,-67824
010100,한국무브넥스,20260702,2414,2780
115310,인포바인,20260702,3182,0
015590,DKME,20260702,9782,348
005800,신영와코루,20260702,485,1280
051160,지어소프트,20260702,2256,28
246710,티앤알바이오팹,20260702,-27728,-27761
066980,한성크린텍,20260702,184560,-66055
032940,원익,20260702,-66799,34
227840,현대코퍼레이션홀딩스,20260702,950,-80
014580,태경비케이,20260702,5441,107
331920,셀레믹스,20260702,-5070,0
297090,씨에스베어링,20260702,-97664,6083
338220,뷰노,20260702,-1964,65
019180,티에이치엔,20260702,22056,-3410
080420,모다이노칩,20260702,966,0
120030,조선선재,20260702,13,182
148150,세경하이테크,20260702,-19284,68
166480,코아스템켐온,20260702,-58608,0
217270,넵튠,20260702,5642,-26
054050,NH농우바이오,20260702,-1038,-5554
011810,STX,20260702,0,0
016710,대성홀딩스,20260702,12927,-5841
453450,그리드위즈,20260702,-4806,2
049520,유아이엘,20260702,-14790,-21
018120,진로발효,20260702,74,0
009780,엠에스씨,20260702,153,-4
013570,디와이,20260702,12457,-4871
486240,DAISHIN343 AI반도체&인프라액티브,20260702,1,315
047770,코데즈컴바인,20260702,-30821,66
083420,그린케미칼,20260702,1125,83
035080,그래디언트,20260702,-2326,4
111710,남화산업,20260702,1106,4590
039560,다산네트웍스,20260702,-48418,1212
336680,탑런토탈솔루션,20260702,1753,0
141000,비아트론,20260702,-26401,0
014530,극동유화,20260702,-5027,90
289930,웨이비스,20260702,-13976,-1499
306620,지아이에스,20260702,-228201,24629
073560,우리손에프앤지,20260702,5231,0
209640,와이제이링크,20260702,-51338,-814
006620,동구바이오제약,20260702,12732,2634
063570,NICE인프라,20260702,6051,3357
052260,현대바이오랜드,20260702,13267,1546
290720,푸드나무,20260702,-11629,0
299030,하나기술,20260702,-2062,-1313
002390,한독,20260702,-954,46
267850,아시아나IDT,20260702,2483,455
225530,HC보광산업,20260702,-74935,-4207
475580,에이럭스,20260702,-20206,25
187790,나노,20260702,-81536,14031
322510,제이엘케이,20260702,15039,-117
039340,한국경제TV,20260702,-564,-802
417010,나노팀,20260702,-19454,204
131030,옵투스제약,20260702,-1597,0
035610,솔본,20260702,639,0
016740,두올,20260702,4021,8335
321370,센서뷰,20260702,-18600,-434
012800,대창,20260702,-141683,-328
115500,케이씨에스,20260702,-22594,136
071280,로체시스템즈,20260702,-39157,-18201
417500,제이아이테크,20260702,-79866,-1
123690,한국화장품,20260702,-11892,93
002450,삼익악기,20260702,29225,14339
264900,크라운제과,20260702,2284,13507
002620,제일파마홀딩스,20260702,261,298
125210,아모그린텍,20260702,-28439,-27457
333430,일승,20260702,-21153,-56
010960,삼호개발,20260702,-213222,-380367
027970,한국제지,20260702,1470,10142
013310,아진산업,20260702,9813,-7419
101170,우림피티에스,20260702,-16245,92
021820,세원정공,20260702,-1121,562
059210,메타바이오메드,20260702,-5178,0
021080,에이티넘인베스트,20260702,-93232,-7847
056090,시지메드텍,20260702,116020,12806
205100,엑셈,20260702,-95329,-5177
053700,삼보모터스,20260702,-425,-3504
235980,메드팩토,20260702,28288,-5588
123040,엠에스오토텍,20260702,1229,-3937
323990,박셀바이오,20260702,18829,-408
149980,하이로닉,20260702,7131,979
037030,파워넷,20260702,-14842,0
228850,레이언스,20260702,-1705,264
489460,바이오비쥬,20260702,8550,0
465780,마이티 26-09 특수채(AAA)액티브,20260702,0,17
156100,엘앤케이바이오,20260702,10052,2745
009580,무림P&P,20260702,-20501,247
248170,샘표식품,20260702,-388,15
309960,LB인베스트먼트,20260702,-3550,33
158430,아톤,20260702,12436,-832
014790,HL D&I,20260702,-24813,-6722
041520,이엘씨,20260702,-11139,-23
205500,넥써쓰,20260702,-34768,-2158
119650,KC코트렐,20260702,0,0
474610,RF시스템즈,20260702,-5606,0
007610,선도전기,20260702,-300929,0
246720,아스타,20260702,0,0
007210,벽산,20260702,-1143,236
104460,디와이피엔에프,20260702,-6771,-6
054540,삼영엠텍,20260702,-13423,-499
051980,중앙첨단소재,20260702,-31655,466
120240,대정화금,20260702,5013,-611
040300,YTN,20260702,354,0
487580,폴레드,20260702,-29247,-16382
100700,세운메디칼,20260702,14602,3520
078935,GS우,20260702,-203,1229
023450,동남합성,20260702,-704,999
419050,삼기에너지솔루션즈,20260702,-1058030,28252
362320,청담글로벌,20260702,8692,0
066790,씨씨에스,20260702,0,0
052900,KX하이텍,20260702,-307999,-44074
198440,강동씨앤엘,20260702,-93540,-1279
214680,디알텍,20260702,-12570,0
096250,와이즈넛,20260702,-31279,0
068240,다원시스,20260702,0,0
109610,에스와이,20260702,-54704,0
255440,야스,20260702,-6937,0
352090,스톰테크,20260702,327,21
136150,원일티엔아이,20260702,-3791,0
950250,테라뷰,20260702,20580,0
263720,디앤씨미디어,20260702,-2334,-721
008700,아남전자,20260702,-100045,13981
067830,세이브존I&C,20260702,15004,1329
182360,큐브엔터,20260702,5176,511
337930,젝시믹스,20260702,-13488,21574
059120,아진엑스텍,20260702,-23216,201
265740,엔에프씨,20260702,-8391,144
307930,컴퍼니케이,20260702,-4913,0
189330,씨이랩,20260702,-59142,90
002210,동성제약,20260702,0,0
317770,엑스페릭스,20260702,-72271,0
212710,아이에스티이,20260702,-70507,17100
475430,키스트론,20260702,37337,0
058850,KTcs,20260702,-18132,167
049950,미래컴퍼니,20260702,-9172,0
001275,부국증권우,20260702,0,0
036010,아비코전자,20260702,-67091,-61646
298540,더네이쳐홀딩스,20260702,8248,-2191
047560,이스트소프트,20260702,-19139,9928
053260,금강철강,20260702,-2862,1
044990,에이치엔에스하이텍,20260702,-1742,-396
096240,크레버스,20260702,-6309,-2046
074430,아미노로직스,20260702,25142,-130
040420,정상제이엘에스,20260702,12827,-3407
452190,한빛레이저,20260702,-37832,0
434960,DAISHIN343 K200,20260702,434,-401
042500,링네트,20260702,-8894,26
005860,한일사료,20260702,18713,443
058630,엠게임,20260702,-10335,22820
086710,선진뷰티사이언스,20260702,-5086,6400
396470,워트,20260702,-30361,-32
221800,지구홀딩스,20260702,-7316,0
065450,빅텍,20260702,-25572,3
008830,대동기어,20260702,11980,21
032560,황금에스티,20260702,4283,463
322180,LS티라유텍,20260702,-54790,-1570
226400,오스테오닉,20260702,-7664,-20327
365330,에스와이스틸텍,20260702,137770,0
093920,서원인텍,20260702,8107,58
008260,NI스틸,20260702,-28623,115
014440,영보화학,20260702,256,67
072020,중앙백신,20260702,2106,18
217820,원익피앤이,20260702,-1182,-17002
100130,동국S&C,20260702,15989,219
009190,대양금속,20260702,91874,757
002700,신일전자,20260702,-62522,416
058860,KTis,20260702,-991,119
002230,피에스텍,20260702,-7699,272
066430,아이로보틱스,20260702,-59198,0
357230,에이치피오,20260702,4265,-386
036580,팜스코,20260702,-562,4909
088130,동아엘텍,20260702,-11552,-1691
004140,동방,20260702,-7248,574
004100,태양금속,20260702,48294,144
086960,MDS테크,20260702,10815,-681
023000,삼원강재,20260702,4080,-782
054920,한컴위드,20260702,28403,-3132
023800,인지컨트롤스,20260702,-43458,-169
389030,지니너스,20260702,43453,1787
001290,상상인증권,20260702,114649,-15062
032300,한국파마,20260702,292,23
078890,가온그룹,20260702,-1992,0
282720,금양그린파워,20260702,-3016,110
023900,풍국주정,20260702,-1471,29
290740,액트로,20260702,-12607,196
330730,스톤브릿지벤처스,20260702,-17623,-38
006660,삼성공조,20260702,-3682,30
033290,로젠,20260702,7628,104
040160,누리플렉스,20260702,27544,-24
099750,이지케어텍,20260702,-118,695
396300,세아메카닉스,20260702,-32798,-171
130580,나이스디앤비,20260702,2017,795
102370,케이옥션,20260702,-31107,1
004650,창해에탄올,20260702,7345,99
029480,광무,20260702,-36666,140
066590,스모트로닉,20260702,-9416,-301
063170,서울옥션,20260702,-11451,139
092040,아미코젠,20260702,-57443,41136
250060,모비스,20260702,-10130,0
172670,에이엘티,20260702,-31357,38
444490,WON 미국S&P500,20260702,0,-128
488720,WON 종합채권(AA-이상)액티브,20260702,0,191
413630,씨피시스템,20260702,-159686,15
418470,KT밀리의서재,20260702,-840,-1868
036220,오상헬스케어,20260702,705,34
493330,지에프아이,20260702,-736,0
004890,동일산업,20260702,312,16
091440,한울소재과학,20260702,-27321,-10
011370,서한,20260702,-69295,223
049180,셀루메드,20260702,0,0
005740,크라운해태홀딩스,20260702,1313,39
047820,초록뱀미디어,20260702,5596,-12
192410,오늘이엔엠,20260702,8589,-23
078140,대봉엘에스,20260702,6305,0
183490,엔지켐생명과학,20260702,0,0
002600,조흥,20260702,0,0
412350,레이저쎌,20260702,-73948,-9302
085670,뉴프렉스,20260702,-49489,-20
067290,JW신약,20260702,46960,280
139990,아주스틸,20260702,-6272,2091
950130,엑세스바이오,20260702,-4591,0
004840,DRB동일,20260702,346,-3629
052420,오성첨단소재,20260702,-2385,6016
037760,쎄니트,20260702,-525,0
038110,에코플라스틱,20260702,4497,-17671
348350,위드텍,20260702,-12573,1
030960,양지사,20260702,-34325,0
043610,KT지니뮤직,20260702,10585,141
011700,한신기계,20260702,-44009,118
063080,컴투스홀딩스,20260702,98,-81
223250,드림씨아이에스,20260702,-4215,0
173130,오파스넷,20260702,-1259,0
000850,화천기공,20260702,-2290,886
302550,리메드,20260702,-153,20000
000590,CS홀딩스,20260702,117,8
084670,동양고속,20260702,-4083,8
013700,까뮤이앤씨,20260702,14138,228
004590,한국가구,20260702,-6125,25
026150,특수건설,20260702,-115273,264
042510,라온시큐어,20260702,-15578,-4026
330350,위더스제약,20260702,2056,438
009300,삼아제약,20260702,-585,0
175250,아이큐어,20260702,0,0
053580,웹케시,20260702,-9891,20001
215100,로보로보,20260702,-5210,202
007980,TP,20260702,8487,166
019540,일지테크,20260702,8930,-3997
451220,아이엠티,20260702,-30960,107
412540,제일엠앤에스,20260702,0,0
017370,우신시스템,20260702,11866,73
234030,싸이닉솔루션,20260702,-10827,-53
069730,DSR제강,20260702,-5767,50
003580,HLB글로벌,20260702,-6215,1275
307870,비투엔,20260702,-366,0
000440,중앙에너비스,20260702,2362,0
019680,대교,20260702,14649,-21496
382840,원준,20260702,709,2
163560,동일고무벨트,20260702,-2949,47
001470,삼부토건,20260702,0,0
475230,엔알비,20260702,-6440,-16830
303810,동국생명과학,20260702,-2348,81
456070,이엔셀,20260702,-2645,24
054670,대한뉴팜,20260702,5662,-1
065510,휴비츠,20260702,-4531,14490
107600,새빗켐,20260702,-1128,-27
109070,주성코퍼레이션,20260702,-23582,1
024880,케이피에프,20260702,-6063,4123
320000,한울반도체,20260702,-54861,241
101330,모베이스,20260702,-7017,59
115440,우리넷,20260702,10379,341
458030,WON 국공채머니마켓액티브,20260702,0,1213
491700,HK 200,20260702,56,-59
381620,제닉스로보틱스,20260702,-4025,0
052860,아이앤씨,20260702,-26428,2913
179900,유티아이,20260702,-53980,640
067370,선바이오,20260702,-1525,0
017650,대림제지,20260702,164,0
054040,한국컴퓨터,20260702,-3056,41
024830,세원물산,20260702,-372,0
396270,넥스트칩,20260702,38604,-2000
360070,탑머티리얼,20260702,7321,-4179
451250,삐아,20260702,-11857,0
013870,지엠비코리아,20260702,8294,874
363280,티와이홀딩스,20260702,-4563,-8044
019550,SBI인베스트먼트,20260702,-43694,32235
263800,데이타솔루션,20260702,-20103,64
067570,엔브이에이치코리아,20260702,3788,-5094
054620,APS,20260702,-7232,-22394
006840,AK홀딩스,20260702,1066,100
331740,아우토크립트,20260702,-207,-6361
007590,동방아그로,20260702,3,-2613
009180,한솔로지스틱스,20260702,-1403,93
129920,대성하이텍,20260702,1607,33
111380,동인기연,20260702,396,143
002200,한국수출포장,20260702,-9226,-3941
004440,삼일씨엔에스,20260702,25996,99
131370,알서포트,20260702,-15111,-23627
357580,아모센스,20260702,-53643,-6739
012700,리드코프,20260702,-3016,-601
234300,에스트래픽,20260702,17211,49
238090,앤디포스,20260702,-28946,72
067000,조이시티,20260702,-180452,2872
083790,CG인바이츠,20260702,45791,3
046940,우원개발,20260702,-380641,-4899
214260,라파스,20260702,17264,0
228340,동양파일,20260702,37802,-88740
014160,대영포장,20260702,39883,-29627
036640,HRS,20260702,-8184,4940
094860,네오리진,20260702,37689,0
900260,로스웰,20260702,-116,0
265560,영화테크,20260702,-5793,0
053280,예스24,20260702,3265,70
061040,알에프텍,20260702,3873,-25
170030,현대공업,20260702,-5440,5804
006090,사조오양,20260702,1591,-122
048530,인트론바이오,20260702,-10122,8
063160,종근당바이오,20260702,973,38
066700,테라젠이텍스,20260702,9799,-10654
208140,정다운,20260702,11617,-1311
251120,바이오에프디엔씨,20260702,-2122,-13
060590,씨티씨바이오,20260702,-2001,-7116
017480,삼현철강,20260702,-790,7406
011320,유니크,20260702,-6835,1
044340,위닉스,20260702,2910,2
040910,아이씨디,20260702,-24144,0
171120,라이온켐텍,20260702,-12005,17
001020,페이퍼코리아,20260702,1590,11
079650,서산,20260702,-15803,0
000230,일동홀딩스,20260702,6241,7
045970,코아시아,20260702,-44699,-1
067170,오텍,20260702,8783,753
347890,엠엑스온,20260702,13365,47
020710,시공테크,20260702,-20326,-16585
323350,다원넥스뷰,20260702,3169,-6050
005750,대림바스,20260702,6500,-9128
162300,신스틸,20260702,-8171,0
338100,NH프라임리츠,20260702,-4567,-2050
124560,태웅로직스,20260702,450,107
011150,CJ씨푸드,20260702,3994,23
440910,WON 미국우주항공방산,20260702,519,3318
382480,지아이텍,20260702,-7616,0
110790,크리스에프앤씨,20260702,-493,3
155660,DSR,20260702,20924,-694
058400,KNN,20260702,0,17
096775,SK이노베이션우,20260702,-815,0
208370,셀바스헬스케어,20260702,4899,0
234920,자이글,20260702,0,0
004720,팜젠사이언스,20260702,2288,54
228670,레이,20260702,-1815,4
033130,디지틀조선,20260702,2466,80
007110,일신석재,20260702,74994,-19736
203400,에이비온,20260702,207266,293
088390,이녹스,20260702,-3474,0
122350,삼기,20260702,-49850,177
002720,국제약품,20260702,-8291,72
090470,제이스로보틱스,20260702,-16980,0
389140,포바이포,20260702,2853,-81
217330,싸이토젠,20260702,3075,-17060
000105,유한양행우,20260702,-233,641
217190,제너셈,20260702,-46,0
417970,모델솔루션,20260702,-3198,0
443670,에스피소프트,20260702,16495,0
142280,녹십자엠에스,20260702,28321,-3897
058730,다스코,20260702,3421,4059
290660,다이나믹솔루션,20260702,14232,-8228
388870,파로스아이바이오,20260702,5479,-7523
332370,아이디피,20260702,-2847,0
126880,제이엔케이글로벌,20260702,1282,115
041930,SY동아,20260702,8022,47
000180,성창기업지주,20260702,4823,-160
288180,케이피항공산업,20260702,769,0
061250,화일약품,20260702,198,0
105740,디케이락,20260702,-5287,27
348150,고바이오랩,20260702,953,0
039010,현대에이치티,20260702,-11219,0
413390,엠오티,20260702,-3132,5000
073640,테라사이언스,20260702,0,0
478560,블랙야크아이앤씨,20260702,6064,1887
128660,피제이메탈,20260702,-4305,652
066310,큐에스아이,20260702,-31343,-328
062970,한국첨단소재,20260702,-27404,245
095720,웅진씽크빅,20260702,10969,-7310
196490,디에이테크놀로지,20260702,0,0
053350,이니텍,20260702,8164,0
032850,비트컴퓨터,20260702,4806,0
261780,아리바이오랩,20260702,-24078,0
417790,트루엔,20260702,5239,0
100220,비상교육,20260702,10576,-135
032540,TJ미디어,20260702,-575,-37
024740,한일단조,20260702,2310,0
041460,한국전자인증,20260702,-21457,43251
041910,폴라리스AI파마,20260702,-27054,0
080010,이상네트웍스,20260702,23,0
373200,엑스플러스,20260702,-12416,0
010040,한국내화,20260702,16329,-6468
014970,삼륭물산,20260702,3777,0
294630,서남,20260702,-2864,75
001560,제일연마,20260702,-456,140
048430,유라테크,20260702,-5358,14
443250,레뷰코퍼레이션,20260702,-1064,0
009770,삼정펄프,20260702,34,-136
464490,쿼드메디슨,20260702,-11594,-2094
007680,대원,20260702,-19725,-1162
091120,이엠텍,20260702,-13649,1
153710,옵티팜,20260702,3407,0
084730,팅크웨어,20260702,-3852,-8
070300,엑스큐어,20260702,15179,-1281
046210,HLB파나진,20260702,-3389,0
347000,센코,20260702,12065,397
059270,해성에어로보틱스,20260702,10800,681
131400,이브이첨단소재,20260702,-182552,169
043650,국순당,20260702,34323,1919
432470,케이엔에스,20260702,-3954,22
081150,티플랙스,20260702,-37122,0
201490,미투온,20260702,14993,-608
006140,피제이전자,20260702,-2381,-3603
277880,티에스아이,20260702,22524,0
002795,아모레퍼시픽홀딩스우,20260702,7833,0
072130,유엔젤,20260702,5794,38
457370,한켐,20260702,27094,2
060570,드림어스컴퍼니,20260702,-313,2367
109860,동일금속,20260702,56,-335
241690,유니테크노,20260702,8737,-7693
016090,대현,20260702,18669,28791
002800,신신제약,20260702,-3839,0
120115,코오롱인더우,20260702,449,-89
424960,스마트레이더시스템,20260702,-7135,33
377480,마음AI,20260702,12465,0
006890,태경케미컬,20260702,2061,243
039980,폴라리스AI,20260702,-4666,0
018500,동원금속,20260702,-17123,15
038460,바이오스마트,20260702,-11228,460
137080,나래나노텍,20260702,-6807,0
011230,삼화전자,20260702,-4074,2003
123420,위메이드플레이,20260702,-80919,-412
036000,예림당,20260702,2403,-68
079810,APS이노베이션,20260702,-12541,-212
045660,에이텍,20260702,-4226,-23
010240,흥국,20260702,4889,238
005870,휴니드,20260702,-12298,51
055490,테이팩스,20260702,-4363,331
085310,엔케이,20260702,-93,24
003925,남양유업우,20260702,-176,-219
079980,휴비스,20260702,3449,22770
222110,팬젠,20260702,-637,0
094850,참좋은여행,20260702,-10745,0
453860,에이에스텍,20260702,4008,0
043710,코스리거글로벌,20260702,821,0
033560,블루콤,20260702,-10,10027
068290,삼성출판사,20260702,-4182,10035
204840,지엘팜텍,20260702,-4583,-84
187420,HLB제넥스,20260702,-13192,-421
408470,한패스,20260702,2561,1680
347860,알체라,20260702,-54989,0
016250,SGC E&C,20260702,1610,-1688
036630,세종텔레콤,20260702,-4868,33
411080,샌즈랩,20260702,-7637,-129
012790,신일제약,20260702,-431,11584
253840,수젠텍,20260702,9785,0
038680,에스넷,20260702,-20243,64
100590,머큐리,20260702,-14930,3209
001840,이화공영,20260702,0,0
302430,이노메트리,20260702,-2688,0
031820,아이티센씨티에스,20260702,-12066,-23
216050,인크로스,20260702,4620,-1395
439580,블루엠텍,20260702,59849,650
294090,이오플로우,20260702,0,0
010660,화천기계,20260702,23856,87
060310,3S,20260702,-128965,238
014470,부방,20260702,52305,0
072950,빛샘전자,20260702,-19747,-2265
460940,피앤에스로보틱스,20260702,-6572,42
140070,서플러스글로벌,20260702,2439,-1474
039020,이건홀딩스,20260702,-5134,3690
089850,유비벨록스,20260702,3587,0
071090,하이스틸,20260702,-28830,61
004780,대륙제관,20260702,-1719,6984
096350,대창솔루션,20260702,-11298,32
396690,미래에셋글로벌리츠,20260702,-9551,-3808
082210,옵트론텍,20260702,-44271,24
370090,퓨런티어,20260702,-789,25
286750,나노실리칸첨단소재,20260702,-33156,105
010280,아이티센엔텍,20260702,-7837,0
003780,진양산업,20260702,7978,51
101140,인바이오젠,20260702,346,6
117670,알파칩스,20260702,1078,1
076610,해성옵틱스,20260702,-183555,0
005670,푸드웰,20260702,962,0
039420,케이엘넷,20260702,13817,-2000
049550,잉크테크,20260702,3971,0
168330,내츄럴엔도텍,20260702,3661,-1301
111110,호전실업,20260702,1302,26
036090,위지트,20260702,-62438,-1768
448710,코츠테크놀로지,20260702,-9604,0
476040,오가노이드사이언스,20260702,-2369,15
214270,FSN,20260702,-4102,0
000220,유유제약,20260702,2507,57
048910,대원미디어,20260702,3852,33
463020,뉴엔AI,20260702,-5862,485
001210,금호전기,20260702,271650,99
185490,아이진,20260702,36250,-60917
088910,동우팜투테이블,20260702,6686,322
014910,성문전자,20260702,-47192,75
273640,와이엠텍,20260702,3316,35
082850,우리바이오,20260702,-2420,-61
129260,인터지스,20260702,252,99
333620,엔시스,20260702,-2928,0
007820,엠엑스로보틱스,20260702,7318,0
036670,삼양케이씨아이,20260702,3306,0
009200,무림페이퍼,20260702,4913,283
004770,써니전자,20260702,76319,119
007460,에이프로젠,20260702,282,87
225190,LK삼양,20260702,-68873,203
049480,오픈베이스,20260702,3005,0
137950,제이씨케미칼,20260702,-84,8
024900,디와이덕양,20260702,-8620,-11134
246960,SCL사이언스,20260702,-2190,-471
039610,화성밸브,20260702,-3258,0
205470,휴마시스,20260702,-5355,0
442260,마이티 다이나믹퀀트액티브,20260702,0,-776
007280,한국특강,20260702,6791,91
446840,지슨,20260702,0,0
008370,원풍,20260702,724,-41
104620,노랑풍선,20260702,-5189,0
099520,DGI,20260702,0,0
215360,우리산업,20260702,-2913,0
140950,파워 코스피100,20260702,47,533
175140,휴먼테크놀로지,20260702,-5232,-79
042110,에스씨디,20260702,-46094,0
459100,위츠,20260702,-6799,2
311690,CJ 바이오사이언스,20260702,-451,0
950200,소마젠,20260702,-22985,0
089230,THE E&M,20260702,-16401,0
010470,오리콤,20260702,3107,398
003310,대주산업,20260702,-44344,0
010770,평화홀딩스,20260702,-1114,2
025550,한국선재,20260702,28174,-105
003010,혜인,20260702,-2044,-2572
318160,셀바이오휴먼텍,20260702,-2222,10000
040610,SG&G,20260702,-2930,278
263690,디알젬,20260702,-1272,2854
004450,삼화왕관,20260702,29,-182
191420,테고사이언스,20260702,-3362,-500
053620,태양,20260702,-420,0
251630,브이원텍,20260702,-22831,-1506
136410,아셈스,20260702,619,38
299170,더블유에스아이,20260702,4679,-884
075180,새론오토모티브,20260702,-292,714
378850,화승알앤에이,20260702,-2147,67
007815,코리아써우,20260702,-3,0
092440,기신정기,20260702,13680,-12452
045340,토탈소프트,20260702,-5974,0
155650,와이엠씨,20260702,-5055,0
179530,애드바이오텍,20260702,-859,0
001550,조비,20260702,-743,18
054300,팬스타엔터프라이즈,20260702,-57067,204
340930,성원에너텍,20260702,0,0
053050,지에스이,20260702,6797,0
027050,코리아나,20260702,2964,0
003475,유안타증권우,20260702,-3410,430
039240,경남스틸,20260702,19887,0
006880,신송홀딩스,20260702,4765,-1958
303360,프로티아,20260702,-32,0
317830,에스피시스템스,20260702,26228,34
101670,하이드로리튬,20260702,20700,0
067920,이글루,20260702,6316,2513
033310,엠투엔,20260702,5991,0
463480,모티브링크,20260702,3427,44
263600,덕우전자,20260702,-11884,0
007370,진양제약,20260702,-1026,0
217480,에스디생명공학,20260702,0,0
053160,프리엠스,20260702,1354,2389
002760,보락,20260702,-8241,-9793
000725,현대건설우,20260702,-1,-2
037440,희림,20260702,-218582,47
033320,제이씨현시스템,20260702,-17944,0
002630,오리엔트바이오,20260702,-37267,22
291650,압타머사이언스,20260702,-20241,0
100030,인지소프트,20260702,-306,10
024910,경창산업,20260702,693,0
036120,서울평가정보,20260702,4156,1075
003465,유화증권우,20260702,-9,0
064240,홈캐스트,20260702,-1598,-3
050960,수산아이앤티,20260702,1674,0
097800,윈팩,20260702,-9415,94
060560,HC홈센타,20260702,638,-61
123010,알엔티엑스,20260702,193648,271
012690,모나리자,20260702,3469,109
081180,쎄크,20260702,-16292,120
145170,노브랜드,20260702,-189,0
099220,SDN,20260702,-51219,377
384470,코어라인소프트,20260702,-15907,0
071670,에이테크솔루션,20260702,-20246,-433
092300,현우산업,20260702,-43197,8601
064800,포니링크,20260702,-2922,98
104540,코렌텍,20260702,6240,49
033340,좋은사람들,20260702,155690,348
214330,금호에이치티,20260702,0,0
004540,깨끗한나라,20260702,-159,270
038010,제일테크노스,20260702,-5548,9333
005305,롯데칠성우,20260702,602,-298
002410,범양건영,20260702,0,0
452400,이닉스,20260702,725,-12
347740,피엔케이피부임상연구센타,20260702,4714,0
004830,덕성,20260702,25639,113
270520,앱튼,20260702,4254,-10760
065530,와이어블,20260702,17803,2400
037950,엘컴텍,20260702,-606,0
027830,대성창투,20260702,47177,206
317850,대모,20260702,-12769,0
260930,씨티케이,20260702,1793,0
054930,유신,20260702,-10559,-1442
192250,케이사인,20260702,2468,0
004060,SG세계물산,20260702,5958,-278
163280,에어레인,20260702,-6543,365
033230,인성정보,20260702,19917,676
025530,SJM홀딩스,20260702,815,407
095270,웨이브일렉트로,20260702,-12602,2
042940,상지건설,20260702,28452,-3453
331380,포커스에이아이,20260702,-4378,-135
026940,부국철강,20260702,129206,69
063440,SM Life Design,20260702,-2636,1776
056360,코위버,20260702,-29770,1
134580,탑코미디어,20260702,-4203,0
006980,우성,20260702,-1466,1159
057540,옴니시스템,20260702,-38264,0
278650,HLB바이오스텝,20260702,-3570,0
096610,알에프세미,20260702,0,0
123700,SJM,20260702,-5008,51
435570,에르코스,20260702,1368,0
019990,에너토크,20260702,-9307,3
001620,케이비아이동국실업,20260702,-525,-5864
391710,코닉오토메이션,20260702,-956,-152
020760,일진디스플,20260702,0,0
000890,보해양조,20260702,37623,-3260
053450,세코닉스,20260702,-15897,-55
048770,TPC로보틱스,20260702,-3327,-1718
241790,티이엠씨씨엔에스,20260702,39691,101
471820,셀로맥스사이언스,20260702,-176,0
321260,프로이천,20260702,2044,267
001465,BYC우,20260702,59,4
053270,구영테크,20260702,29147,-3582
393970,대진첨단소재,20260702,0,0
461030,아이엠비디엑스,20260702,1840,-73
052790,액토즈소프트,20260702,9520,346
294140,레몬,20260702,6169,0
170790,파이오링크,20260702,-2485,0
256630,포인트엔지니어링,20260702,-715,0
314140,알피바이오,20260702,2839,0
023810,인팩,20260702,-523,1579
122310,제노레이,20260702,3199,0
021050,서원,20260702,-7495,349
015710,코콤,20260702,-2480,68
004920,씨아이테크,20260702,30047,-138
262260,에이프로,20260702,-36621,1741
033540,파라텍,20260702,-13010,0
053980,오상자이엘,20260702,6651,79
084650,랩지노믹스,20260702,-114370,-146
472840,IBK 200,20260702,-866,850
011000,진원생명과학,20260702,0,0
442090,에셋플러스 코리아대장장이액티브,20260702,-627,1912
014950,삼익제약,20260702,28813,2443
317690,퀀타매트릭스,20260702,8048,0
109080,옵티시스,20260702,-7228,0
420570,제이투케이바이오,20260702,5012,0
000950,전방,20260702,717,4
065130,탑엔지니어링,20260702,-17965,0
372910,한컴라이프케어,20260702,-15209,6
082660,코스나인,20260702,0,0
352910,오비고,20260702,3527,-874
088280,쏘닉스,20260702,-17084,-633
023350,한국종합기술,20260702,14421,80
011390,부산산업,20260702,-979,5
418250,시큐레터,20260702,0,0
357250,미래에셋맵스리츠,20260702,5459,896
199550,레이저옵텍,20260702,1208,60
479960,위너스일렉,20260702,-2572,11
198080,캐프,20260702,-28423,-2670
051390,YW,20260702,0,704
009835,한화솔루션우,20260702,-2594,0
006125,SK디스커버리우,20260702,-232,0
452200,민테크,20260702,9159,483
376290,씨유테크,20260702,-84,5000
072990,에이치시티,20260702,-691,62
066670,디티씨,20260702,-1226,0
178780,일월지엠엘,20260702,-4555,0
238120,얼라인드,20260702,-3299,0
023440,제이스코홀딩스,20260702,0,0
407830,에셋플러스 글로벌플랫폼액티브,20260702,0,2341
041650,상신브레이크,20260702,1701,-943
440290,HB인베스트먼트,20260702,556,-1170
090080,평화산업,20260702,-31297,164
004910,조광페인트,20260702,-1718,-26
950220,네오이뮨텍,20260702,29304,382
189980,흥국에프엔비,20260702,1064,176
094940,푸른로보틱스,20260702,-1492,0
099410,동방선기,20260702,2998,0
069460,대호에이엘,20260702,0,0
052460,아이크래프트,20260702,-706,0
317530,에피소드컴퍼니,20260702,4906,-470
480370,씨케이솔루션,20260702,-14936,-30
419080,엔젯,20260702,-4226,111
189690,포시에스,20260702,-1544,0
222420,쎄노텍,20260702,67676,-71
460870,에스엠씨지,20260702,-10975,0
006490,프리티,20260702,0,0
315640,딥노이드,20260702,14397,129
217500,러셀,20260702,-1531,0
072470,우리산업홀딩스,20260702,-1675,-2998
073110,엘엠에스,20260702,8087,-2461
089790,제이티,20260702,-83980,276
092780,DYP,20260702,-10492,3842
276730,한울앤제주,20260702,-8020,0
009320,아진전자부품,20260702,9954,2839
008420,문배철강,20260702,16333,71
460470,아이빔테크놀로지,20260702,-3712,62
005030,부산주공,20260702,0,0
094970,제이엠티,20260702,-17101,-5186
143540,영우디에스피,20260702,-35679,191
052220,iMBC,20260702,-6082,0
104040,디에스엠,20260702,7618,-500
074610,이엔플러스,20260702,0,0
007530,와이엠,20260702,-3281,-2276
003080,SB성보,20260702,1340,3452
002920,유성기업,20260702,-5697,3395
382150,온코크로스,20260702,-4017,-17
147760,피엠티,20260702,-53918,3433
068330,일신바이오,20260702,-10012,0
263700,케어랩스,20260702,8104,2
373160,데이원컴퍼니,20260702,1333,1004
014190,원익큐브,20260702,-12397,-911
288330,파라택시스코리아,20260702,0,0
196450,코아시아씨엠,20260702,-23193,-75
056700,신화인터텍,20260702,-1917,0
037330,인지디스플레,20260702,-8667,0
159580,제로투세븐,20260702,2317,93
012280,영화금속,20260702,29502,45171
207760,미스터블루,20260702,13729,3
413640,비아이매트릭스,20260702,3400,0
066130,하츠,20260702,6714,3356
177900,쓰리에이로직스,20260702,1273,0
190650,코리아에셋투자증권,20260702,-9664,12
006370,대구백화점,20260702,1448,34
000910,유니온,20260702,-6122,49
002140,고려산업,20260702,2437,84
002290,삼일기업공사,20260702,-1393,1
002880,디와이에이,20260702,-168101,64404
017180,명문제약,20260702,14253,271
196300,HLB펩,20260702,-970,0
270870,뉴트리,20260702,-1033,11266
049080,기가레인,20260702,38486,-21364
215380,우정바이오,20260702,-3925,0
104200,NHN벅스,20260702,-5341,0
273060,와이즈버즈,20260702,20797,0
206400,베노티앤알,20260702,1309,0
011420,갤럭시아에스엠,20260702,10332,86
047400,유니온머티리얼,20260702,-13225,101
043340,에쎈테크,20260702,3761,-248
263020,디케이앤디,20260702,7930,15
900250,크리스탈신소재,20260702,-40728,383
360350,코셈,20260702,7,-9
060850,영림원소프트랩,20260702,1259,0
299660,셀리드,20260702,-76052,62
037230,한국팩키지,20260702,9356,3541
450330,하스,20260702,-1312,0
261200,덴티스,20260702,-1244,21
277070,린드먼아시아,20260702,-407,0
025880,케이씨피드,20260702,5929,0
066900,디에이피,20260702,98,0
290670,대보마그네틱,20260702,11339,18
129890,앱코,20260702,39148,-180
466410,사이냅소프트,20260702,1316,0
140520,대창스틸,20260702,1155,0
261520,이지스,20260702,-3296,-14
189860,서전기전,20260702,-35980,0
219420,링크제니시스,20260702,2884,0
038070,서린바이오,20260702,2671,0
258610,케일럼,20260702,1434,491
065440,이루온,20260702,-29267,0
305090,마이크로디지탈,20260702,-21591,1015
019490,엑시큐어하이트론,20260702,0,0
100660,서암기계공업,20260702,-28396,171
227950,엔투텍,20260702,-5756,0
224110,에이텍모빌리티,20260702,1198,6795
481850,신한글로벌액티브리츠,20260702,-1128,-4778
424980,마이크로투나노,20260702,-8335,-839
307280,원바이오젠,20260702,-5178,1772
340360,다보링크,20260702,664119,170
033170,시그네틱스,20260702,-289541,0
237820,플레이디,20260702,-542,0
024950,삼천리자전거,20260702,3861,1
017040,광명전기,20260702,0,0
127710,아시아경제,20260702,-451,-224
153460,네이블,20260702,-1663,-12
171010,램테크놀러지,20260702,-20293,178
050860,아세아텍,20260702,-6033,111
049830,승일,20260702,-236,0
369370,블리츠웨이엔터테인먼트,20260702,-3840,165
229000,젠큐릭스,20260702,-8834,0
123570,이엠넷,20260702,-11549,25859
221980,케이디켐,20260702,14,0
064090,인크레더블버즈,20260702,0,0
084870,TBH글로벌,20260702,7048,177
023960,에쓰씨엔지니어링,20260702,-3022,202
219550,디와이디,20260702,-245,-190
090410,덕신이피씨,20260702,100050,183
065500,오리엔트정공,20260702,42345,-167
122690,서진오토모티브,20260702,-16057,475
226330,신테카바이오,20260702,13281,-103
239890,피엔에이치테크,20260702,-10177,55
263920,휴엠앤씨,20260702,-1578,12000
097870,효성오앤비,20260702,27,44
050120,ES큐브,20260702,96,1
044960,이글벳,20260702,-3108,-12
133820,화인베스틸,20260702,9071,23
134790,시디즈,20260702,-631,5
297570,아틀라스링크,20260702,-20273,504
127980,화인써키트,20260702,-585,61
051490,나라엠앤디,20260702,-4718,70
008870,금비,20260702,65,3
006920,모헨즈,20260702,-5963,-48
299900,위지윅스튜디오,20260702,-39964,794
355690,에이텀,20260702,42828,0
290120,DH오토리드,20260702,29,0
203450,유니온바이오메트릭스,20260702,2938,24
032960,동일기연,20260702,0,0
419120,산돌,20260702,2555,10
086060,진바이오텍,20260702,-4381,0
263810,상신전자,20260702,-2301,23
026910,광진실업,20260702,-11623,2238
246690,TS인베스트먼트,20260702,-2708,-954
263770,유에스티,20260702,-17,-49
250000,보라티알,20260702,1600,0
260660,알리코제약,20260702,2205,0
321820,아티스트컴퍼니,20260702,21826,79
376930,노을,20260702,-111053,0
361570,알비더블유,20260702,4980,4500
019770,서연탑메탈,20260702,2237,0
256150,한독크린텍,20260702,214,2
038060,루멘스,20260702,-35937,251
044480,빌리언스,20260702,-47016,-181
114450,그린생명과학,20260702,14802,-92
014570,고려제약,20260702,-1526,3151
234100,폴라리스세원,20260702,-476,0
408900,스튜디오미르,20260702,3104,46
007120,미래아이앤지,20260702,-14820,95
011300,우성머티리얼스,20260702,-7955,-1
221840,하이즈항공,20260702,900,0
458350,에스팀,20260702,-12361,19286
145270,케이탑리츠,20260702,940,-1252
150900,파수AI,20260702,-15906,19281
081580,성우전자,20260702,2252,-400
105760,포스뱅크,20260702,-65,56
009140,경인전자,20260702,2606,4
004410,서울식품,20260702,-1966,111
204020,그리티,20260702,-932,0
000215,DL우,20260702,-536,1172
045060,오공,20260702,-8552,-5519
317870,엔바이오니아,20260702,2565,-10
218150,미래생명자원,20260702,21620,0
016600,큐캐피탈,20260702,-13238,-1668
465480,인스피언,20260702,4048,0
284620,카이노스메드,20260702,0,0
049800,우진플라임,20260702,-6254,-109
043910,자연과환경,20260702,-6484,24
024120,KB오토시스,20260702,1195,761
186230,그린플러스,20260702,2479,3069
083550,케이엠,20260702,-4746,74
051630,진양화학,20260702,-10910,21
393210,토마토시스템,20260702,6039,0
432430,와이랩,20260702,-5343,-26
068940,셀피글로벌,20260702,0,0
348080,큐라티스,20260702,0,0
020180,대신정보통신,20260702,-23191,5875
288620,에스프리즘,20260702,453,-20
128540,에코캡,20260702,49454,0
093240,형지엘리트,20260702,95782,-99485
263050,유틸렉스,20260702,0,0
057030,YBM넷,20260702,687,0
426150,WON 대한민국국고채액티브,20260702,57,-255
089140,넥스턴앤롤코리아,20260702,7188,200
148930,에이치와이티씨,20260702,-3725,28811
086040,바이오톡스텍,20260702,-3491,-97
071850,캐스텍코리아,20260702,4333,-217
446070,유니드비티플러스,20260702,-3842,20017
052600,한네트,20260702,-532,1
288980,모아데이타,20260702,-66688,198
064520,테크엘,20260702,-160,314
049470,비트플래닛,20260702,245,84
220180,핸디소프트,20260702,-1567,134
352700,씨앤투스,20260702,-324,3884
064480,브리지텍,20260702,4173,70
101240,씨큐브,20260702,1068,0
004365,세방우,20260702,-1249,982
006570,대림통상,20260702,-930,50
103840,우양,20260702,1710,0
290090,트윔,20260702,151,0
475460,미트박스,20260702,-2185,0
452160,제이엔비,20260702,-933,42
046310,백금T&A,20260702,741,15482
013000,세우글로벌,20260702,13221,674
364950,에이아이코리아,20260702,-5240,0
464280,티디에스팜,20260702,-396,0
006345,대원전선우,20260702,-28695,-15310
021650,한국큐빅,20260702,-7,0
215790,이노인스트루먼트,20260702,247660,24056
271830,팸텍,20260702,-16647,-2204
023150,MH에탄올,20260702,3981,-14
184230,SGA솔루션즈,20260702,-5786,0
079000,와토스코리아,20260702,-5204,-16088
069410,엔텔스,20260702,-4647,2
000760,이화산업,20260702,-16,11
002870,신풍,20260702,42930,265
027740,마니커,20260702,-10786,148
192720,파워 고배당저변동성,20260702,107,144
351330,이삭엔지니어링,20260702,-2145,0
133750,메가엠디,20260702,-6373,11650
311390,네오크레마,20260702,2416,0
089150,케이씨티,20260702,-4430,0
160550,NEW,20260702,36262,-180
173940,에프엔씨엔터,20260702,3042,-5663
066360,체리부로,20260702,684,0
068050,팬엔터테인먼트,20260702,1276,11548
105550,엣지파운드리,20260702,-8349,475
200780,비씨월드제약,20260702,819,4812
335810,프리시젼바이오,20260702,-949,131
318410,비비씨,20260702,2637,-523
046390,삼화네트웍스,20260702,-32892,70627
059100,아이컴포넌트,20260702,-5465,313
035460,기산텔레콤,20260702,-5997,214
148250,알엔투테크놀로지,20260702,-12093,288
452300,캡스톤파트너스,20260702,10227,0
444530,심플랫폼,20260702,-6829,20
340810,시선AI,20260702,-6956,0
011330,유니켐,20260702,1007,385
039290,인포뱅크,20260702,-3702,9275
215090,솔디펜스,20260702,32740,150
080520,오디텍,20260702,-2363,-67
106240,파인테크닉스,20260702,2451,56
005820,원림,20260702,-236,8
009460,한창제지,20260702,-4169,37
087600,픽셀플러스,20260702,-201,0
025440,DH오토웨어,20260702,0,0
143210,핸즈코퍼레이션,20260702,0,0
017000,신원종합개발,20260702,-128361,42488
057680,티사이언티픽,20260702,-4808,0
208860,다산디엠씨,20260702,-2179,0
417860,오브젠,20260702,-14605,27
075130,플랜티넷,20260702,-5564,0
332290,누보,20260702,-14256,247
002690,동일제강,20260702,-2112,-4722
072770,멤레이비티,20260702,37212,0
010400,우진아이엔에스,20260702,-7169,473
075970,동국알앤에스,20260702,-4962,0
257370,피엔티엠에스,20260702,296,5
476080,M83,20260702,-4391,0
434480,모니터랩,20260702,-8095,83
114630,폴라리스우노,20260702,771,-833
258830,세종메디칼,20260702,0,0
008250,이건산업,20260702,-19896,35
123750,알톤,20260702,-6413,0
095910,에스에너지,20260702,-362021,21
025750,한솔홈데코,20260702,-5286,0
002420,세기상사,20260702,1571,-1344
262840,아이퀘스트,20260702,358,0
159910,에코글로우,20260702,-4920,-67
033830,티비씨,20260702,0,0
026040,제이에스티나,20260702,2476,-18
036420,콘텐트리중앙,20260702,358,-429
119500,포메탈,20260702,-10619,2
277410,인산가,20260702,0,0
351320,넥사다이내믹스,20260702,-24681,490
090370,메타랩스,20260702,4945,-8517
289220,자이언트스텝,20260702,-1658,123
489290,WON 미국빌리어네어,20260702,0,737
010640,진양폴리,20260702,7793,-873
022220,티케이지애강,20260702,7494,33
407400,꿈비,20260702,3501,94
088340,유라클,20260702,9721,1500
246250,에스엘에스바이오,20260702,0,0
065950,웰크론,20260702,1209,0
001070,대한방직,20260702,2046,911
012620,원일특강,20260702,-142,0
007720,소노스퀘어,20260702,0,0
198940,한주라이트메탈,20260702,10631,445
003060,에이프로젠바이오로직스,20260702,-9212,-139
187270,신화콘텍,20260702,-3288,0
058110,멕아이씨에스,20260702,-1711,356
206560,덱스터,20260702,-2322,-477
088790,진도,20260702,-6601,43
003535,한화투자증권우,20260702,-521,0
001380,SG글로벌,20260702,33906,389
199480,뱅크웨어글로벌,20260702,-10922,-23
038950,파인디지털,20260702,-1739,0
363250,진시스템,20260702,-1710,5
035200,프럼파스트,20260702,-15764,0
365590,하이딥,20260702,-2150,-7404
459550,알트,20260702,188,400
118000,메타케어,20260702,-2106,4300
159800,마이티 코스피100,20260702,0,3
462980,아이지넷,20260702,7944,-1000
096630,에스코넥,20260702,-15226,0
021880,메이슨캐피탈,20260702,0,0
308170,씨티알모빌리티,20260702,-26,-4635
003680,한성기업,20260702,144,20
031510,오스템,20260702,9525,30000
239610,에이치엘사이언스,20260702,24,0
187220,디티앤씨,20260702,49,0
232830,아이티센피엔에스,20260702,-17998,118
097780,에코볼트,20260702,-2662,0
024070,WISCOM,20260702,-4087,376
475660,에스켐,20260702,-4095,0
388610,지에프씨생명과학,20260702,7495,-12
109820,진매트릭스,20260702,9348,8
019570,플루토스,20260702,0,0
009810,플레이그램,20260702,-737,0
013720,청보,20260702,-23293,-146
043220,티에스넥스젠,20260702,0,0
336060,웨이버스,20260702,17168,-5320
131090,시큐브,20260702,1413,1800
005320,온타이드,20260702,3125,0
004870,티웨이홀딩스,20260702,0,0
197140,디지캡,20260702,4411,15000
177830,파버나인,20260702,-639,0
219750,한국비티비,20260702,-1140,0
054780,키이스트,20260702,-4622,-80
032790,엠젠솔루션,20260702,-972,605
031310,아이즈비전,20260702,-40876,208
224060,더코디,20260702,134,-40
014990,인디에프,20260702,12168,-128
056730,CNT85,20260702,-81,103
462310,뉴키즈온,20260702,1151,10006
900070,글로벌에스엠,20260702,-2776,0
238490,힘스,20260702,-2801,0
060540,에스에이티,20260702,-9952,0
355390,크라우드웍스,20260702,-20846,0
038620,위즈코프,20260702,-1134,-77
457600,벡트,20260702,-7744,363
169330,엠브레인,20260702,-2753,0
013810,스페코,20260702,-11383,-6
027040,서울전자통신,20260702,-436,0
318010,팜스빌,20260702,160,0
130500,GH신소재,20260702,3233,0
318000,KBG,20260702,361,0
002820,SUN&L,20260702,-2207,1164
188260,세니젠,20260702,-4872,99
045300,성우테크론,20260702,-7034,77
290560,파라택시스이더리움,20260702,11297,-2046
356890,싸이버원,20260702,-1623,0
267790,배럴,20260702,303,0
019660,글로본,20260702,-444,0
373170,엠아이큐브솔루션,20260702,2884,-36
002025,코오롱우,20260702,-499,0
099390,브레인즈컴퍼니,20260702,-2758,240
131220,대한과학,20260702,-3071,6
363260,모비데이즈,20260702,-11302,3
450520,인스웨이브,20260702,-532,-117
464500,아이언디바이스,20260702,-32903,328
014130,한익스프레스,20260702,4990,-255
073540,에프알텍,20260702,3378,-45
066910,손오공,20260702,-4981,10
051380,피씨디렉트,20260702,-21398,1
376180,피코그램,20260702,2829,0
047080,한빛소프트,20260702,28709,0
483570,KCGI 미국S&P500 TOP10,20260702,186,-1693
005110,한창,20260702,0,0
018680,서울제약,20260702,-327,0
030720,동원수산,20260702,-1936,-354
008470,부스타,20260702,342,-870
464580,닷밀,20260702,1752,0
225220,제놀루션,20260702,-211,-142
195500,마니커에프앤지,20260702,1972,-1035
001000,신라섬유,20260702,21392,-44
037370,EG,20260702,1864,67
296640,이노에이엑스,20260702,2128,0
310870,디와이씨,20260702,-24315,50000
237750,피앤씨테크,20260702,-4460,49
900310,컬러레이,20260702,10001,-2
109960,앱토크롬,20260702,-686,116
208710,포톤,20260702,-44602,227
053950,경남제약,20260702,-3901,197
032860,더라미,20260702,-30138,-1243
050760,에스폴리텍,20260702,40569,14625
002355,넥센타이어1우B,20260702,3,0
397810,애드포러스,20260702,-308,0
032750,삼진,20260702,-1150,-1088
001810,무림SP,20260702,-14042,0
430690,한싹,20260702,-7846,-612
043200,파루,20260702,-144263,-65
403490,우듬지팜,20260702,6836,-1250
433220,에셋플러스 글로벌대장장이액티브,20260702,0,106
024890,대원화성,20260702,5755,319
004270,남성,20260702,-3996,2508
016920,카스,20260702,15115,38500
080530,코디,20260702,-10147,-88
290270,휴네시온,20260702,-6643,0
053060,세동,20260702,41413,-4550
032800,판타지오,20260702,-604,0
131100,티엔엔터테인먼트,20260702,-5287,4028
068100,케이웨더,20260702,262,0
333050,이노테나,20260702,552,0
091340,S&K폴리텍,20260702,1243,-650
348030,모비릭스,20260702,-1451,14778
387570,파인메딕스,20260702,9535,-40
048470,대동스틸,20260702,-1950,0
254120,자비스,20260702,-33549,0
012160,영흥,20260702,8987,64
025890,한국주강,20260702,-5693,2332
115160,휴맥스,20260702,1039,-565
016670,디모아,20260702,-992,0
298060,풍전약품,20260702,-2659,0
069140,누리플랜,20260702,28188,0
003495,대한항공우,20260702,247,0
005360,모나미,20260702,25603,4058
398120,에스지헬스케어,20260702,9488,334
378800,샤페론,20260702,40949,13
469750,아이비젼웍스,20260702,42928,0
340440,세림B&G,20260702,-28208,0
033200,모아텍,20260702,-8786,-73
019175,신풍제약우,20260702,0,0
432980,엠에프씨,20260702,5289,0
318020,포인트모바일,20260702,592,0
367000,플래티어,20260702,-514,70
429270,시지트로닉스,20260702,-19531,-433
093380,풍강,20260702,-27200,13994
300120,라온피플,20260702,-13158,394
054090,삼진엘앤디,20260702,-47036,49645
079170,한창산업,20260702,-575,44
462510,라메디텍,20260702,-1383,0
208350,지란지교시큐리티,20260702,-1913,4000
050110,캠시스,20260702,-78460,239
342870,오아,20260702,-360,1053
109670,씨싸이트,20260702,1872,-41
121890,에스디시스템,20260702,-3356,0
058450,한주에이알티,20260702,515,-37
383930,디티앤씨알오,20260702,-9724,398
060380,동양에스텍,20260702,380,0
222980,한국맥널티,20260702,7790,-99
044780,에이치케이,20260702,-7634,0
007770,한일화학,20260702,-33,0
039740,한국정보공학,20260702,-4077,-64
290520,신도기연,20260702,-3048,-132
241840,에이스토리,20260702,-1985,0
131180,딜리,20260702,-81,36
153490,우리이앤엘하루틴,20260702,-12618,210
052300,오션인더블유,20260702,-5383,6289
009310,참엔지니어링,20260702,0,0
063760,이엘피,20260702,1785,0
067010,이씨에스,20260702,-3988,0
033050,제이엠아이,20260702,942,0
045510,정원엔시스,20260702,-2362,67
008775,호텔신라우,20260702,544,1
000040,KR모터스,20260702,103644,20000
065150,대산F&B,20260702,0,0
347770,핌스,20260702,23384,0
134060,이퓨쳐,20260702,-2429,10000
406820,뷰티스킨,20260702,-12867,390
274400,이노시뮬레이션,20260702,217,-28
188040,바이오포트,20260702,-1583,-41
252500,세화피앤씨,20260702,-26860,-392
115480,씨유메디칼,20260702,-2717,-7
070590,인티큐브,20260702,-3806,-73
091970,LSK아이로봇,20260702,-2176,-827
195990,루트K,20260702,-20950,273
391670,HK 베스트일레븐액티브,20260702,1,219
038870,에코심플렉스,20260702,-11004,77
376980,원티드랩,20260702,-4388,11
130740,티피씨글로벌,20260702,-13850,8537
033250,체시스,20260702,452,18
210120,캔버스엔,20260702,0,0
317240,TS트릴리온,20260702,-5169,0
036480,대성미생물,20260702,1173,0
071950,코아스,20260702,-410,2610
405920,나라셀라,20260702,-3936,0
304840,피플바이오,20260702,-29427,255
415380,스튜디오삼익,20260702,4747,2786
065370,위세아이텍,20260702,-524,-19
080470,성창오토텍,20260702,-1086,-448
353190,휴럼,20260702,-717,-1851
440320,오픈놀,20260702,-5882,-28
352940,인바이오,20260702,-1164,0
138070,신진에스엠,20260702,-6101,0
076080,웰크론한텍,20260702,-18164,0
146060,율촌,20260702,26537,82
006200,한국전자홀딩스,20260702,-22556,2329
032080,아즈텍WB,20260702,10042,151
001420,태원물산,20260702,-2847,655
006740,블루산업개발,20260702,-15572,-1998
078590,휴림에이텍,20260702,-6553,-20
080720,한국유니온제약,20260702,0,0
351870,차이커뮤니케이션,20260702,-993,-105
049120,파인디앤씨,20260702,-3586,3289
053290,NE능률,20260702,-4611,-121
372800,아이티아이즈,20260702,-95364,-35378
096690,에이루트,20260702,-160,0
024940,PN풍년,20260702,5504,0
223310,사토시홀딩스,20260702,3310,0
054940,엑사이엔씨,20260702,-139910,0
200350,아티스트스튜디오,20260702,-3167,0
438700,버넥트,20260702,-9707,0
060260,뉴보텍,20260702,-23488,0
455180,케이지에이,20260702,-5975,86
067730,로지시스,20260702,776,0
101400,엔시트론,20260702,2353,246
317120,라닉스,20260702,-14139,-77
090150,아이윈,20260702,1459,-396
139670,키네마스터,20260702,905,0
362990,드림인사이트,20260702,-12964,0
088290,이원컴포텍,20260702,2798,0
017250,인터엠,20260702,-679,0
353590,오토앤,20260702,-931,29
023770,플레이위드,20260702,-59,0
238200,비피도,20260702,-369,0
303530,이노뎁,20260702,-2604,6
014100,메디앙스,20260702,6563,0
012170,아센디오,20260702,-17724,0
085810,알티캐스트,20260702,12558,0
020400,대동금속,20260702,-54596,1689
373110,엑셀세라퓨틱스,20260702,-3776,-150
359090,씨엔알리서치,20260702,-171,998
065650,하이퍼코퍼레이션,20260702,-6497,0
032280,삼일,20260702,1377,0
001685,대상우,20260702,-709,0
043360,디지아이,20260702,-1626,2351
322780,코퍼스코리아,20260702,17094,0
038530,케이바이오랩스,20260702,-11655,0
015020,이스타코,20260702,0,0
424760,벨로크,20260702,-496,0
154030,아시아종묘,20260702,1115,0
354200,엔젠바이오,20260702,0,0
419540,비스토스,20260702,4252,19700
488290,MIDAS 일본테크액티브,20260702,119,-279
016100,리더스코스메틱,20260702,-40338,-787
140430,카티스,20260702,-241,0
021040,대호특수강,20260702,4892,0
115570,스타플렉스,20260702,-111,0
045520,크린앤사이언스,20260702,-2224,-26
103230,에스앤더블류,20260702,-810,0
096870,엘디티,20260702,4102,0
098660,에스티오,20260702,3315,10000
038880,아이에이,20260702,2102,82
200230,텔콘RF제약,20260702,2931,150
477490,에셋플러스 글로벌일등기업포커스10액티브,20260702,0,40
073570,리튬포어스,20260702,-6221,-119
275630,에스에스알,20260702,212,2000
474920,에셋플러스 차이나일등기업포커스10액티브,20260702,32,58
214610,롤링스톤,20260702,0,0
069640,한세엠케이,20260702,-15910,-55
054410,케이피티유,20260702,-1272,0
331520,밸로프,20260702,-1794,0
051780,큐로홀딩스,20260702,-5592,0
002360,SH에너지화학,20260702,-23593,32
431190,케이쓰리아이,20260702,-21359,-29
192390,윈하이텍,20260702,-9674,5499
039310,세중,20260702,-6420,0
377330,이지트로닉스,20260702,1685,23
031860,디에이치엑스컴퍼니,20260702,0,0
258790,소프트캠프,20260702,-2154,0
137940,넥스트아이,20260702,4689,0
054220,비츠로시스,20260702,-27415,125
413930,WON AI ESG액티브,20260702,-128,34
227610,아우딘퓨쳐스,20260702,10695,11070
335870,윙스풋,20260702,-3639,-177
083640,인콘,20260702,-13872,12818
034940,조아제약,20260702,-74732,-471
060900,에이전트AI,20260702,36,-16
301300,바이브컴퍼니,20260702,-113374,-250
065060,지엔코,20260702,-1455,0
900300,오가닉티코스메틱,20260702,-889,0
083470,이엠앤아이,20260702,3222,0
291230,엔피,20260702,-851,6491
377220,프롬바이오,20260702,23470,6329
067770,세진티에스,20260702,-6138,0
008600,윌비스,20260702,0,0
009440,KC그린홀딩스,20260702,0,0
193250,링크드,20260702,29997,131
328380,솔트웨어,20260702,-8498,5208
101680,한국정밀기계,20260702,-953,-5
306040,에스제이그룹,20260702,-4604,117
154040,다산솔루에타,20260702,6500,7277
006050,국영지앤엠,20260702,-35436,-383
037400,우리엔터프라이즈,20260702,-11654,9682
236810,엔비티,20260702,-1675,197
032680,소프트센,20260702,416,0
279600,미디어젠,20260702,-4,0
142760,모아라이프플러스,20260702,46835,0
361670,삼영에스앤씨,20260702,-5188,-73
239340,이스트에이드,20260702,-21026,-731
078860,아이오케이이엔엠,20260702,9074,65
048830,엔피케이,20260702,-7858,2796
027580,상보,20260702,-4066,-70
482680,미래에셋비전스팩7호,20260702,0,0
108675,LX하우시스우,20260702,44,204
365900,브이씨,20260702,-411,0
241820,피씨엘,20260702,0,0
084440,유비온,20260702,-58,0
477380,미래에셋비전스팩4호,20260702,-9,0
225590,패션플랫폼,20260702,-3472,0
344860,이노진,20260702,-5724,-135
069330,유아이디,20260702,6563,497
491510,파워 K-주주가치액티브,20260702,0,-25
418620,E8,20260702,62252,5840
110020,전진바이오팜,20260702,-1929,0
357430,마스턴프리미어리츠,20260702,-198,13328
900270,헝셩그룹,20260702,43098,8000
900340,윙입푸드,20260702,-619,-348
291810,핀텔,20260702,-7790,-1097
018620,우진비앤지,20260702,273,122
215480,토박스코리아,20260702,-1376,-469
015260,에이엔피,20260702,-29897,692
226340,본느,20260702,-6355,730
065770,CS,20260702,-9868,0
368600,아이씨에이치,20260702,-45746,8413
065690,파커스,20260702,5510,104
115610,이미지스,20260702,-15554,761
060480,국일신동,20260702,590,0
240600,유진테크놀로지,20260702,-12928,2598
005725,넥센우,20260702,0,0
377030,비트맥스,20260702,-13460,0
028080,휴맥스홀딩스,20260702,4037,0
131760,파인텍,20260702,33330,46
285800,진영,20260702,-13313,6200
469880,하나30호스팩,20260702,17078,-221135
005257,녹십자홀딩스2우,20260702,0,0
477340,에이치엠씨제7호스팩,20260702,-1,-5000
002070,비비안,20260702,4549,0
113810,디젠스,20260702,11704,9143
030350,드래곤플라이,20260702,0,0
472720,TRUSTON 주주가치액티브,20260702,0,-253
496130,TRUSTON 코리아밸류업액티브,20260702,0,68
101000,KS인더스트리,20260702,99359,12496
148780,비큐AI,20260702,-35851,10000
196700,웹스,20260702,-15832,202
023790,동일스틸럭스,20260702,220,156
465770,STX그린로지스,20260702,3509,1
900110,딥커머스,20260702,5206,0
309930,조이웍스앤코,20260702,3893,0
473050,유안타제15호스팩,20260702,-8,2
115530,씨엔플러스,20260702,-1038,0
417180,핑거스토리,20260702,-297,0
123840,뉴온,20260702,-1629,16
478440,미래에셋비전스팩6호,20260702,-23,-3992
191410,육일씨엔에쓰,20260702,-34872,1240
000087,하이트진로2우B,20260702,-155,-50
479880,한국제15호스팩,20260702,0,-4990
083660,CSA 코스믹,20260702,167619,0
405000,플라즈맵,20260702,-1574,0
303030,지니틱스,20260702,-37737,2802
019685,대교우B,20260702,-11398,655
352770,셀레스트라,20260702,0,0
289010,아이스크림에듀,20260702,314,4734
489480,키움제11호스팩,20260702,-135,-7244
244460,올리패스,20260702,0,0
247660,나노씨엠에스,20260702,10976,-31
001795,대한제당우,20260702,-5283,0
035620,바른손이앤에이,20260702,26090,-56764
060230,제이케이시냅스,20260702,0,0
481890,엔에이치스팩31호,20260702,-337,3413
389680,유디엠텍,20260702,-21491,0
177350,베셀,20260702,-26572,19934
009730,이렘,20260702,0,0
489730,디비금융제13호스팩,20260702,0,-1000
407820,에셋플러스 코리아플랫폼액티브,20260702,0,7214
065420,에스아이리소스,20260702,0,0
471050,대신밸런스제17호스팩,20260702,-419,0
478390,KB제29호스팩,20260702,0,-5000
054180,메디콕스,20260702,0,0
145995,삼양사우,20260702,0,0
018700,졸스,20260702,-5800,0
079950,인베니아,20260702,-7934,5229
011090,에넥스,20260702,14189,13
044380,주연테크,20260702,-25348,1
492220,KB제31호스팩,20260702,0,510
451150,에셋플러스 글로벌영에이지액티브,20260702,0,258
308100,형지글로벌,20260702,54660,371
482520,교보16호스팩,20260702,-1,-20190
065570,삼영이엔씨,20260702,0,0
250930,예선테크,20260702,0,0
368970,오에스피,20260702,2276,-639
092600,앤씨앤,20260702,1906,0
002680,한탑,20260702,0,0
043590,웰킵스하이텍,20260702,-8821,6
477760,DB금융스팩12호,20260702,-45,-2500
900100,파이온엑스,20260702,-2053,-179
009620,삼보산업,20260702,-21587,-41
002995,금호건설우,20260702,0,0
469900,하나31호스팩,20260702,0,693
482690,대신밸런스제19호스팩,20260702,-2,7021
060240,스타코링크,20260702,0,0
477470,미래에셋비전스팩5호,20260702,3,0
042040,케이피엠테크,20260702,-1862,-4217
199730,바이오인프라,20260702,5413,-59
474660,신한제12호스팩,20260702,0,0
487360,신한제14호스팩,20260702,0,-3000
474490,유안타제16호스팩,20260702,0,-10000
496070,신한제16호스팩,20260702,409,698
208640,썸에이지,20260702,20454,58764
001755,한양증권우,20260702,11,0
079190,케스피온,20260702,0,0
084695,대상홀딩스우,20260702,-110,0
433250,UNICORN R&D 액티브,20260702,0,-105
486630,KB제30호스팩,20260702,405,0
493790,유안타제17호스팩,20260702,0,0
004255,NPC우,20260702,4553,10095
035290,골드앤에스,20260702,-333,-1
489210,교보17호스팩,20260702,-247,2680
043100,알파AI,20260702,0,0
312610,에이에프더블류,20260702,-18565,8000
478110,이베스트스팩6호,20260702,0,0
003075,코오롱글로벌우,20260702,-191,0
466690,키움히어로제1호스팩,20260702,0,0
498390,한화플러스제5호스팩,20260702,-5,-5000
004105,태양금속우,20260702,-787,64
472220,신영스팩10호,20260702,-50,0
012340,뉴인텍,20260702,47926,-5311
488060,유진스팩11호,20260702,0,8010
011080,형지I&C,20260702,4859,500
145210,다이나믹디자인,20260702,0,0
106080,케이이엠텍,20260702,0,0
480460,WON 한국부동산TOP3플러스,20260702,0,-206
050090,비케이홀딩스,20260702,-26136,0
484130,하나34호스팩,20260702,-10,-29000
001067,JW중외제약2우B,20260702,0,0
462340,에셋플러스 글로벌다이나믹시니어액티브,20260702,0,-4
469480,IBKS제24호스팩,20260702,0,0
473950,에스케이증권제13호스팩,20260702,-30,0
012205,계양전기우,20260702,-100,0
001770,SHD,20260702,-801,4
467930,IBKS제23호스팩,20260702,-1,-4
465320,교보15호스팩,20260702,0,0
487830,신한제15호스팩,20260702,-2,-825
001515,SK증권우,20260702,0,0
468760,유진스팩10호,20260702,0,0
472230,에스케이증권제11호스팩,20260702,0,0
487720,키움제10호스팩,20260702,1,-3000
073190,듀오백,20260702,-618,6811
225430,케이엠제약,20260702,16080,7
000225,유유제약1우,20260702,-528,0
215620,HK S&P코리아로우볼,20260702,0,-2
900120,씨엑스아이,20260702,5066,742
438740,MIDAS 중소형액티브,20260702,0,4
004985,성신양회우,20260702,-335,0
001065,JW중외제약우,20260702,0,0
004835,덕성우,20260702,1846,0
000325,노루홀딩스우,20260702,-14,0
470310,UNICORN 생성형AI강소기업액티브,20260702,0,45
009415,태영건설우,20260702,1,0
090355,노루페인트우,20260702,0,0
000145,하이트진로홀딩스우,20260702,2,0
000545,흥국화재우,20260702,0,0
005965,동부건설우,20260702,13,0
014825,동원시스템즈우,20260702,0,0
476000,UNICORN 포스트IPO액티브,20260702,0,4
014285,금강공업우,20260702,0,0
007575,일양약품우,20260702,0,0
005745,크라운해태홀딩스우,20260702,7,0
000227,유유제약2우B,20260702,0,0
014915,성문전자우,20260702,0,0
004545,깨끗한나라우,20260702,1,0
084180,수성웹툰,20260702,-26817,8873
00104K,CJ4우(전환),20260702,208,2221
121850,코이즈,20260702,-5679,0
00088K,한화3우B,20260702,-3679,-51
069920,엑시온그룹,20260702,-104862,0
005930,삼성전자,20260701,-3377992,-1855765
000660,SK하이닉스,20260701,-3130,-308954
402340,SK스퀘어,20260701,-343411,634067
005935,삼성전자우,20260701,31621,-49309
009150,삼성전기,20260701,50806,18978
005380,현대차,20260701,-107513,-22379
373220,LG에너지솔루션,20260701,-26135,-85535
032830,삼성생명,20260701,88639,-77761
028260,삼성물산,20260701,108533,-253921
207940,삼성바이오로직스,20260701,-2345,940
000270,기아,20260701,124985,-33957
329180,HD현대중공업,20260701,-65612,53273
105560,KB금융,20260701,-316756,251341
012450,한화에어로스페이스,20260701,-12777,44085
034020,두산에너빌리티,20260701,-83172,195262
055550,신한지주,20260701,-6895,-8768
034730,SK,20260701,-48797,-9660
012330,현대모비스,20260701,1118,-31297
068270,셀트리온,20260701,-55231,-40852
006400,삼성SDI,20260701,-36363,-14994
042660,한화오션,20260701,30319,13925
086790,하나금융지주,20260701,-15428,35097
267260,HD현대일렉트릭,20260701,-19103,9836
010120,LS ELECTRIC,20260701,-105250,319733
035420,NAVER,20260701,102799,-81010
066570,LG전자,20260701,-57081,-86681
000810,삼성화재,20260701,31642,-30748
298040,효성중공업,20260701,-691,14858
009540,HD한국조선해양,20260701,13638,-15670
005490,POSCO홀딩스,20260701,-19297,-30096
015760,한국전력,20260701,-92396,188069
006800,미래에셋증권,20260701,-170157,357368
010130,고려아연,20260701,2160,-2513
000150,두산,20260701,7395,3066
316140,우리금융지주,20260701,-126355,119785
042700,한미반도체,20260701,417838,-768661
064350,현대로템,20260701,101624,5535
010140,삼성중공업,20260701,-228427,331543
011070,LG이노텍,20260701,19617,-72230
051910,LG화학,20260701,16246,-41451
138040,메리츠금융지주,20260701,-21820,36349
017670,SK텔레콤,20260701,68803,1566
011200,HMM,20260701,-28147,-39882
079550,LIG디펜스앤에어로스페이스,20260701,-9093,16318
033780,KT&G,20260701,23749,-31574
196170,알테오젠,20260701,-39945,13207
024110,기업은행,20260701,149689,-3723
267250,HD현대,20260701,9927,-313
096770,SK이노베이션,20260701,18783,-68969
035720,카카오,20260701,207512,13198
047810,한국항공우주,20260701,-71467,126240
003550,LG,20260701,87495,-75500
272210,한화시스템,20260701,-26440,94013
018260,삼성에스디에스,20260701,25417,20716
086280,현대글로비스,20260701,68751,-1575
003670,포스코퓨처엠,20260701,41426,-94954
278470,에이피알,20260701,32060,37971
071050,한국금융지주,20260701,-17764,37046
030200,KT,20260701,-206,69128
307950,현대오토에버,20260701,-5974,-2113
010950,S-Oil,20260701,29395,8691
000720,현대건설,20260701,-53468,89602
247540,에코프로비엠,20260701,159971,173283
005940,NH투자증권,20260701,3120,4791
086520,에코프로,20260701,-398665,71322
006260,LS,20260701,-77196,53171
016360,삼성증권,20260701,-5404,71646
259960,크래프톤,20260701,-12634,35508
323410,카카오뱅크,20260701,93285,-139454
003490,대한항공,20260701,67870,40887
005830,DB손해보험,20260701,7343,-10611
028050,삼성E&A,20260701,16663,479500
039490,키움증권,20260701,-42355,35139
443060,HD현대마린솔루션,20260701,12414,111
277810,레인보우로보틱스,20260701,-10841,10913
352820,하이브,20260701,-98714,39490
047050,포스코인터내셔널,20260701,-60103,81184
180640,한진칼,20260701,-7511,6282
161390,한국타이어앤테크놀로지,20260701,31298,-26298
036930,주성엔지니어링,20260701,30960,1412843
003230,삼양식품,20260701,1011,5606
005387,현대차2우B,20260701,55597,-49403
000880,한화,20260701,45753,-4329
950160,코오롱티슈진,20260701,15059,-27962
007660,이수페타시스,20260701,-901966,2198945
047040,대우건설,20260701,35000,-35847
078930,GS,20260701,-50613,54117
064400,LG씨엔에스,20260701,-31876,8770
090430,아모레퍼시픽,20260701,-98880,183609
021240,코웨이,20260701,14931,14934
326030,SK바이오팜,20260701,5410,-16775
004170,신세계,20260701,3320,-4289
028300,HLB,20260701,-151520,25692
062040,산일전기,20260701,-28033,87508
001440,대한전선,20260701,-1549916,64570
241560,두산밥캣,20260701,39171,-10215
353200,대덕전자,20260701,-228344,123160
240810,원익IPS,20260701,322305,-887390
032640,LG유플러스,20260701,150915,-112225
267270,HD건설기계,20260701,-54166,39034
058470,리노공업,20260701,1390636,-1754709
029780,삼성카드,20260701,-143,-456
000100,유한양행,20260701,10981,-26208
034220,LG디스플레이,20260701,-1014316,-174116
036570,NC,20260701,615,1090
128940,한미약품,20260701,-1248,20935
271560,오리온,20260701,14683,-6358
009830,한화솔루션,20260701,-147252,-75805
377300,카카오페이,20260701,14055,-9584
454910,두산로보틱스,20260701,-19467,18498
005385,현대차우,20260701,-3664,-1367
298380,에이비엘바이오,20260701,-69804,56073
011790,SKC,20260701,3549,-9863
319660,피에스케이,20260701,-176448,158150
175330,JB금융지주,20260701,-62682,40696
000990,DB하이텍,20260701,1333032,-1496584
039030,이오테크닉스,20260701,169576,-287358
023530,롯데쇼핑,20260701,6840,-5945
088980,맥쿼리인프라,20260701,193584,-2102
000250,삼천당제약,20260701,-8231,6612
141080,리가켐바이오,20260701,-58076,29550
000500,가온전선,20260701,12604,20774
222800,심텍,20260701,133049,87229
001040,CJ,20260701,-1948,4725
082740,한화엔진,20260701,-240142,118463
087010,펩트론,20260701,2663,-34224
066970,엘앤에프,20260701,-21365,-5583
002380,KCC,20260701,2235,-8542
052690,한전기술,20260701,-15621,15026
088350,한화생명,20260701,-204235,-305839
018880,한온시스템,20260701,-1049051,53707
069960,현대백화점,20260701,40220,-74431
004020,현대제철,20260701,-46608,-31924
111770,영원무역,20260701,2321,-1839
010060,OCI홀딩스,20260701,-35507,29218
051900,LG생활건강,20260701,8788,738
403870,HPSP,20260701,1177496,-3987852
440110,파두,20260701,174587,-155213
084370,유진테크,20260701,7318,26544
214370,케어젠,20260701,-29186,51009
012510,더존비즈온,20260701,0,0
336260,두산퓨얼셀,20260701,-363063,371929
103590,일진전기,20260701,-145866,95921
347850,디앤디파마텍,20260701,-20146,208644
108490,로보티즈,20260701,-31855,-10955
214450,파마리서치,20260701,-53393,67064
095340,ISC,20260701,592938,-690311
022100,포스코DX,20260701,155077,-119338
035250,강원랜드,20260701,-18371,-49289
310210,보로노이,20260701,-11303,11481
251270,넷마블,20260701,21669,-20890
001450,현대해상,20260701,-18998,-31320
095610,테스,20260701,-54976,97983
080220,제주반도체,20260701,-140977,6864
036460,한국가스공사,20260701,34510,12209
383220,F&F,20260701,-4456,1208
145020,휴젤,20260701,4981,1744
031210,서울보증보험,20260701,-1361,-6148
097950,CJ제일제당,20260701,9639,-12290
178320,서진시스템,20260701,-76539,165350
214150,클래시스,20260701,1746,31368
302440,SK바이오사이언스,20260701,19800,-1212
139130,iM금융지주,20260701,30438,-62251
011780,금호석유화학,20260701,35578,-26652
009420,한올바이오파마,20260701,-3764,-20772
001720,신영증권,20260701,-1696,3334
450080,에코프로머티,20260701,61474,-111200
017800,현대엘리베이터,20260701,29115,-15621
005850,에스엘,20260701,17065,-6942
004800,효성,20260701,1784,1277
161890,한국콜마,20260701,24116,110272
226950,올릭스,20260701,5401,70004
031980,피에스케이홀딩스,20260701,-22349,41072
014680,한솔케미칼,20260701,4469,11432
011170,롯데케미칼,20260701,9269,-25806
483650,달바글로벌,20260701,6739,22122
131290,티에스이,20260701,-54722,43745
012750,에스원,20260701,-1834,469
064760,티씨케이,20260701,-14695,29837
028670,팬오션,20260701,169657,105795
006360,GS건설,20260701,213705,383020
085620,미래에셋생명,20260701,50194,-24324
237690,에스티팜,20260701,-22453,15847
067310,하나마이크론,20260701,-259942,203337
375500,DL이앤씨,20260701,19544,32838
319400,현대무벡스,20260701,-172613,34180
026960,동서,20260701,9871,2905
005290,동진쎄미켐,20260701,-99776,-27672
489790,한화비전,20260701,12556,-14015
000240,한국앤컴퍼니,20260701,4696,6920
357780,솔브레인,20260701,159342,-201618
257720,실리콘투,20260701,55920,93833
081660,미스토홀딩스,20260701,-49175,60016
089970,브이엠,20260701,-125234,202215
003690,코리안리,20260701,-25585,-59826
004990,롯데지주,20260701,20220,-4352
009970,영원무역홀딩스,20260701,2028,-1492
139480,이마트,20260701,-2032,-1246
204320,HL만도,20260701,-56664,-65339
005440,현대지에프홀딩스,20260701,21061,90023
263750,펄어비스,20260701,1426,32326
279570,케이뱅크,20260701,-296580,102721
007340,DN오토모티브,20260701,3207,4538
008930,한미사이언스,20260701,-7879,2895
030000,제일기획,20260701,-50541,16382
004370,농심,20260701,814,76
071970,HD현대마린엔진,20260701,-149088,192962
282330,BGF리테일,20260701,-13130,13088
290650,엘앤씨바이오,20260701,52260,10665
018670,SK가스,20260701,2408,-3232
007070,GS리테일,20260701,-19709,23783
131970,두산테스나,20260701,57967,-79883
462870,시프트업,20260701,41259,19587
051600,한전KPS,20260701,12243,5768
192820,코스맥스,20260701,-7619,11716
008770,호텔신라,20260701,9416,-21511
032820,우리기술,20260701,-11739,127216
439260,대한조선,20260701,7139,-411
457190,이수스페셜티케미컬,20260701,-4356,-14487
020150,롯데에너지머티리얼즈,20260701,52112,-68867
281820,케이씨텍,20260701,-77892,91533
098460,고영,20260701,186662,-46282
103140,풍산,20260701,33537,-16873
420770,기가비스,20260701,-8199,9210
009155,삼성전기우,20260701,1077,1407
035900,JYP Ent.,20260701,29314,26068
000155,두산우,20260701,3860,-87
140860,파크시스템스,20260701,9701,9173
002790,아모레퍼시픽홀딩스,20260701,15057,10278
068760,셀트리온제약,20260701,-1161,1987
001740,SK네트웍스,20260701,357769,-8230
140410,메지온,20260701,-9697,3
007810,코리아써키트,20260701,-62067,-69297
395400,SK리츠,20260701,-20132,52315
073240,금호타이어,20260701,-923592,-205394
041510,에스엠,20260701,-124,6146
010170,대한광통신,20260701,263479,-7988
011210,현대위아,20260701,19312,-9366
112610,씨에스윈드,20260701,87080,29095
000120,CJ대한통운,20260701,6668,-8882
120110,코오롱인더,20260701,5755,-4610
097230,HJ중공업,20260701,-73607,15854
089030,테크윙,20260701,151239,65248
058610,에스피지,20260701,5932,7170
023590,다우기술,20260701,845,105
082920,비츠로셀,20260701,-1200,2902
083650,비에이치아이,20260701,-27850,36339
183300,코미코,20260701,-12300,-5289
020560,아시아나항공,20260701,2722,-20071
229640,LS에코에너지,20260701,-55783,70155
069620,대웅제약,20260701,-4881,7649
001800,오리온홀딩스,20260701,17831,-3878
218410,RFHIC,20260701,-10976,18352
043260,성호전자,20260701,-94350,53493
096530,씨젠,20260701,188,-20799
006040,동원산업,20260701,4154,5591
001120,LX인터내셔널,20260701,54475,-46843
475150,SK이터닉스,20260701,206696,414152
003540,대신증권,20260701,-3444,14606
030530,원익홀딩스,20260701,-64514,-996
007390,네이처셀,20260701,40034,8294
006280,녹십자,20260701,8619,-1721
093370,후성,20260701,-2305113,86036
060370,LS마린솔루션,20260701,-78299,96889
192080,더블유게임즈,20260701,25253,-3034
078600,대주전자재료,20260701,12993,-22126
005070,코스모신소재,20260701,19809,-6307
017960,한국카본,20260701,8481,-33816
322000,HD현대에너지솔루션,20260701,-31088,58422
458870,씨어스,20260701,-49652,-12166
415640,KB발해인프라,20260701,19235,7090
361610,SK아이이테크놀로지,20260701,12266,-15957
127120,제이에스링크,20260701,1183,0
039200,오스코텍,20260701,-13108,46541
294870,IPARK현대산업개발,20260701,111113,3867
007310,오뚜기,20260701,1017,-44
347700,스피어,20260701,-174592,645176
000815,삼성화재우,20260701,-2494,123
012630,HDC,20260701,13252,-18964
032350,롯데관광개발,20260701,431,25518
082640,동양생명,20260701,-15410,24270
034230,파라다이스,20260701,-79320,89070
181710,NHN,20260701,-904,-628
298020,효성티앤씨,20260701,-132,1841
066575,LG전자우,20260701,6326,536
030610,교보증권,20260701,-24826,11122
003570,SNT다이내믹스,20260701,-4501,3827
323280,태성,20260701,-9677,-4371
437730,삼현,20260701,-17772,41381
001820,삼화콘덴서,20260701,-19964,24516
077970,STX엔진,20260701,2857,-2545
001430,세아베스틸지주,20260701,26964,-2107
004000,롯데정밀화학,20260701,23858,-22260
195940,HK이노엔,20260701,-29181,36748
089860,롯데렌탈,20260701,38847,5189
003380,하림지주,20260701,220145,4494
031330,에스에이엠티,20260701,99284,9906
475830,오름테라퓨틱,20260701,-28920,13056
166090,하나머티리얼즈,20260701,-11108,9400
003530,한화투자증권,20260701,133669,13118
000080,하이트진로,20260701,17485,2453
057050,현대홈쇼핑,20260701,0,0
330590,롯데리츠,20260701,16936,21190
300720,한일시멘트,20260701,12995,10800
101490,에스앤에스텍,20260701,-14318,-13429
003090,대웅,20260701,9433,-4306
006340,대원전선,20260701,916888,26294
019210,와이지-원,20260701,14700,-111623
051915,LG화학우,20260701,2941,2801
195870,해성디에스,20260701,51105,-101363
099320,쎄트렉아이,20260701,-12108,6470
085660,차바이오텍,20260701,-19230,6561
071055,한국금융지주우,20260701,10710,6571
280360,롯데웰푸드,20260701,1227,-3578
232140,와이씨,20260701,-8832,-15861
000210,DL,20260701,31500,-9911
185750,종근당,20260701,1651,-203
100090,SK오션플랜트,20260701,101869,23743
003240,태광산업,20260701,409,-7
009450,경동나비엔,20260701,8340,-6475
204270,제이앤티씨,20260701,11614,-1325
005300,롯데칠성,20260701,5788,-6830
100790,미래에셋벤처투자,20260701,10621,2265
192400,쿠쿠홀딩스,20260701,-3966,4354
003470,유안타증권,20260701,46679,6565
417200,LS머트리얼즈,20260701,-138356,32595
038500,삼표시멘트,20260701,-451278,31761
241710,코스메카코리아,20260701,3604,43304
451800,한화리츠,20260701,-20386,19298
090710,휴림로봇,20260701,-100595,8295
083450,GST,20260701,-58361,-2966
086450,동국제약,20260701,-91868,121483
006120,SK디스커버리,20260701,-7564,-1083
491000,리브스메드,20260701,-8980,9567
036530,SNT홀딩스,20260701,1314,-1831
036540,SFA반도체,20260701,-11005,-65121
281740,레이크머티리얼즈,20260701,63040,7959
388720,유일로보틱스,20260701,-6337,21906
030190,NICE평가정보,20260701,-9332,9890
328130,루닛,20260701,-26894,13008
293490,카카오게임즈,20260701,53142,28185
456040,OCI,20260701,-7024,8838
074600,원익QnC,20260701,64701,28734
365550,ESR켄달스퀘어리츠,20260701,-34861,48800
122870,와이지엔터테인먼트,20260701,-3335,11355
065350,신성델타테크,20260701,10676,-3856
056190,SFA,20260701,-13801,1143
137400,피엔티,20260701,-5451,-2258
009240,한샘,20260701,-2013,15423
033100,제룡전기,20260701,-14267,29286
388210,씨엠티엑스,20260701,-1389,12881
137310,에스디바이오센서,20260701,20509,-20058
071320,지역난방공사,20260701,342,21
041830,인바디,20260701,-22660,92980
189300,인텔리안테크,20260701,-9719,1565
499790,GS피앤엘,20260701,17518,-13627
115180,큐리언트,20260701,-25224,32707
213420,덕산네오룩스,20260701,11358,-22192
075580,세진중공업,20260701,594,11522
161580,필옵틱스,20260701,-1291,-2414
214320,이노션,20260701,221,-1813
079160,CJ CGV,20260701,32278,-31296
090360,로보스타,20260701,-20675,4864
036830,솔브레인홀딩스,20260701,2838,-4585
248070,솔루엠,20260701,-24162,2040
285130,SK케미칼,20260701,-6879,9220
032190,다우데이타,20260701,-2882,2197
048410,현대바이오,20260701,20630,9485
445680,큐리옥스바이오시스템즈,20260701,-40187,5979
004490,세방전지,20260701,4986,1988
006650,대한유화,20260701,6848,-9406
003850,보령,20260701,-14098,-3839
252990,샘씨엔에스,20260701,-138079,106867
000670,영풍,20260701,2103,-880
064960,SNT모티브,20260701,3788,4339
005690,파미셀,20260701,-192927,346685
397030,에이프릴바이오,20260701,-38445,-12197
298050,HS효성첨단소재,20260701,1937,-1027
014620,성광벤드,20260701,12984,48618
025540,한국단자,20260701,6028,-4956
035760,CJ ENM,20260701,-3413,2673
093050,LF,20260701,3271,-9029
356860,티엘비,20260701,15216,-81881
000370,한화손해보험,20260701,-66595,-23228
466100,클로봇,20260701,11180,10405
032500,케이엠더블유,20260701,-783,-25862
010780,아이에스동서,20260701,32513,-48634
094170,동운아나텍,20260701,-26442,6
002350,넥센타이어,20260701,6592,-8890
003160,디아이,20260701,88253,-36657
006730,서부T&D,20260701,-22313,60700
112040,위메이드,20260701,-19015,-5355
490470,세미파이브,20260701,3976,5196
052400,코나아이,20260701,-6655,1791
253450,스튜디오드래곤,20260701,1375,-2601
122640,예스티,20260701,-52456,52512
090460,비에이치,20260701,38135,-33574
000400,롯데손해보험,20260701,-254589,-27082
295310,에이치브이엠,20260701,-106378,97443
002960,한국쉘석유,20260701,445,-35
069260,TKG휴켐스,20260701,27240,-5129
114090,GKL,20260701,-52378,-23926
317450,명인제약,20260701,654,-901
001270,부국증권,20260701,-155,111
108320,LX세미콘,20260701,-793,-3709
001570,금양,20260701,0,0
222080,SFA넥셀,20260701,-29338,5935
293940,신한알파리츠,20260701,27176,-21804
050890,쏠리드,20260701,11446,12983
064290,인텍플러스,20260701,78657,60530
023160,태광,20260701,10402,52438
005880,대한해운,20260701,199352,-1292
006380,카프로,20260701,0,0
053610,프로텍,20260701,74,681
376900,로킷헬스케어,20260701,-1080,8775
093320,케이아이엔엑스,20260701,543,204
001680,대상,20260701,-10303,10731
005180,빙그레,20260701,4070,-2528
007700,F&F홀딩스,20260701,3718,-1406
005090,SGC에너지,20260701,14891,230
002020,코오롱,20260701,-7119,14492
053800,안랩,20260701,371,142
160190,하이젠알앤엠,20260701,-10743,11125
001510,SK증권,20260701,364385,13786
383800,LX홀딩스,20260701,13981,-2840
456160,지투지바이오,20260701,-23671,29905
001060,JW중외제약,20260701,-1892,9513
017940,E1,20260701,-156,-66
383310,에코프로에이치엔,20260701,13744,-11442
003620,KG모빌리티,20260701,-29331,10133
121600,나노신소재,20260701,4878,-19861
033240,자화전자,20260701,-18017,-2405
102710,이엔에프테크놀로지,20260701,2170,-9390
046890,서울반도체,20260701,88545,-15001
041960,코미팜,20260701,-19759,23873
225570,넥슨게임즈,20260701,-3220,1547
037460,삼지전자,20260701,11303,394
178920,PI첨단소재,20260701,27189,-10656
002840,미원상사,20260701,-436,291
006110,삼아알미늄,20260701,-12468,-1213
336370,솔루스첨단소재,20260701,6484,-1154
045100,한양이엔지,20260701,69504,217063
000640,동아쏘시오홀딩스,20260701,3091,-7004
453340,현대그린푸드,20260701,2985,-4047
067160,SOOP,20260701,-6177,7420
102940,코오롱생명과학,20260701,5506,-137
358570,지아이이노베이션,20260701,69547,-284687
126340,비나텍,20260701,-6541,-1470
086900,메디톡스,20260701,-1338,494
014820,동원시스템즈,20260701,5768,2603
044490,태웅,20260701,18835,9585
052020,에스티큐브,20260701,65476,7909
100840,SNT에너지,20260701,6397,-4011
079900,전진건설로봇,20260701,-6155,-17
171090,선익시스템,20260701,-834,-1174
476060,온코닉테라퓨틱스,20260701,16926,9565
059090,미코,20260701,79692,70236
477850,마키나락스,20260701,4339,21898
251970,펌텍코리아,20260701,-9245,14903
003300,한일홀딩스,20260701,-663,2140
001500,현대차증권,20260701,53053,1250
249420,일동제약,20260701,8842,1761
376300,디어유,20260701,8470,-6392
027360,아주IB투자,20260701,-70032,-29771
033500,동성화인텍,20260701,5160,-4081
016380,KG스틸,20260701,-20415,-2731
476830,알지노믹스,20260701,2936,90016
094800,맵스리얼티,20260701,-8415,5753
348370,엔켐,20260701,-25025,-29514
060250,NHN KCP,20260701,-12449,519
056080,유진로봇,20260701,-23807,5772
336570,원텍,20260701,-220619,131086
035890,서희건설,20260701,39590,35224
170920,엘티씨,20260701,-34485,33624
268280,미원에스씨,20260701,283,-1181
003545,대신증권우,20260701,611,-4221
211050,인카금융서비스,20260701,-8988,13467
174900,앱클론,20260701,-20717,25898
448730,삼성FN리츠,20260701,-9594,12695
033790,피노,20260701,-89200,2317
009410,태영건설,20260701,16042,-25229
039130,하나투어,20260701,8446,-6209
124500,아이티센글로벌,20260701,16921,4165
005810,풍산홀딩스,20260701,1500,2827
036810,에프에스티,20260701,23417,-31805
082270,젬백스,20260701,-3672,25407
389470,인벤티지랩,20260701,-14645,3385
005389,현대차3우B,20260701,-176,50
365340,성일하이텍,20260701,-6432,6511
284740,쿠쿠홈시스,20260701,2409,-1006
009520,포스코엠텍,20260701,-4,-7866
399720,가온칩스,20260701,350,7883
033640,네패스,20260701,-16232,-42711
020000,한섬,20260701,-7107,13146
015750,성우하이텍,20260701,3268,676
005945,NH투자증권우,20260701,3091,190
119850,지엔씨에너지,20260701,-11945,128020
372320,큐로셀,20260701,-3114,2979
002240,고려제강,20260701,-1908,-1025
161000,애경케미칼,20260701,5653,277
005250,녹십자홀딩스,20260701,-6320,-2114
145990,삼양사,20260701,-1556,2491
008060,대덕,20260701,3274,21703
377740,바이오노트,20260701,7194,993
101160,월덱스,20260701,14198,6285
104830,원익머트리얼즈,20260701,-2398,7018
058650,세아홀딩스,20260701,-303,380
034950,한국기업평가,20260701,1083,508
003030,세아제강지주,20260701,1695,2217
001530,DI동일,20260701,735,-2144
425420,티에프이,20260701,42166,694
031430,신세계인터내셔날,20260701,9220,1499
002990,금호건설,20260701,11381,-18827
348210,넥스틴,20260701,-7354,-473
272290,이녹스첨단소재,20260701,16521,-10966
214430,아이쓰리시스템,20260701,-11052,862
030520,한글과컴퓨터,20260701,-9132,6028
099190,아이센스,20260701,-3447,-640
089890,코세스,20260701,-48482,30860
486990,노타,20260701,18085,8737
278280,천보,20260701,-6103,-274
475960,토모큐브,20260701,-5435,6778
253590,네오셈,20260701,-10056,2432
000070,삼양홀딩스,20260701,2360,1623
001200,유진투자증권,20260701,76926,2603
439960,코스모로보틱스,20260701,87942,3340
014830,유니드,20260701,3670,-3128
460930,현대힘스,20260701,25478,-5049
078130,국일제지,20260701,-17534,-1274
368770,파이버프로,20260701,24158,24178
077360,덕산하이메탈,20260701,-234648,238139
016610,DB증권,20260701,4744,-6483
019170,신풍제약,20260701,9568,151
340570,티앤엘,20260701,9698,-27439
004690,삼천리,20260701,-126,-115
348340,뉴로메카,20260701,-3294,12158
460860,동국제강,20260701,3295,-43908
042000,카페24,20260701,-4014,5406
072710,농심홀딩스,20260701,235,148
290550,디케이티,20260701,-115357,90934
215200,메가스터디교육,20260701,6834,7513
474590,WON 반도체밸류체인액티브,20260701,-18164,8711
090435,아모레퍼시픽우,20260701,9836,1655
018290,브이티,20260701,70294,867
034310,NICE,20260701,-2528,-3559
003000,부광약품,20260701,-57515,17042
025320,시노펙스,20260701,-424590,890
079940,가비아,20260701,-1668,26
039440,에스티아이,20260701,84632,55972
004700,조광피혁,20260701,798,-83
357120,코람코라이프인프라리츠,20260701,-8936,14941
403550,쏘카,20260701,3578,-956
200710,에이디테크놀로지,20260701,21597,-32845
381970,케이카,20260701,-14116,19094
009900,명신산업,20260701,13262,-2896
029530,신도리코,20260701,2109,-3293
452260,한화갤러리아,20260701,-40211,-5844
417310,코람코더원리츠,20260701,-9783,18085
327260,RF머트리얼즈,20260701,-25327,36705
041190,우리기술투자,20260701,22155,1794
095660,네오위즈,20260701,5763,226
330860,네패스아크,20260701,-46308,43612
160980,싸이맥스,20260701,-83106,80274
047920,HLB제약,20260701,-125,1341
219130,타이거일렉,20260701,-49567,47555
016590,신대양제지,20260701,1214,24
005420,코스모화학,20260701,11711,3259
003280,흥아해운,20260701,479232,25649
168360,펨트론,20260701,-22904,25286
015360,INVENI,20260701,1841,697
089010,켐트로닉스,20260701,3981,1052
025980,아난티,20260701,-58654,5284
037710,광주신세계,20260701,24599,-1002
004710,한솔테크닉스,20260701,-15815,12366
144960,뉴파워프라즈마,20260701,-70154,-21363
027410,BGF,20260701,2295,679
067630,HLB생명과학,20260701,-40772,3
008730,율촌화학,20260701,8691,-13487
130660,한전산업,20260701,4106,4890
078020,LS증권,20260701,-11016,823
036620,감성코퍼레이션,20260701,-72120,-3449
024850,HLB이노베이션,20260701,-18671,578
241770,메카로,20260701,7593,-594
033160,엠케이전자,20260701,605507,-459097
101730,위메이드맥스,20260701,-8755,-9726
013030,하이록코리아,20260701,11967,-9949
089590,제주항공,20260701,-5468,1263
001940,KISCO홀딩스,20260701,1307,43
271940,일진하이솔루스,20260701,-579,-250
092230,KPX홀딩스,20260701,812,56
344820,KCC글라스,20260701,1958,2285
000157,두산2우B,20260701,508,0
006220,제주은행,20260701,47490,-503
002810,삼영무역,20260701,5797,-2490
002030,아세아,20260701,-405,227
950210,프레스티지바이오파마,20260701,2617,-65
356680,엑스게이트,20260701,-73666,28318
306200,세아제강,20260701,1259,774
011930,신성이엔지,20260701,856,-20
017810,풀무원,20260701,3467,-1797
078160,메디포스트,20260701,-3707,19276
060280,큐렉소,20260701,-2511,5323
003800,에이스침대,20260701,440,185
006910,보성파워텍,20260701,-356779,-3489
194370,제이에스코퍼레이션,20260701,-18002,31468
069080,웹젠,20260701,-18002,7712
105630,한세실업,20260701,5348,-5204
060980,HL홀딩스,20260701,-570,986
243070,휴온스,20260701,-713,-126
114810,한솔아이원스,20260701,17192,-281
005950,이수화학,20260701,-63261,11433
017900,광전자,20260701,5408,11
287840,인투셀,20260701,-13782,13834
183190,아세아시멘트,20260701,2212,2320
170900,동아에스티,20260701,2627,-1390
005610,삼립,20260701,1315,-186
007690,국도화학,20260701,-3854,5714
110990,디아이티,20260701,5271,120
145720,덴티움,20260701,-6587,5057
101930,인화정공,20260701,-2663,-9
204620,글로벌텍스프리,20260701,334797,-117629
097520,엠씨넥스,20260701,3143,245
104700,한국철강,20260701,7193,-1438
389650,넥스트바이오메디컬,20260701,-5746,4914
029460,케이씨,20260701,-7926,16789
010690,화신,20260701,69783,-46121
006405,삼성SDI우,20260701,967,5
126560,현대퓨처넷,20260701,9178,258
236200,슈프리마,20260701,-5599,4413
484870,엠앤씨솔루션,20260701,17705,-4456
448900,한국피아이엠,20260701,2819,140
084110,휴온스글로벌,20260701,1972,148
482630,삼양엔씨켐,20260701,-52268,18611
064260,다날,20260701,79707,-330
002310,아세아제지,20260701,6376,18578
105840,우진,20260701,-46167,81697
042520,한스바이오메드,20260701,30836,37068
005720,넥센,20260701,1719,-1132
009160,SIMPAC,20260701,-26219,-3442
199800,툴젠,20260701,12246,-1067
215600,신라젠,20260701,-27380,356
078340,컴투스,20260701,4033,202
393890,더블유씨피,20260701,-34008,24222
126720,수산인더스트리,20260701,-3110,3203
078350,한양디지텍,20260701,-76233,-392
265520,AP시스템,20260701,10395,-17175
206650,유바이오로직스,20260701,-14296,-1552
012030,DB,20260701,111972,-108694
493280,아이엠바이오로직스,20260701,6034,-235
036890,진성티이씨,20260701,2434,-17639
011760,현대코퍼레이션,20260701,1394,20
125490,한라캐스트,20260701,-45576,36366
424870,이뮨온시아,20260701,12718,3278
016800,퍼시스,20260701,151,-16
200880,서연이화,20260701,-524,850
023410,유진기업,20260701,518921,2446
009290,광동제약,20260701,-339,-204
200670,휴메딕스,20260701,-5719,7493
005680,삼영전자,20260701,33394,9264
018250,애경산업,20260701,13037,487
107640,한중엔시에스,20260701,-18385,11702
091700,파트론,20260701,21847,935
015860,일진홀딩스,20260701,-13799,137
394280,오픈엣지테크놀로지,20260701,5522,7915
092790,넥스틸,20260701,47687,-211
079370,제우스,20260701,13842,-36572
080580,오킨스전자,20260701,-17880,11288
025900,동화기업,20260701,-3681,-515
058430,포스코스틸리온,20260701,8814,2079
117730,티로보틱스,20260701,799,14525
192650,드림텍,20260701,-44376,-1
272450,진에어,20260701,20110,84
108670,LX하우시스,20260701,4636,4124
092190,서울바이오시스,20260701,-22188,1
024720,콜마홀딩스,20260701,9005,-4205
376270,HEM파마,20260701,3165,923
003200,일신방직,20260701,15952,-443
092730,네오팜,20260701,12514,-6928
034830,한국토지신탁,20260701,19163,-19769
049070,인탑스,20260701,4379,29204
136480,하림,20260701,-89855,489
472920,HK 종합채권(AA-이상)액티브,20260701,0,-13
001390,KG케미칼,20260701,8652,1429
025770,한국정보통신,20260701,3546,684
010820,퍼스텍,20260701,11103,-3921
091810,트리니티항공,20260701,24280,-66917
036800,나이스정보통신,20260701,4687,828
217590,티엠씨,20260701,89546,-53012
455900,엔젤로보틱스,20260701,1594,9221
121440,골프존홀딩스,20260701,70763,521778
064850,에프앤가이드,20260701,-7000,-7957
468530,프로티나,20260701,9727,1296
004430,송원산업,20260701,49019,7581
096760,JW홀딩스,20260701,4168,-4468
025860,남해화학,20260701,5831,54
084690,대상홀딩스,20260701,11245,117
228760,지노믹트리,20260701,1494,5865
052710,아모텍,20260701,-116625,15279
098070,한텍,20260701,-4189,9763
036200,유니셈,20260701,22118,127256
017390,서울가스,20260701,178,-79
064820,케이프,20260701,-2049,3377
484590,삼양컴텍,20260701,28020,54514
033270,유나이티드제약,20260701,-2263,-37
013120,동원개발,20260701,22476,-2479
035810,이지홀딩스,20260701,-11409,-321
003960,사조대림,20260701,446,157
123890,한국자산신탁,20260701,-7558,6109
043150,바텍,20260701,-2133,275
314930,바이오다인,20260701,-11437,7289
138080,오이솔루션,20260701,9881,4083
017890,한국알콜,20260701,13486,-5902
151860,KG에코솔루션,20260701,-32656,9616
051500,CJ프레시웨이,20260701,1263,-2178
026890,스틱인베스트먼트,20260701,18893,31
005430,한국공항,20260701,3678,31
084010,대한제강,20260701,-9077,-781
441270,파인엠텍,20260701,-69951,78596
094360,칩스앤미디어,20260701,-7848,16198
187660,페니트리움바이오,20260701,53772,0
309710,아이티켐,20260701,0,0
078520,에이블씨엔씨,20260701,-2117,22454
001750,한양증권,20260701,9198,-26
002900,TYM,20260701,98720,-95334
352480,씨앤씨인터내셔널,20260701,-2216,-599
182400,엔케이젠바이오텍코리아,20260701,0,0
054950,제이브이엠,20260701,2584,155
286940,롯데이노베이트,20260701,2114,-723
003120,일성아이에스,20260701,526,-409
001230,동국홀딩스,20260701,-11736,-64341
092460,한라IMS,20260701,-5036,2407
234340,헥토파이낸셜,20260701,46038,-34610
001340,PKC,20260701,-13731,-54
450950,아스테라시스,20260701,-4984,25967
035600,KG이니시스,20260701,11437,-5000
475040,스트라드비젼,20260701,157917,-256740
065680,우주일렉트로,20260701,-10021,-6
217730,강스템바이오텍,20260701,-112625,3338
002710,TCC스틸,20260701,9705,86
003920,남양유업,20260701,-1832,1027
267980,매일유업,20260701,708,-202
121800,비덴트,20260701,0,0
389500,에스비비테크,20260701,21874,-38507
000430,대원강업,20260701,-25721,1219
365270,큐라클,20260701,-11472,8801
304360,에스바이오메딕스,20260701,-11509,13937
099430,바이오플러스,20260701,-15483,17155
950170,JTC,20260701,63975,-4400
019010,베뉴지,20260701,-5143,-21314
377460,큐에이드,20260701,0,0
011560,세보엠이씨,20260701,-15370,5099
002320,한진,20260701,2543,-245
419530,SAMG엔터,20260701,-10247,10207
200470,에이팩트,20260701,-94650,-9953
254490,미래반도체,20260701,-760,0
215000,골프존,20260701,2475,-1420
003070,코오롱글로벌,20260701,8130,2885
298690,에어부산,20260701,33715,-3585
496020,WON 전단채플러스액티브,20260701,0,66
439090,마녀공장,20260701,24878,49814
114190,강원에너지,20260701,5859,3556
417840,저스템,20260701,-116883,101556
004360,세방,20260701,-992,121
095500,미래나노텍,20260701,2404,133
200130,콜마비앤에이치,20260701,-1287,-1565
005500,삼진제약,20260701,15710,740
472850,폰드그룹,20260701,-2620,19134
086390,유니테스트,20260701,109716,-130522
007160,사조산업,20260701,-1068,590
180400,DXVX,20260701,931,-6
378340,필에너지,20260701,-26131,0
089980,상아프론테크,20260701,-5465,-729
060720,KH바텍,20260701,15502,717
456010,아이씨티케이,20260701,6136,559
334890,이지스밸류플러스리츠,20260701,8331,8669
900140,엘브이엠씨홀딩스,20260701,31612,-1316
122900,아이마켓코리아,20260701,23911,-22
452280,한선엔지니어링,20260701,-112075,13472
043370,피에이치에이,20260701,3003,480
206640,바디텍메드,20260701,8613,48
382900,범한퓨얼셀,20260701,-1707,9839
389260,대명에너지,20260701,34673,2518
018000,유니슨,20260701,-1853981,-111867
051360,토비스,20260701,0,0
000650,천일고속,20260701,669,1
061970,LB세미콘,20260701,-11773,45988
452430,사피엔반도체,20260701,-8607,77
159010,아스플로,20260701,7109,11004
488900,비츠로넥스텍,20260701,-6279,2273
010955,S-Oil우,20260701,1332,35
003650,미창석유,20260701,109,776
000680,LS네트웍스,20260701,-41257,-34
194700,노바렉스,20260701,1331,3719
042370,비츠로테크,20260701,-27006,-252
039830,오로라,20260701,15902,-3038
053030,바이넥스,20260701,-14638,-1174
244920,에이플러스에셋,20260701,7507,2444
241520,DSC인베스트먼트,20260701,5837,-6615
085910,네오티스,20260701,32527,-69735
008490,서흥,20260701,-1787,-434
348950,제이알글로벌리츠,20260701,0,0
000480,CR홀딩스,20260701,10269,-2418
034120,SBS,20260701,0,38
230240,에치에프알,20260701,-22673,-1853
065710,서호전기,20260701,60,-102
332570,PS일렉트로닉스,20260701,-85840,-4096
028100,동아지질,20260701,17037,2092
023760,한국캐피탈,20260701,-9002,-19789
092870,엑시콘,20260701,-41726,-5355
024840,KBI메탈,20260701,-109771,948
000050,경방,20260701,-736,587
317330,덕산테코피아,20260701,30985,-21175
144510,지씨셀,20260701,-3844,160
404990,신한서부티엔디리츠,20260701,24651,21334
001250,GS글로벌,20260701,-567408,-38
900290,GRT,20260701,-27493,-102253
003520,영진약품,20260701,-16665,-642
298830,슈어소프트테크,20260701,1178,-171
006805,미래에셋증권우,20260701,-10982,63419
036030,케이티알파,20260701,-3486,-528
290690,소룩스,20260701,-50148,-2007
025000,KPX케미칼,20260701,595,12
001460,BYC,20260701,-1301,91
005010,휴스틸,20260701,-23008,273
018310,삼목에스폼,20260701,890,-223
425040,티이엠씨,20260701,63574,553
067390,아스트,20260701,146557,14771
037270,YG PLUS,20260701,27887,616
462350,이노스페이스,20260701,-38615,5365
014940,오리엔탈정공,20260701,37411,-179
134380,미원화학,20260701,-92,-2
136490,선진,20260701,20617,4706
088260,이리츠코크렙,20260701,-11760,20488
475560,더본코리아,20260701,3880,-193
065660,안트로젠,20260701,-1872,1379
044450,KSS해운,20260701,70,4094
069540,빛과전자,20260701,18065,34806
272110,케이엔제이,20260701,6619,-20486
461300,아이스크림미디어,20260701,8051,1513
033920,무학,20260701,3978,7733
203650,드림시큐리티,20260701,29208,-151
046970,우리로,20260701,52616,23314
000320,노루홀딩스,20260701,-537,-58
009680,모토닉,20260701,-1750,-1674
084850,아이티엠반도체,20260701,740,-88
030210,다올투자증권,20260701,639,-7419
003720,삼영,20260701,-168683,6
481070,에이유브랜즈,20260701,121,2958
100120,뷰웍스,20260701,188,205
308430,셀비온,20260701,-5294,2990
025560,미래산업,20260701,72685,-1017
445090,에이직랜드,20260701,-8227,8584
432320,KB스타리츠,20260701,-36980,8168
005710,대원산업,20260701,1977,1067
210980,SK디앤디,20260701,-1261,-49
226320,잇츠한불,20260701,7355,-1848
353810,이지바이오,20260701,3597,2298
000540,흥국화재,20260701,-7398,-26
494220,UNICORN SK하이닉스밸류체인액티브,20260701,12478,21458
448280,에코아이,20260701,6232,-39
112290,와이씨켐,20260701,2164,5128
011500,한농화성,20260701,-10909,-4
017860,DS단석,20260701,668,-7581
194480,데브시스터즈,20260701,-19387,476
001790,대한제당,20260701,138042,-80
000490,대동,20260701,11599,-25
035150,백산,20260701,-2751,-721
380540,옵티코어,20260701,0,0
475400,씨메스로보틱스,20260701,1469,-4283
013580,계룡건설,20260701,-61893,-1247
091580,상신이디피,20260701,-37692,26154
004980,성신양회,20260701,62565,-1011
216080,제테마,20260701,14554,24247
220100,퓨쳐켐,20260701,6751,3602
058970,엠로,20260701,4174,6090
052330,코텍,20260701,16292,2029
034810,해성산업,20260701,-29932,-1
093520,매커스,20260701,2553,-99
357550,석경에이티,20260701,1191,2146
061090,세나테크놀로지,20260701,-796,80
094480,갤럭시아머니트리,20260701,16988,-404
001630,종근당홀딩스,20260701,171,-6
003555,LG우,20260701,1077,-75
051905,LG생활건강우,20260701,363,-105
123330,제닉,20260701,-20253,33305
053210,스카이라이프,20260701,10778,86
115450,HLB테라퓨틱스,20260701,-37905,705
013890,지누스,20260701,-3186,25
068930,디지털대성,20260701,734,3268
053690,한미글로벌,20260701,7666,-16735
403790,MIDAS 코스피액티브,20260701,0,-57
100250,진양홀딩스,20260701,15501,-127
108860,셀바스AI,20260701,10372,18049
003547,대신증권2우B,20260701,7913,1
298000,효성화학,20260701,2869,-4
041920,메디아나,20260701,37277,174
039570,HDC랩스,20260701,14585,6878
078150,HB테크놀러지,20260701,51353,1869
128820,대성산업,20260701,10239,10
001080,만호제강,20260701,-2490,440
036190,금화피에스시,20260701,987,1144
098120,마이크로컨텍솔,20260701,-13572,-7
095570,AJ네트웍스,20260701,9555,24044
000140,하이트진로홀딩스,20260701,2085,-480
484120,도우인시스,20260701,721,-71
099440,스맥,20260701,-27251,-1529
003350,한국화장품제조,20260701,4910,-8
126600,BGF에코머티리얼즈,20260701,4091,2
045390,대아티아이,20260701,-94164,0
394800,쓰리빌리언,20260701,11939,-8832
294570,쿠콘,20260701,3880,11
044820,코스맥스비티아이,20260701,589,-402
243840,신흥에스이씨,20260701,-52758,2092
036710,심텍홀딩스,20260701,13997,324
117580,대성에너지,20260701,8716,1868
007860,서연,20260701,9442,-370
138610,나이벡,20260701,1764,-5712
073490,LIG아큐버,20260701,-10079,-56
462520,조선내화,20260701,6776,-152
494120,큐리오시스,20260701,36786,-19707
339770,교촌에프앤비,20260701,-4010,512
001130,대한제분,20260701,3277,7053
102460,이연제약,20260701,2014,199
016790,현대사료,20260701,0,0
241590,화승엔터프라이즈,20260701,15007,-28965
084990,헬릭스미스,20260701,-10603,11225
394420,리센스메디컬,20260701,43838,6574
354320,알멕,20260701,-24018,5652
318060,그래피,20260701,-12705,-9137
234080,JW생명과학,20260701,7769,-173
054210,이랜텍,20260701,-59319,35322
032580,피델릭스,20260701,-708621,474
094820,일진파워,20260701,-16078,726
187870,디바이스,20260701,-12410,-31889
036170,에이치엠넥스,20260701,39812,-216
036560,KZ정밀,20260701,1792,50
123860,아나패스,20260701,-2228,0
251370,와이엠티,20260701,-11091,1066
012860,모베이스전자,20260701,-68314,928
416180,신성에스티,20260701,-13318,20507
192440,슈피겐코리아,20260701,-767,-54
003460,유화증권,20260701,11712,7945
016580,환인제약,20260701,2948,-2295
190510,나무가,20260701,-944,8
214180,헥토이노베이션,20260701,-3732,-435
010580,에스엠벡셀,20260701,-43709,-481
009470,삼화전기,20260701,14791,918
102260,동성케미컬,20260701,4817,6341
049430,코메론,20260701,14916,12827
002100,경농,20260701,3390,3963
317400,자이에스앤디,20260701,-29908,-625
459510,나우로보틱스,20260701,-889,4497
046120,오르비텍,20260701,-41445,3163
125020,티씨머티리얼즈,20260701,-178182,15329
237880,클리오,20260701,1557,-666
256840,한국비엔씨,20260701,28603,183
322310,오로스테크놀로지,20260701,2741,3304
176750,듀켐바이오,20260701,1504,977
003220,대원제약,20260701,10000,-341
119610,인터로조,20260701,-17501,-5153
199820,제일일렉트릭,20260701,-62330,-280
037070,파세코,20260701,-17353,-654
092200,디아이씨,20260701,21379,-78
035510,신세계 I&C,20260701,18232,-1026
002150,도화엔지니어링,20260701,12901,-15285
042420,네오위즈홀딩스,20260701,-9,5006
053300,한국정보인증,20260701,15999,-104
082800,비보존 제약,20260701,-70263,78
066620,국보디자인,20260701,-246,-31
012210,삼미금속,20260701,13824,0
108380,대양전기공업,20260701,-7871,13728
377190,디앤디플랫폼리츠,20260701,-61109,16218
950140,잉글우드랩,20260701,-5695,-3694
338840,와이바이오로직스,20260701,-15159,9324
092130,이크레더블,20260701,2434,0
004560,현대비앤지스틸,20260701,-15380,218
000300,DH오토넥스,20260701,0,0
004380,삼익THK,20260701,-7488,-20
003610,방림,20260701,-10024,4189
016450,한세예스24홀딩스,20260701,7290,7
033530,SJG세종,20260701,-16549,4942
039840,디오,20260701,3267,11
067080,대화제약,20260701,-152502,351
487570,HS효성,20260701,-690,-326
464080,에스오에스랩,20260701,-6340,6809
152870,파워 200,20260701,0,126
064550,바이오니아,20260701,-15506,-34
143240,사람인,20260701,-1492,2200
083310,엘오티베큠,20260701,-575,0
153890,져스텍,20260701,-61163,-1160
038390,레드캡투어,20260701,-1365,-8
204610,티쓰리,20260701,70405,76457
000390,SP삼화,20260701,3501,-11
122990,와이솔,20260701,-12138,10115
101530,해태제과식품,20260701,19946,747
245620,EDGC,20260701,0,0
307180,아이엘,20260701,-1629,20905
015230,대창단조,20260701,4887,-2355
071200,인피니트헬스케어,20260701,7229,0
051370,인터플렉스,20260701,-16365,-8348
377450,리파인,20260701,158,0
143160,아이디스,20260701,-1189,0
355150,코스텍시스,20260701,-21724,14271
005960,동부건설,20260701,-15608,13763
002170,SYTS,20260701,-602,1329
001780,알루코,20260701,53181,-12837
079960,동양이엔피,20260701,-1055,-579
049630,재영솔루텍,20260701,7388,0
000860,강남제비스코,20260701,8372,-4726
092070,디엔에프,20260701,-8743,0
400760,NH올원리츠,20260701,-5855,3546
097955,CJ제일제당 우,20260701,-413,23
083930,아바코,20260701,-19023,20
031440,신세계푸드,20260701,-310,100
314130,지놈앤컴퍼니,20260701,-57397,-1248
213500,한솔제지,20260701,20115,-343
004310,현대약품,20260701,75971,20028
101970,우양에이치씨,20260701,-6481,5588
446540,메가터치,20260701,-32528,0
066410,버킷스튜디오,20260701,0,0
024800,유성티엔에스,20260701,-5835,-2329
046070,코다코,20260701,0,0
080160,모두투어,20260701,-5463,428
040350,크레오에스지,20260701,-23100,8164
054450,텔레칩스,20260701,-2768,0
072870,메가스터디,20260701,2881,-598
007570,일양약품,20260701,21835,-12
389020,자람테크놀로지,20260701,-13538,1348
093190,빅솔론,20260701,-1552,658
242040,나무기술,20260701,-14274,1078
457550,우진엔텍,20260701,4250,527
274090,켄코아에어로스페이스,20260701,-20809,-1133
138360,앤로보틱스,20260701,8653,42649
123410,코리아에프티,20260701,-20557,27168
293480,하나제약,20260701,5268,-130
002780,진흥기업,20260701,-248572,-74751
011040,경동제약,20260701,2183,-1896
016880,웅진,20260701,21031,72658
023910,대한약품,20260701,2762,-33
371950,풍원정밀,20260701,-4999,-3821
060150,인선이엔티,20260701,-6710,283
474650,링크솔루션,20260701,-8603,326
048550,SM C&C,20260701,44257,5720
086670,비엠티,20260701,1418,4104
382800,지앤비에스 에코,20260701,-31168,-22269
255220,SG,20260701,88576,-132
007330,푸른저축은행,20260701,-73,0
403850,더핑크퐁컴퍼니,20260701,483,-1471
000700,유수홀딩스,20260701,10135,-40
304100,솔트룩스,20260701,10704,2236
046440,KG파이낸셜,20260701,-283,-2327
011785,금호석유화학우,20260701,1180,52
086820,바이오솔루션,20260701,-9308,729
041020,폴라리스오피스,20260701,-4889,29232
478340,나라스페이스테크놀로지,20260701,9705,574
014710,사조씨푸드,20260701,4809,4
484810,티엑스알로보틱스,20260701,673,14880
212560,네오오토,20260701,3113,-25
032620,GC메디아이,20260701,-20303,18820
000970,한국주철관,20260701,10798,-10
001045,CJ우,20260701,-133,18
451760,컨텍,20260701,-24006,22354
126700,하이비젼시스템,20260701,-16459,-9
222040,코스맥스엔비티,20260701,-14440,0
271980,제일약품,20260701,878,-25
402030,코난테크놀로지,20260701,2406,2360
090350,노루페인트,20260701,13107,-882
071840,롯데하이마트,20260701,-694,-9
334970,프레스티지바이오로직스,20260701,25301,10685
048870,시너지이노베이션,20260701,51130,51026
234690,녹십자웰빙,20260701,-10585,12
462860,더즌,20260701,-4174,30403
004970,신라교역,20260701,3387,-504
084680,이월드,20260701,-30801,-967
054800,아이디스홀딩스,20260701,649,3
104480,티케이케미칼,20260701,34032,50
039860,나노엔텍,20260701,5448,229
264450,유비쿼스,20260701,-7298,0
119830,아이텍,20260701,-53357,-1052
388050,지투파워,20260701,7838,2109
418550,제이오,20260701,-29541,3337
270660,에브리봇,20260701,-61061,10218
086890,이수앱지스,20260701,-23018,-11
460850,동국씨엠,20260701,-6243,-82
058820,CMG제약,20260701,-46656,-388
049960,쎌바이오텍,20260701,-3350,4345
179290,엠아이텍,20260701,7795,0
361390,제노코,20260701,125,5561
000520,삼일제약,20260701,11294,-9013
101360,에코앤드림,20260701,-26128,12763
000020,동화약품,20260701,7343,373
147830,제룡산업,20260701,-13279,13696
003830,대한화섬,20260701,62,-1
003480,한진중공업홀딩스,20260701,15090,-8
405100,큐알티,20260701,513,0
004090,한국석유,20260701,7087,1
102120,어보브반도체,20260701,-16086,10261
088800,에이스테크,20260701,-6261,98
067280,멀티캠퍼스,20260701,852,8
037350,성도이엔지,20260701,-22090,-6333
078070,유비쿼스홀딩스,20260701,-3248,-4
402490,그린리소스,20260701,-6643,485
118990,모트렉스,20260701,12479,1
126640,화신정공,20260701,68371,-8449
094280,효성ITX,20260701,2402,-64
023600,삼보판지,20260701,1648,-468
092220,KEC,20260701,31688,-1032
260970,에스앤디,20260701,-1372,10228
448100,WON 200,20260701,-17,-133
025820,이구산업,20260701,-14246,6
372170,윤성에프앤씨,20260701,-2543,-6
114840,아이패밀리에스씨,20260701,3617,-2074
025950,동신건설,20260701,-19606,28
146320,비씨엔씨,20260701,14665,7236
069510,에스텍,20260701,-199,-13
068790,DMS,20260701,-3822,-292
012610,경인양행,20260701,-32564,-289
015890,태경산업,20260701,6408,1333
024060,흥구석유,20260701,1405,7
038290,마크로젠,20260701,15964,0
357880,SKAI,20260701,-65686,2699
126730,코칩,20260701,17732,10654
049720,고려신용정보,20260701,6814,-2993
445180,퓨릿,20260701,562,-150
001540,안국약품,20260701,-8435,1002
006060,화승인더,20260701,995,-4321
109740,디에스케이,20260701,1746,15435
005990,매일홀딩스,20260701,-2287,0
293580,나우IB,20260701,-41934,-1435
008350,남선알미늄,20260701,-36956,-1931
106190,하이텍팜,20260701,1231,9
211270,AP위성,20260701,-14994,-1506
013520,화승코퍼레이션,20260701,9931,793
004960,한신공영,20260701,21189,39758
469610,이노테크,20260701,-6467,-1205
269620,시스웍,20260701,0,0
311320,지오엘리먼트,20260701,-26385,23623
489500,엘케이켐,20260701,-2506,5868
095190,신화프리텍,20260701,-4006,-1008
432720,퀄리타스반도체,20260701,-10656,487
226590,엠디바이스,20260701,-2410,308
272550,삼양패키징,20260701,5043,-1743
081000,일진다이아,20260701,12003,-215
474170,루미르,20260701,-7190,-2826
012200,계양전기,20260701,41372,-1057
005160,동국산업,20260701,14735,-720
004080,신흥,20260701,594,-583
077500,유니퀘스트,20260701,3343,-1549
149950,아바텍,20260701,-3012,22735
065170,비엘팜텍,20260701,-10699,0
042600,새로닉스,20260701,-2172,2058
210540,디와이파워,20260701,-5247,930
388790,라이콤,20260701,21598,-23068
007540,샘표,20260701,347,-125
214420,토니모리,20260701,4689,-551
086980,쇼박스,20260701,-15081,3346
293780,압타바이오,20260701,-11319,1418
136540,윈스테크넷,20260701,1676,-1615
140670,알에스오토메이션,20260701,-1696,3730
037560,LG헬로비전,20260701,39971,-23
264850,이랜시스,20260701,32975,0
024090,디씨엠,20260701,1155,-725
004150,한솔홀딩스,20260701,19078,190
366030,나인앤컴퍼니,20260701,-15919,-4
036690,코맥스,20260701,0,0
199430,케이엔알시스템,20260701,-916,271
008970,KBI동양철관,20260701,156631,-722
458650,성우,20260701,-2629,8992
003100,선광,20260701,7682,-1018
001360,삼성제약,20260701,-60004,832
232680,라온로보틱스,20260701,-16724,314
002460,HS화성,20260701,1549,-512
011280,태림포장,20260701,-15116,-496
408920,메쎄이상,20260701,731,69
122450,KX,20260701,-1018,-2666
285490,노바텍,20260701,12893,6291
089470,HDC현대EP,20260701,9684,1193
259630,엠플러스,20260701,10217,-3660
452450,피아이이,20260701,-16674,11268
091590,남화토건,20260701,-11452,70
418420,라온텍,20260701,-33302,1026
107590,미원홀딩스,20260701,1,0
214390,경보제약,20260701,2376,-304
240550,동방메디컬,20260701,-27322,23239
020120,키다리스튜디오,20260701,14620,6738
350520,이지스레지던스리츠,20260701,3092,-6571
297890,HB솔루션,20260701,-26247,12086
473980,노머스,20260701,-6597,18277
264660,씨앤지하이테크,20260701,-4281,0
014280,금강공업,20260701,10349,-1
041440,현대에버다임,20260701,-9716,-402
950190,고스트스튜디오,20260701,3463,0
339950,아이비김영,20260701,7186,0
009070,KCTC,20260701,8026,-435
021320,KCC건설,20260701,11820,0
083500,에프엔에스테크,20260701,-25777,1
256940,킵스파마,20260701,6307,14054
025620,차AI헬스케어,20260701,8035,-53
053080,케이엔솔,20260701,-71,-90
307750,국전,20260701,-3712,1088
073010,케이에스피,20260701,28637,787
282880,코윈테크,20260701,-6476,6171
011690,와이투솔루션,20260701,-15697,-7284
090850,현대이지웰,20260701,17203,10669
079430,현대리바트,20260701,8559,6
321550,티움바이오,20260701,-19731,15326
267320,나인테크,20260701,-27704,18183
067990,도이치모터스,20260701,-769,1391
078000,텔코웨어,20260701,24855,1
108230,톱텍,20260701,5743,-1
220260,켐트로스,20260701,-27431,14719
163730,핑거,20260701,-2628,7054
001520,동양,20260701,-18705,-190329
009270,신원,20260701,112543,-28903
038540,상상인,20260701,-2024,19193
380550,뉴로핏,20260701,-1895,-21019
094840,슈프리마에이치큐,20260701,11709,5772
017510,세명전기,20260701,45551,2298
089600,KT나스미디어,20260701,2244,-830
067900,와이엔텍,20260701,18012,-2886
310200,애니플러스,20260701,-51459,-67
002220,한일철강,20260701,-39523,5
498180,파워 종합채권(AA-이상)액티브,20260701,0,0
001260,남광토건,20260701,15680,-36
142210,유니트론텍,20260701,-13200,-386
300080,플리토,20260701,4578,826
018470,조일알미늄,20260701,111716,-866
017550,수산세보틱스,20260701,-13762,7
041590,플래스크,20260701,0,0
013990,아가방컴퍼니,20260701,-6973,0
267290,경동도시가스,20260701,1189,-304
047310,파워로직스,20260701,-10286,2147
289080,SV인베스트먼트,20260701,-28940,0
263860,지니언스,20260701,81,12505
093640,케이알엠,20260701,8480,5808
004250,NPC,20260701,17903,1371
340450,지씨지놈,20260701,-22718,2887
488280,에스투더블유,20260701,22642,-1592
027710,팜스토리,20260701,-26284,280
034590,인천도시가스,20260701,1062,240
308080,바이젠셀,20260701,38597,3560
070960,모나용평,20260701,-4893,437
105330,케이엔더블유,20260701,-2347,5024
095700,제넥신,20260701,-13739,-561
013360,일성건설,20260701,113095,441
012320,경동인베스트,20260701,2489,-281
035000,HS애드,20260701,4451,-3472
008040,사조동아원,20260701,79360,-65518
010100,한국무브넥스,20260701,19433,2780
115310,인포바인,20260701,2468,2802
015590,DKME,20260701,-8599,0
005800,신영와코루,20260701,-111,-438
051160,지어소프트,20260701,-16857,-202
246710,티앤알바이오팹,20260701,-28725,22897
066980,한성크린텍,20260701,-62923,-53016
032940,원익,20260701,-2010,1000
227840,현대코퍼레이션홀딩스,20260701,2436,-411
014580,태경비케이,20260701,-3161,3
331920,셀레믹스,20260701,-618,114
297090,씨에스베어링,20260701,-7865,6603
338220,뷰노,20260701,3296,2592
019180,티에이치엔,20260701,-11138,-2444
080420,모다이노칩,20260701,466,-467
120030,조선선재,20260701,310,33
148150,세경하이테크,20260701,108,4
166480,코아스템켐온,20260701,-20695,9377
217270,넵튠,20260701,-5249,-14
054050,NH농우바이오,20260701,4443,5325
011810,STX,20260701,0,0
016710,대성홀딩스,20260701,12194,-6
453450,그리드위즈,20260701,4259,-45
049520,유아이엘,20260701,-3719,1737
018120,진로발효,20260701,134,-47
009780,엠에스씨,20260701,-3945,4
013570,디와이,20260701,21964,-48
486240,DAISHIN343 AI반도체&인프라액티브,20260701,159,5955
047770,코데즈컴바인,20260701,-1348,-43
083420,그린케미칼,20260701,5063,-7
035080,그래디언트,20260701,834,-387
111710,남화산업,20260701,-8592,1061
039560,다산네트웍스,20260701,-23681,203
336680,탑런토탈솔루션,20260701,-1166,0
141000,비아트론,20260701,-1230,2149
014530,극동유화,20260701,7600,0
289930,웨이비스,20260701,-7746,4047
306620,지아이에스,20260701,15192,8426
073560,우리손에프앤지,20260701,-2240,0
209640,와이제이링크,20260701,111252,48
006620,동구바이오제약,20260701,3272,274
063570,NICE인프라,20260701,29876,519
052260,현대바이오랜드,20260701,2876,675
290720,푸드나무,20260701,-13273,0
299030,하나기술,20260701,162,4285
002390,한독,20260701,1115,-34
267850,아시아나IDT,20260701,3791,0
225530,HC보광산업,20260701,-21573,1438
475580,에이럭스,20260701,-269,6357
187790,나노,20260701,-73083,81879
322510,제이엘케이,20260701,6915,6937
039340,한국경제TV,20260701,5526,-1014
417010,나노팀,20260701,796,3755
131030,옵투스제약,20260701,2021,0
035610,솔본,20260701,4154,0
016740,두올,20260701,19643,-2505
321370,센서뷰,20260701,38143,2726
012800,대창,20260701,-65419,-600
115500,케이씨에스,20260701,2552,1
071280,로체시스템즈,20260701,-16471,11353
417500,제이아이테크,20260701,-16365,1
123690,한국화장품,20260701,5539,5
002450,삼익악기,20260701,-13003,-9203
264900,크라운제과,20260701,6291,10285
002620,제일파마홀딩스,20260701,3680,-1181
125210,아모그린텍,20260701,-32051,7871
333430,일승,20260701,11807,56
010960,삼호개발,20260701,-16153,5732
027970,한국제지,20260701,9496,-1351
013310,아진산업,20260701,5918,625
101170,우림피티에스,20260701,284,2394
021820,세원정공,20260701,3299,-3257
059210,메타바이오메드,20260701,-9254,-9582
021080,에이티넘인베스트,20260701,134471,-32727
056090,시지메드텍,20260701,-257424,18012
205100,엑셈,20260701,7097,12663
053700,삼보모터스,20260701,-13891,22019
235980,메드팩토,20260701,-5765,10945
123040,엠에스오토텍,20260701,-6104,-13983
323990,박셀바이오,20260701,-16201,630
149980,하이로닉,20260701,12778,41
037030,파워넷,20260701,-92966,-9936
228850,레이언스,20260701,-18178,34150
489460,바이오비쥬,20260701,833,2464
465780,마이티 26-09 특수채(AAA)액티브,20260701,0,-1
156100,엘앤케이바이오,20260701,-3012,5244
009580,무림P&P,20260701,5544,-23
248170,샘표식품,20260701,2046,1
309960,LB인베스트먼트,20260701,-16444,0
158430,아톤,20260701,-3178,4396
014790,HL D&I,20260701,6726,-28785
041520,이엘씨,20260701,-1858,-477
205500,넥써쓰,20260701,-16984,1775
119650,KC코트렐,20260701,0,0
474610,RF시스템즈,20260701,-7045,13409
007610,선도전기,20260701,-88255,-5045
246720,아스타,20260701,0,0
007210,벽산,20260701,29480,-455
104460,디와이피엔에프,20260701,5068,-1085
054540,삼영엠텍,20260701,20726,-791
051980,중앙첨단소재,20260701,100655,-33
120240,대정화금,20260701,4003,581
040300,YTN,20260701,1291,0
487580,폴레드,20260701,52478,4197
100700,세운메디칼,20260701,-20823,-81
078935,GS우,20260701,2005,0
023450,동남합성,20260701,-265,772
419050,삼기에너지솔루션즈,20260701,256567,-4960
362320,청담글로벌,20260701,1030,0
066790,씨씨에스,20260701,0,0
052900,KX하이텍,20260701,17838,-96120
198440,강동씨앤엘,20260701,206646,-19317
214680,디알텍,20260701,-57296,0
096250,와이즈넛,20260701,-1091,0
068240,다원시스,20260701,0,0
109610,에스와이,20260701,16115,-873
255440,야스,20260701,-1255,2341
352090,스톰테크,20260701,1446,0
136150,원일티엔아이,20260701,-3339,1486
950250,테라뷰,20260701,36991,-1430
263720,디앤씨미디어,20260701,1366,793
008700,아남전자,20260701,-2827,68929
067830,세이브존I&C,20260701,-13893,-450
182360,큐브엔터,20260701,-1998,-746
337930,젝시믹스,20260701,-22520,30001
059120,아진엑스텍,20260701,-9747,3248
265740,엔에프씨,20260701,-20991,17149
307930,컴퍼니케이,20260701,-9823,0
189330,씨이랩,20260701,-7076,322
002210,동성제약,20260701,0,0
317770,엑스페릭스,20260701,7814,6499
212710,아이에스티이,20260701,22044,37495
475430,키스트론,20260701,95804,-3177
058850,KTcs,20260701,-626,10
049950,미래컴퍼니,20260701,-1935,125
001275,부국증권우,20260701,269,0
036010,아비코전자,20260701,179802,-102384
298540,더네이쳐홀딩스,20260701,4422,5544
047560,이스트소프트,20260701,8527,8162
053260,금강철강,20260701,-19018,0
044990,에이치엔에스하이텍,20260701,965,292
096240,크레버스,20260701,-4390,1395
074430,아미노로직스,20260701,-38464,-7246
040420,정상제이엘에스,20260701,12960,2331
452190,한빛레이저,20260701,-2816,4242
434960,DAISHIN343 K200,20260701,-446,434
042500,링네트,20260701,64500,-160
005860,한일사료,20260701,25855,1
058630,엠게임,20260701,-12231,11034
086710,선진뷰티사이언스,20260701,-699,-3583
396470,워트,20260701,-23582,32
221800,지구홀딩스,20260701,1726,0
065450,빅텍,20260701,27569,5235
008830,대동기어,20260701,8598,3
032560,황금에스티,20260701,4019,715
322180,LS티라유텍,20260701,-29929,1057
226400,오스테오닉,20260701,-13288,806
365330,에스와이스틸텍,20260701,53465,514
093920,서원인텍,20260701,159,31
008260,NI스틸,20260701,18858,6
014440,영보화학,20260701,3381,6
072020,중앙백신,20260701,-1114,1678
217820,원익피앤이,20260701,-17551,8728
100130,동국S&C,20260701,18440,-530
009190,대양금속,20260701,-28226,-24
002700,신일전자,20260701,-53382,20
058860,KTis,20260701,34522,9
002230,피에스텍,20260701,4406,282
066430,아이로보틱스,20260701,-26567,0
357230,에이치피오,20260701,2997,-1171
036580,팜스코,20260701,8742,590
088130,동아엘텍,20260701,-648,-2062
004140,동방,20260701,44229,-32
004100,태양금속,20260701,-9453,7
086960,MDS테크,20260701,-13040,-77
023000,삼원강재,20260701,1094,-6592
054920,한컴위드,20260701,-14684,3
023800,인지컨트롤스,20260701,7,-1760
389030,지니너스,20260701,-16168,4375
001290,상상인증권,20260701,-48678,-34423
032300,한국파마,20260701,-2389,-22
078890,가온그룹,20260701,-27033,0
282720,금양그린파워,20260701,13720,882
023900,풍국주정,20260701,2185,-566
290740,액트로,20260701,-1498,2009
330730,스톤브릿지벤처스,20260701,-8995,3118
006660,삼성공조,20260701,-5937,-32
033290,로젠,20260701,5524,0
040160,누리플렉스,20260701,1031,0
099750,이지케어텍,20260701,-404,2015
396300,세아메카닉스,20260701,20292,382
130580,나이스디앤비,20260701,2914,-310
102370,케이옥션,20260701,-9333,934
004650,창해에탄올,20260701,3958,285
029480,광무,20260701,-103656,-1099
066590,스모트로닉,20260701,-4831,-5534
063170,서울옥션,20260701,-231,-172
092040,아미코젠,20260701,-1251,-19176
250060,모비스,20260701,-6676,1103
172670,에이엘티,20260701,7541,1608
444490,WON 미국S&P500,20260701,0,-104
488720,WON 종합채권(AA-이상)액티브,20260701,0,-11
413630,씨피시스템,20260701,-70351,6556
418470,KT밀리의서재,20260701,3066,1181
036220,오상헬스케어,20260701,88,-85
493330,지에프아이,20260701,-2731,1362
004890,동일산업,20260701,-75,-71
091440,한울소재과학,20260701,4524,-43387
011370,서한,20260701,57411,-974
049180,셀루메드,20260701,0,0
005740,크라운해태홀딩스,20260701,943,-277
047820,초록뱀미디어,20260701,-32,58
192410,오늘이엔엠,20260701,10700,-58
078140,대봉엘에스,20260701,-330,0
183490,엔지켐생명과학,20260701,0,0
002600,조흥,20260701,0,0
412350,레이저쎌,20260701,-20017,11986
085670,뉴프렉스,20260701,794,-10
067290,JW신약,20260701,230370,-1627
139990,아주스틸,20260701,11334,-690
950130,엑세스바이오,20260701,-6885,0
004840,DRB동일,20260701,4546,2548
052420,오성첨단소재,20260701,-2617,0
037760,쎄니트,20260701,-1307,0
038110,에코플라스틱,20260701,50369,0
348350,위드텍,20260701,-1835,1770
030960,양지사,20260701,24020,0
043610,KT지니뮤직,20260701,-3318,0
011700,한신기계,20260701,12456,7
063080,컴투스홀딩스,20260701,975,-11
223250,드림씨아이에스,20260701,-11285,4363
173130,오파스넷,20260701,-9418,0
000850,화천기공,20260701,-4648,172
302550,리메드,20260701,-8501,0
000590,CS홀딩스,20260701,-1,-1
084670,동양고속,20260701,-882,0
013700,까뮤이앤씨,20260701,-233894,10
004590,한국가구,20260701,-2138,-435
026150,특수건설,20260701,-9067,-48
042510,라온시큐어,20260701,-3431,1987
330350,위더스제약,20260701,-2250,-475
009300,삼아제약,20260701,1105,1
175250,아이큐어,20260701,0,0
053580,웹케시,20260701,-3378,3689
215100,로보로보,20260701,-729,8909
007980,TP,20260701,-358,13
019540,일지테크,20260701,3714,28
451220,아이엠티,20260701,-7458,278
412540,제일엠앤에스,20260701,0,0
017370,우신시스템,20260701,9826,2
234030,싸이닉솔루션,20260701,-10704,-340
069730,DSR제강,20260701,8154,3
003580,HLB글로벌,20260701,-5256,2234
307870,비투엔,20260701,169282,0
000440,중앙에너비스,20260701,3141,0
019680,대교,20260701,3723,-17888
382840,원준,20260701,-4449,-207
163560,동일고무벨트,20260701,704,3
001470,삼부토건,20260701,0,0
475230,엔알비,20260701,4279,-7121
303810,동국생명과학,20260701,8715,0
456070,이엔셀,20260701,-3149,378
054670,대한뉴팜,20260701,707,1
065510,휴비츠,20260701,2745,17821
107600,새빗켐,20260701,177,1063
109070,주성코퍼레이션,20260701,101357,-315
024880,케이피에프,20260701,1717,2244
320000,한울반도체,20260701,12511,-1094
101330,모베이스,20260701,-7769,0
115440,우리넷,20260701,9996,397
458030,WON 국공채머니마켓액티브,20260701,0,-6
491700,HK 200,20260701,77,-101
381620,제닉스로보틱스,20260701,-13243,-30
052860,아이앤씨,20260701,-5795,8
179900,유티아이,20260701,-53302,5779
067370,선바이오,20260701,-1629,419
017650,대림제지,20260701,384,63
054040,한국컴퓨터,20260701,-3483,0
024830,세원물산,20260701,-90,-21
396270,넥스트칩,20260701,-33105,5833
360070,탑머티리얼,20260701,-4099,2395
451250,삐아,20260701,-16712,1814
013870,지엠비코리아,20260701,613,875
363280,티와이홀딩스,20260701,5103,0
019550,SBI인베스트먼트,20260701,-39532,13432
263800,데이타솔루션,20260701,-5536,40
067570,엔브이에이치코리아,20260701,15458,-3204
054620,APS,20260701,-5942,-3640
006840,AK홀딩스,20260701,-210,1340
331740,아우토크립트,20260701,51,-8912
007590,동방아그로,20260701,79,1131
009180,한솔로지스틱스,20260701,26838,7
129920,대성하이텍,20260701,2957,3446
111380,동인기연,20260701,-514,-76
002200,한국수출포장,20260701,-1247,2255
004440,삼일씨엔에스,20260701,-27910,2
131370,알서포트,20260701,13020,3515
357580,아모센스,20260701,-74321,17924
012700,리드코프,20260701,7812,-1948
234300,에스트래픽,20260701,-4326,0
238090,앤디포스,20260701,37280,3848
067000,조이시티,20260701,-49259,4587
083790,CG인바이츠,20260701,25975,-16
046940,우원개발,20260701,-4191,-4842
214260,라파스,20260701,-4058,306
228340,동양파일,20260701,4638,103740
014160,대영포장,20260701,137866,-76860
036640,HRS,20260701,7761,5760
094860,네오리진,20260701,32923,-574
900260,로스웰,20260701,133339,0
265560,영화테크,20260701,-5210,-89
053280,예스24,20260701,13498,4
061040,알에프텍,20260701,6333,-497
170030,현대공업,20260701,-3500,1742
006090,사조오양,20260701,1550,69
048530,인트론바이오,20260701,-9491,1067
063160,종근당바이오,20260701,231,-13
066700,테라젠이텍스,20260701,4792,9068
208140,정다운,20260701,6645,3922
251120,바이오에프디엔씨,20260701,-2411,316
060590,씨티씨바이오,20260701,8099,6427
017480,삼현철강,20260701,-328,-280
011320,유니크,20260701,-3450,-5795
044340,위닉스,20260701,-1373,-57
040910,아이씨디,20260701,-9902,0
171120,라이온켐텍,20260701,80833,-8612
001020,페이퍼코리아,20260701,-5457,457
079650,서산,20260701,116267,-7044
000230,일동홀딩스,20260701,-4298,-20
045970,코아시아,20260701,-55075,0
067170,오텍,20260701,-66007,-368
347890,엠엑스온,20260701,6480,3009
020710,시공테크,20260701,16316,-4627
323350,다원넥스뷰,20260701,255,4369
005750,대림바스,20260701,12753,-2469
162300,신스틸,20260701,17552,0
338100,NH프라임리츠,20260701,3974,384
124560,태웅로직스,20260701,13092,0
011150,CJ씨푸드,20260701,6804,110
440910,WON 미국우주항공방산,20260701,-9,6198
382480,지아이텍,20260701,-11241,4723
110790,크리스에프앤씨,20260701,-699,1
155660,DSR,20260701,19423,-6677
058400,KNN,20260701,0,7717
096775,SK이노베이션우,20260701,-327,0
208370,셀바스헬스케어,20260701,-5629,4518
234920,자이글,20260701,0,0
004720,팜젠사이언스,20260701,-6878,-34
228670,레이,20260701,-1120,2775
033130,디지틀조선,20260701,2513,-113
007110,일신석재,20260701,148827,-18361
203400,에이비온,20260701,-213226,4576
088390,이녹스,20260701,-2800,0
122350,삼기,20260701,11152,0
002720,국제약품,20260701,-572,5
090470,제이스로보틱스,20260701,-2367,3017
389140,포바이포,20260701,4946,2874
217330,싸이토젠,20260701,-6154,12590
000105,유한양행우,20260701,-668,-1
217190,제너셈,20260701,12462,-32
417970,모델솔루션,20260701,1091,-29
443670,에스피소프트,20260701,24120,11
142280,녹십자엠에스,20260701,4507,-62
058730,다스코,20260701,20113,-1735
290660,다이나믹솔루션,20260701,-32059,12810
388870,파로스아이바이오,20260701,-4909,8168
332370,아이디피,20260701,-983,2354
126880,제이엔케이글로벌,20260701,25839,-45
041930,SY동아,20260701,-103,2
000180,성창기업지주,20260701,4007,71
288180,케이피항공산업,20260701,6201,-2
061250,화일약품,20260701,11951,0
105740,디케이락,20260701,-7202,0
348150,고바이오랩,20260701,1906,-521
039010,현대에이치티,20260701,-5265,0
413390,엠오티,20260701,-107,810
073640,테라사이언스,20260701,0,0
478560,블랙야크아이앤씨,20260701,690,4162
128660,피제이메탈,20260701,3689,-2175
066310,큐에스아이,20260701,13520,2723
062970,한국첨단소재,20260701,27618,0
095720,웅진씽크빅,20260701,-118,-5588
196490,디에이테크놀로지,20260701,0,0
053350,이니텍,20260701,8597,0
032850,비트컴퓨터,20260701,-2316,2948
261780,아리바이오랩,20260701,15482,553
417790,트루엔,20260701,4978,1857
100220,비상교육,20260701,8801,-154
032540,TJ미디어,20260701,-117,-16
024740,한일단조,20260701,17661,0
041460,한국전자인증,20260701,12243,28466
041910,폴라리스AI파마,20260701,1776,0
080010,이상네트웍스,20260701,1740,0
373200,엑스플러스,20260701,73528,-629
010040,한국내화,20260701,-27789,6395
014970,삼륭물산,20260701,1538,0
294630,서남,20260701,1316,1246
001560,제일연마,20260701,166,508
048430,유라테크,20260701,-6898,0
443250,레뷰코퍼레이션,20260701,2383,1975
009770,삼정펄프,20260701,-58,118
464490,쿼드메디슨,20260701,725,-904
007680,대원,20260701,668,-2639
091120,이엠텍,20260701,-12478,53
153710,옵티팜,20260701,333,-54
084730,팅크웨어,20260701,-1784,0
070300,엑스큐어,20260701,-86557,64783
046210,HLB파나진,20260701,-26148,0
347000,센코,20260701,40145,0
059270,해성에어로보틱스,20260701,15004,123
131400,이브이첨단소재,20260701,3067,-1291
043650,국순당,20260701,-42608,-5714
432470,케이엔에스,20260701,998,1535
081150,티플랙스,20260701,-21932,0
201490,미투온,20260701,-19866,-1862
006140,피제이전자,20260701,3486,4100
277880,티에스아이,20260701,4622,0
002795,아모레퍼시픽홀딩스우,20260701,2145,1
072130,유엔젤,20260701,13093,1
457370,한켐,20260701,-830,-1323
060570,드림어스컴퍼니,20260701,-6794,11387
109860,동일금속,20260701,8,-199
241690,유니테크노,20260701,-9249,2571
016090,대현,20260701,6861,-2914
002800,신신제약,20260701,3159,0
120115,코오롱인더우,20260701,515,-4173
424960,스마트레이더시스템,20260701,91,-30
377480,마음AI,20260701,1799,245
006890,태경케미컬,20260701,3711,-136
039980,폴라리스AI,20260701,-2390,0
018500,동원금속,20260701,145,141
038460,바이오스마트,20260701,-43225,0
137080,나래나노텍,20260701,6749,0
011230,삼화전자,20260701,-131771,-1193
123420,위메이드플레이,20260701,299,411
036000,예림당,20260701,-55205,68
079810,APS이노베이션,20260701,-16706,43
045660,에이텍,20260701,-877,25
010240,흥국,20260701,17040,-10801
005870,휴니드,20260701,-6144,4
055490,테이팩스,20260701,-1557,-51
085310,엔케이,20260701,1719,1
003925,남양유업우,20260701,-208,300
079980,휴비스,20260701,14007,-3421
222110,팬젠,20260701,-711,0
094850,참좋은여행,20260701,-14472,0
453860,에이에스텍,20260701,-2945,1143
043710,코스리거글로벌,20260701,-31,0
033560,블루콤,20260701,20579,10283
068290,삼성출판사,20260701,5363,4
204840,지엘팜텍,20260701,175,238
187420,HLB제넥스,20260701,-8909,16198
408470,한패스,20260701,5117,-13756
347860,알체라,20260701,31165,-145
016250,SGC E&C,20260701,1866,-574
036630,세종텔레콤,20260701,-705,-1
411080,샌즈랩,20260701,436,0
012790,신일제약,20260701,2409,-1941
253840,수젠텍,20260701,-5306,0
038680,에스넷,20260701,-6822,0
100590,머큐리,20260701,17367,52
001840,이화공영,20260701,0,0
302430,이노메트리,20260701,-4640,1744
031820,아이티센씨티에스,20260701,-679,-204
216050,인크로스,20260701,3228,-1875
439580,블루엠텍,20260701,-12707,-9
294090,이오플로우,20260701,0,0
010660,화천기계,20260701,34116,-1420
060310,3S,20260701,-5818,155
014470,부방,20260701,973,-175
072950,빛샘전자,20260701,11757,7271
460940,피앤에스로보틱스,20260701,-4655,0
140070,서플러스글로벌,20260701,-17,7811
039020,이건홀딩스,20260701,4188,-2635
089850,유비벨록스,20260701,-706,0
071090,하이스틸,20260701,15154,-1213
004780,대륙제관,20260701,6556,10652
096350,대창솔루션,20260701,3396,6416
396690,미래에셋글로벌리츠,20260701,14262,-4396
082210,옵트론텍,20260701,-26580,0
370090,퓨런티어,20260701,1219,0
286750,나노실리칸첨단소재,20260701,-18466,-52
010280,아이티센엔텍,20260701,-16490,4600
003780,진양산업,20260701,4092,4
101140,인바이오젠,20260701,1363,0
117670,알파칩스,20260701,-2916,1182
076610,해성옵틱스,20260701,10225,-36
005670,푸드웰,20260701,56689,-8205
039420,케이엘넷,20260701,1355,138
049550,잉크테크,20260701,4388,0
168330,내츄럴엔도텍,20260701,-516,13620
111110,호전실업,20260701,-413,-45
036090,위지트,20260701,67782,712
448710,코츠테크놀로지,20260701,-7788,7616
476040,오가노이드사이언스,20260701,515,0
214270,FSN,20260701,47013,0
000220,유유제약,20260701,8138,5
048910,대원미디어,20260701,-8659,-163
463020,뉴엔AI,20260701,-3270,1253
001210,금호전기,20260701,-130120,8
185490,아이진,20260701,5366,6312
088910,동우팜투테이블,20260701,27227,10828
014910,성문전자,20260701,-44474,6
273640,와이엠텍,20260701,-6993,1945
082850,우리바이오,20260701,-12976,485
129260,인터지스,20260701,-230,12
333620,엔시스,20260701,-1403,1951
007820,엠엑스로보틱스,20260701,-13704,0
036670,삼양케이씨아이,20260701,964,0
009200,무림페이퍼,20260701,8943,12
004770,써니전자,20260701,71246,9
007460,에이프로젠,20260701,28859,-12
225190,LK삼양,20260701,-29355,0
049480,오픈베이스,20260701,-11994,0
137950,제이씨케미칼,20260701,-4260,-67
024900,디와이덕양,20260701,-5982,92
246960,SCL사이언스,20260701,127,-283
039610,화성밸브,20260701,2943,-60
205470,휴마시스,20260701,6378,2
442260,마이티 다이나믹퀀트액티브,20260701,0,68
007280,한국특강,20260701,-210,539
446840,지슨,20260701,0,0
008370,원풍,20260701,12615,41
104620,노랑풍선,20260701,782,-58
099520,DGI,20260701,0,0
215360,우리산업,20260701,-1662,0
140950,파워 코스피100,20260701,-200,-1637
175140,휴먼테크놀로지,20260701,-5098,79
042110,에스씨디,20260701,-7869,0
459100,위츠,20260701,7268,44
311690,CJ 바이오사이언스,20260701,-225,-45
950200,소마젠,20260701,-33945,0
089230,THE E&M,20260701,5260,-2310
010470,오리콤,20260701,1606,917
003310,대주산업,20260701,44387,0
010770,평화홀딩스,20260701,2142,-408
025550,한국선재,20260701,12176,105
003010,혜인,20260701,-28572,-2639
318160,셀바이오휴먼텍,20260701,3436,11658
040610,SG&G,20260701,4827,477
263690,디알젬,20260701,5867,-3270
004450,삼화왕관,20260701,-172,254
191420,테고사이언스,20260701,1014,938
053620,태양,20260701,-1785,0
251630,브이원텍,20260701,-5936,4387
136410,아셈스,20260701,3150,1954
299170,더블유에스아이,20260701,32818,331
075180,새론오토모티브,20260701,348,152
378850,화승알앤에이,20260701,-226,-7005
007815,코리아써우,20260701,-1458,0
092440,기신정기,20260701,6696,-8103
045340,토탈소프트,20260701,-5465,-1534
155650,와이엠씨,20260701,21835,-1272
179530,애드바이오텍,20260701,10068,-1871
001550,조비,20260701,4394,-401
054300,팬스타엔터프라이즈,20260701,10988,5800
340930,성원에너텍,20260701,0,0
053050,지에스이,20260701,31904,-10698
027050,코리아나,20260701,1049,-146
003475,유안타증권우,20260701,-1657,-1652
039240,경남스틸,20260701,18687,-95
006880,신송홀딩스,20260701,-2617,3671
303360,프로티아,20260701,2382,-51
317830,에스피시스템스,20260701,14273,1911
101670,하이드로리튬,20260701,90509,0
067920,이글루,20260701,2542,-3505
033310,엠투엔,20260701,12751,14943
463480,모티브링크,20260701,-263,0
263600,덕우전자,20260701,-13184,0
007370,진양제약,20260701,-481,0
217480,에스디생명공학,20260701,0,0
053160,프리엠스,20260701,-2871,1011
002760,보락,20260701,44782,-6983
000725,현대건설우,20260701,341,3
037440,희림,20260701,-67751,-705
033320,제이씨현시스템,20260701,2617,3390
002630,오리엔트바이오,20260701,32824,-199
291650,압타머사이언스,20260701,-53113,0
100030,인지소프트,20260701,1234,0
024910,경창산업,20260701,-133830,-12018
036120,서울평가정보,20260701,987,-2980
003465,유화증권우,20260701,0,0
064240,홈캐스트,20260701,-1244,6425
050960,수산아이앤티,20260701,2750,1197
097800,윈팩,20260701,-13470,0
060560,HC홈센타,20260701,-27604,-396
123010,알엔티엑스,20260701,51600,0
012690,모나리자,20260701,-6314,-893
081180,쎄크,20260701,6067,-9640
145170,노브랜드,20260701,-1186,0
099220,SDN,20260701,285336,0
384470,코어라인소프트,20260701,-7216,0
071670,에이테크솔루션,20260701,44,434
092300,현우산업,20260701,-17041,6689
064800,포니링크,20260701,-20019,39
104540,코렌텍,20260701,8309,-10846
033340,좋은사람들,20260701,209858,-331
214330,금호에이치티,20260701,0,0
004540,깨끗한나라,20260701,4171,-33
038010,제일테크노스,20260701,-4343,1715
005305,롯데칠성우,20260701,421,183
002410,범양건영,20260701,0,0
452400,이닉스,20260701,-353,-51
347740,피엔케이피부임상연구센타,20260701,1409,5439
004830,덕성,20260701,-1630,4
270520,앱튼,20260701,-25324,0
065530,와이어블,20260701,-8571,-1221
037950,엘컴텍,20260701,-14423,0
027830,대성창투,20260701,-13391,0
317850,대모,20260701,-9046,-5209
260930,씨티케이,20260701,6360,-330
054930,유신,20260701,1577,-1272
192250,케이사인,20260701,-2736,1253
004060,SG세계물산,20260701,18720,-16260
163280,에어레인,20260701,644,144
033230,인성정보,20260701,8132,0
025530,SJM홀딩스,20260701,2432,-162
095270,웨이브일렉트로,20260701,-21581,2980
042940,상지건설,20260701,-24079,3035
331380,포커스에이아이,20260701,4428,-1018
026940,부국철강,20260701,-301842,-72
063440,SM Life Design,20260701,-14031,-177
056360,코위버,20260701,6860,1194
134580,탑코미디어,20260701,2913,0
006980,우성,20260701,1232,-1381
057540,옴니시스템,20260701,-35719,4056
278650,HLB바이오스텝,20260701,-13060,0
096610,알에프세미,20260701,0,0
123700,SJM,20260701,7770,-49
435570,에르코스,20260701,-729,1334
019990,에너토크,20260701,4715,-1
001620,케이비아이동국실업,20260701,5038,-3497
391710,코닉오토메이션,20260701,-1686,37
020760,일진디스플,20260701,0,0
000890,보해양조,20260701,-61492,-29288
053450,세코닉스,20260701,28025,55
048770,TPC로보틱스,20260701,-22856,-24094
241790,티이엠씨씨엔에스,20260701,10800,-133
471820,셀로맥스사이언스,20260701,2946,2005
321260,프로이천,20260701,19331,4421
001465,BYC우,20260701,34,0
053270,구영테크,20260701,-5789,8161
393970,대진첨단소재,20260701,0,0
461030,아이엠비디엑스,20260701,-6145,55
052790,액토즈소프트,20260701,-36319,-1
294140,레몬,20260701,-1408,0
170790,파이오링크,20260701,5690,-91
256630,포인트엔지니어링,20260701,1800,2057
314140,알피바이오,20260701,-809,0
023810,인팩,20260701,-1733,681
122310,제노레이,20260701,-268,0
021050,서원,20260701,82926,-542
015710,코콤,20260701,-6833,0
004920,씨아이테크,20260701,-7909,145
262260,에이프로,20260701,-1385,267
033540,파라텍,20260701,-5072,0
053980,오상자이엘,20260701,-1072,0
084650,랩지노믹스,20260701,88220,7146
472840,IBK 200,20260701,5,-48
011000,진원생명과학,20260701,0,0
442090,에셋플러스 코리아대장장이액티브,20260701,296,-213
014950,삼익제약,20260701,-20693,1488
317690,퀀타매트릭스,20260701,-910,0
109080,옵티시스,20260701,2366,1002
420570,제이투케이바이오,20260701,13713,4286
000950,전방,20260701,-1741,-8
065130,탑엔지니어링,20260701,1213,-313
372910,한컴라이프케어,20260701,-11773,-115
082660,코스나인,20260701,0,0
352910,오비고,20260701,-2759,437
088280,쏘닉스,20260701,-4590,633
023350,한국종합기술,20260701,-2129,4
011390,부산산업,20260701,452,-3
418250,시큐레터,20260701,0,0
357250,미래에셋맵스리츠,20260701,4822,1616
199550,레이저옵텍,20260701,-4720,2633
479960,위너스일렉,20260701,-2150,0
198080,캐프,20260701,-15080,17445
051390,YW,20260701,-105,4134
009835,한화솔루션우,20260701,-2248,0
006125,SK디스커버리우,20260701,887,0
452200,민테크,20260701,-22267,18
376290,씨유테크,20260701,-585,3132
072990,에이치시티,20260701,-5435,0
066670,디티씨,20260701,1787,0
178780,일월지엠엘,20260701,109,3295
238120,얼라인드,20260701,-1678,0
023440,제이스코홀딩스,20260701,0,0
407830,에셋플러스 글로벌플랫폼액티브,20260701,0,261
041650,상신브레이크,20260701,6230,-10750
440290,HB인베스트먼트,20260701,-9000,2681
090080,평화산업,20260701,-5323,16
004910,조광페인트,20260701,5771,-4384
950220,네오이뮨텍,20260701,6021,0
189980,흥국에프엔비,20260701,-3144,-182
094940,푸른로보틱스,20260701,-31909,1483
099410,동방선기,20260701,27576,-9911
069460,대호에이엘,20260701,0,0
052460,아이크래프트,20260701,-23959,2591
317530,에피소드컴퍼니,20260701,5431,0
480370,씨케이솔루션,20260701,-12067,-608
419080,엔젯,20260701,-3446,752
189690,포시에스,20260701,3238,4846
222420,쎄노텍,20260701,-13953,1908
460870,에스엠씨지,20260701,-12424,0
006490,프리티,20260701,0,0
315640,딥노이드,20260701,4501,0
217500,러셀,20260701,-9813,5529
072470,우리산업홀딩스,20260701,-6835,-12315
073110,엘엠에스,20260701,-488,1578
089790,제이티,20260701,-11433,-2227
092780,DYP,20260701,17,917
276730,한울앤제주,20260701,2083,-9
009320,아진전자부품,20260701,32995,534
008420,문배철강,20260701,15639,-10462
460470,아이빔테크놀로지,20260701,-13147,0
005030,부산주공,20260701,0,0
094970,제이엠티,20260701,475,-9833
143540,영우디에스피,20260701,-47017,-17904
052220,iMBC,20260701,-2114,0
104040,디에스엠,20260701,4993,4880
074610,이엔플러스,20260701,0,0
007530,와이엠,20260701,-1568,1929
003080,SB성보,20260701,6639,975
002920,유성기업,20260701,1566,-1993
382150,온코크로스,20260701,-189,0
147760,피엠티,20260701,-46280,71027
068330,일신바이오,20260701,3344,-18217
263700,케어랩스,20260701,-2606,3
373160,데이원컴퍼니,20260701,-2927,6736
014190,원익큐브,20260701,6301,-2334
288330,파라택시스코리아,20260701,0,0
196450,코아시아씨엠,20260701,-43202,-162
056700,신화인터텍,20260701,-1938,0
037330,인지디스플레,20260701,-30595,0
159580,제로투세븐,20260701,-4606,0
012280,영화금속,20260701,1208,51455
207760,미스터블루,20260701,-1793,2
413640,비아이매트릭스,20260701,4012,1278
066130,하츠,20260701,-923,-2526
177900,쓰리에이로직스,20260701,1529,0
190650,코리아에셋투자증권,20260701,4273,0
006370,대구백화점,20260701,6010,4
000910,유니온,20260701,5956,5
002140,고려산업,20260701,9394,-18
002290,삼일기업공사,20260701,3165,0
002880,디와이에이,20260701,131094,47235
017180,명문제약,20260701,12632,-888
196300,HLB펩,20260701,-717,0
270870,뉴트리,20260701,-993,11327
049080,기가레인,20260701,-27989,25501
215380,우정바이오,20260701,-5673,0
104200,NHN벅스,20260701,-5456,0
273060,와이즈버즈,20260701,-716,-61158
206400,베노티앤알,20260701,-3465,-210
011420,갤럭시아에스엠,20260701,18849,6
047400,유니온머티리얼,20260701,-17442,-168
043340,에쎈테크,20260701,2008,249
263020,디케이앤디,20260701,17654,-6778
900250,크리스탈신소재,20260701,31322,0
360350,코셈,20260701,-3033,-28
060850,영림원소프트랩,20260701,2668,1442
299660,셀리드,20260701,358208,0
037230,한국팩키지,20260701,-2369,955
450330,하스,20260701,-3242,0
261200,덴티스,20260701,-1890,0
277070,린드먼아시아,20260701,-481,0
025880,케이씨피드,20260701,14175,-19954
066900,디에이피,20260701,3133,0
290670,대보마그네틱,20260701,-6099,-63
129890,앱코,20260701,88719,126
466410,사이냅소프트,20260701,278,893
140520,대창스틸,20260701,1867,6491
261520,이지스,20260701,1701,46
189860,서전기전,20260701,-14963,0
219420,링크제니시스,20260701,-2172,-4436
038070,서린바이오,20260701,-238,0
258610,케일럼,20260701,11915,134
065440,이루온,20260701,33648,4176
305090,마이크로디지탈,20260701,5037,-115
019490,엑시큐어하이트론,20260701,0,0
100660,서암기계공업,20260701,11955,0
227950,엔투텍,20260701,3551,0
224110,에이텍모빌리티,20260701,545,7106
481850,신한글로벌액티브리츠,20260701,9501,-4902
424980,마이크로투나노,20260701,-515,0
307280,원바이오젠,20260701,-1030,-4433
340360,다보링크,20260701,-5158,0
033170,시그네틱스,20260701,118787,0
237820,플레이디,20260701,-754,0
024950,삼천리자전거,20260701,-3373,-62
017040,광명전기,20260701,0,0
127710,아시아경제,20260701,1117,-15
153460,네이블,20260701,-227,-407
171010,램테크놀러지,20260701,-7506,2536
050860,아세아텍,20260701,4190,0
049830,승일,20260701,-98,0
369370,블리츠웨이엔터테인먼트,20260701,-1452,0
229000,젠큐릭스,20260701,-3954,0
123570,이엠넷,20260701,-385,2362
221980,케이디켐,20260701,78,0
064090,인크레더블버즈,20260701,0,0
084870,TBH글로벌,20260701,476,5
023960,에쓰씨엔지니어링,20260701,8833,-1
219550,디와이디,20260701,305,133
090410,덕신이피씨,20260701,-286063,-12657
065500,오리엔트정공,20260701,-4295,167
122690,서진오토모티브,20260701,15461,-17
226330,신테카바이오,20260701,10198,-139
239890,피엔에이치테크,20260701,-6551,0
263920,휴엠앤씨,20260701,-4129,10000
097870,효성오앤비,20260701,1548,0
050120,ES큐브,20260701,-461,0
044960,이글벳,20260701,4121,-7321
133820,화인베스틸,20260701,1810,198
134790,시디즈,20260701,-437,0
297570,아틀라스링크,20260701,-10261,-76
127980,화인써키트,20260701,545,0
051490,나라엠앤디,20260701,250,0
008870,금비,20260701,-103,91
006920,모헨즈,20260701,5075,-1295
299900,위지윅스튜디오,20260701,69135,-15939
355690,에이텀,20260701,-5594,0
290120,DH오토리드,20260701,479,0
203450,유니온바이오메트릭스,20260701,-3059,900
032960,동일기연,20260701,0,0
419120,산돌,20260701,10056,0
086060,진바이오텍,20260701,-1002,0
263810,상신전자,20260701,5223,-2257
026910,광진실업,20260701,-25579,0
246690,TS인베스트먼트,20260701,-123606,1016
263770,유에스티,20260701,-2327,0
250000,보라티알,20260701,626,1
260660,알리코제약,20260701,-9646,0
321820,아티스트컴퍼니,20260701,8870,0
376930,노을,20260701,26862,-275
361570,알비더블유,20260701,1089,2745
019770,서연탑메탈,20260701,1852,-5851
256150,한독크린텍,20260701,1169,-70
038060,루멘스,20260701,30287,0
044480,빌리언스,20260701,-31594,181
114450,그린생명과학,20260701,-9071,-7844
014570,고려제약,20260701,1216,2516
234100,폴라리스세원,20260701,-13344,0
408900,스튜디오미르,20260701,18613,-157
007120,미래아이앤지,20260701,-4272,21357
011300,우성머티리얼스,20260701,4223,0
221840,하이즈항공,20260701,-779,0
458350,에스팀,20260701,4494,2841
145270,케이탑리츠,20260701,1465,-6900
150900,파수AI,20260701,3048,10000
081580,성우전자,20260701,-4149,-7160
105760,포스뱅크,20260701,5540,-4365
009140,경인전자,20260701,-364,-30
004410,서울식품,20260701,59455,-3239
204020,그리티,20260701,3766,0
000215,DL우,20260701,2702,29
045060,오공,20260701,-91,-1781
317870,엔바이오니아,20260701,3412,-5
218150,미래생명자원,20260701,2350,0
016600,큐캐피탈,20260701,17448,-1929
465480,인스피언,20260701,-5040,0
284620,카이노스메드,20260701,0,0
049800,우진플라임,20260701,8732,290
043910,자연과환경,20260701,13874,0
024120,KB오토시스,20260701,1794,7
186230,그린플러스,20260701,-4951,8473
083550,케이엠,20260701,-337,0
051630,진양화학,20260701,8145,-291
393210,토마토시스템,20260701,-3157,0
432430,와이랩,20260701,-15704,0
068940,셀피글로벌,20260701,0,0
348080,큐라티스,20260701,0,0
020180,대신정보통신,20260701,4151,63000
288620,에스프리즘,20260701,-1675,-11
128540,에코캡,20260701,2931,-15295
093240,형지엘리트,20260701,149441,-369
263050,유틸렉스,20260701,0,0
057030,YBM넷,20260701,854,0
426150,WON 대한민국국고채액티브,20260701,-246,205
089140,넥스턴앤롤코리아,20260701,30706,12609
148930,에이치와이티씨,20260701,-5104,49467
086040,바이오톡스텍,20260701,-582,192
071850,캐스텍코리아,20260701,70,0
446070,유니드비티플러스,20260701,3500,20022
052600,한네트,20260701,10877,-2912
288980,모아데이타,20260701,-14110,-233
064520,테크엘,20260701,-6381,128
049470,비트플래닛,20260701,4746,-143
220180,핸디소프트,20260701,-345,0
352700,씨앤투스,20260701,5787,-945
064480,브리지텍,20260701,2039,-168
101240,씨큐브,20260701,3498,0
004365,세방우,20260701,-682,-514
006570,대림통상,20260701,-680,-2403
103840,우양,20260701,-9828,-111
290090,트윔,20260701,309,58
475460,미트박스,20260701,-2560,0
452160,제이엔비,20260701,7444,0
046310,백금T&A,20260701,-3721,-3373
013000,세우글로벌,20260701,17168,-16233
364950,에이아이코리아,20260701,8266,-34
464280,티디에스팜,20260701,-2317,-3076
006345,대원전선우,20260701,71022,15256
021650,한국큐빅,20260701,441,0
215790,이노인스트루먼트,20260701,187668,0
271830,팸텍,20260701,31071,3339
023150,MH에탄올,20260701,2239,230
184230,SGA솔루션즈,20260701,-2870,0
079000,와토스코리아,20260701,4273,6363
069410,엔텔스,20260701,-1968,59
000760,이화산업,20260701,-426,-9
002870,신풍,20260701,-216693,-93
027740,마니커,20260701,-41185,-2759
192720,파워 고배당저변동성,20260701,-74,171
351330,이삭엔지니어링,20260701,274,0
133750,메가엠디,20260701,-772,-92
311390,네오크레마,20260701,-662,0
089150,케이씨티,20260701,-3837,0
160550,NEW,20260701,25032,180
173940,에프엔씨엔터,20260701,-2283,-5590
066360,체리부로,20260701,5823,289
068050,팬엔터테인먼트,20260701,-5639,5704
105550,엣지파운드리,20260701,-5696,0
200780,비씨월드제약,20260701,-835,891
335810,프리시젼바이오,20260701,-8224,0
318410,비비씨,20260701,-346,734
046390,삼화네트웍스,20260701,10423,27504
059100,아이컴포넌트,20260701,1637,-4908
035460,기산텔레콤,20260701,44199,-6996
148250,알엔투테크놀로지,20260701,19234,0
452300,캡스톤파트너스,20260701,-24259,0
444530,심플랫폼,20260701,-2034,0
340810,시선AI,20260701,-3078,-776
011330,유니켐,20260701,-49634,4089
039290,인포뱅크,20260701,-5353,9777
215090,솔디펜스,20260701,-4937,-52
080520,오디텍,20260701,22,67
106240,파인테크닉스,20260701,-23436,-132
005820,원림,20260701,-1271,-17
009460,한창제지,20260701,9721,-1930
087600,픽셀플러스,20260701,944,-205
025440,DH오토웨어,20260701,0,0
143210,핸즈코퍼레이션,20260701,0,0
017000,신원종합개발,20260701,-33119,-7896
057680,티사이언티픽,20260701,1330,0
208860,다산디엠씨,20260701,420,121
417860,오브젠,20260701,2527,-28
075130,플랜티넷,20260701,8691,82
332290,누보,20260701,74210,-251
002690,동일제강,20260701,28904,15662
072770,멤레이비티,20260701,-5041,-76
010400,우진아이엔에스,20260701,1679,507
075970,동국알앤에스,20260701,1992,0
257370,피엔티엠에스,20260701,-2573,83
476080,M83,20260701,4633,0
434480,모니터랩,20260701,-2048,0
114630,폴라리스우노,20260701,1916,2221
258830,세종메디칼,20260701,0,0
008250,이건산업,20260701,-8761,3
123750,알톤,20260701,-30752,-346
095910,에스에너지,20260701,-166734,6228
025750,한솔홈데코,20260701,9869,-113
002420,세기상사,20260701,282,-691
262840,아이퀘스트,20260701,-4519,0
159910,에코글로우,20260701,-2947,67
033830,티비씨,20260701,0,0
026040,제이에스티나,20260701,-6712,80
036420,콘텐트리중앙,20260701,289,-3
119500,포메탈,20260701,5670,-15120
277410,인산가,20260701,0,0
351320,넥사다이내믹스,20260701,-10093,0
090370,메타랩스,20260701,8012,-6357
289220,자이언트스텝,20260701,3255,0
489290,WON 미국빌리어네어,20260701,0,-19
010640,진양폴리,20260701,10419,3
022220,티케이지애강,20260701,222,-4426
407400,꿈비,20260701,-25813,0
088340,유라클,20260701,825,0
246250,에스엘에스바이오,20260701,0,0
065950,웰크론,20260701,-4711,0
001070,대한방직,20260701,-219,624
012620,원일특강,20260701,240,-2
007720,소노스퀘어,20260701,0,0
198940,한주라이트메탈,20260701,-19212,-116
003060,에이프로젠바이오로직스,20260701,15611,865
187270,신화콘텍,20260701,-520,0
058110,멕아이씨에스,20260701,10023,-10208
206560,덱스터,20260701,2987,-596
088790,진도,20260701,-78,2
003535,한화투자증권우,20260701,1951,-35
001380,SG글로벌,20260701,19973,-31255
199480,뱅크웨어글로벌,20260701,5875,0
038950,파인디지털,20260701,-922,-223
363250,진시스템,20260701,-1198,-1
035200,프럼파스트,20260701,-2545,20000
365590,하이딥,20260701,9801,3202
459550,알트,20260701,-13796,4472
118000,메타케어,20260701,-340,-1492
159800,마이티 코스피100,20260701,-72,130
462980,아이지넷,20260701,37631,0
096630,에스코넥,20260701,9459,-1656
021880,메이슨캐피탈,20260701,0,0
308170,씨티알모빌리티,20260701,-6274,5058
003680,한성기업,20260701,46,1
031510,오스템,20260701,-16135,28958
239610,에이치엘사이언스,20260701,1,0
187220,디티앤씨,20260701,-2063,1200
232830,아이티센피엔에스,20260701,-2928,-101
097780,에코볼트,20260701,-727,0
024070,WISCOM,20260701,12623,6
475660,에스켐,20260701,-4725,0
388610,지에프씨생명과학,20260701,5831,-20
109820,진매트릭스,20260701,-7863,0
019570,플루토스,20260701,0,0
009810,플레이그램,20260701,378,-1261
013720,청보,20260701,-3239,211
043220,티에스넥스젠,20260701,0,0
336060,웨이버스,20260701,-784,10695
131090,시큐브,20260701,533,614
005320,온타이드,20260701,-17731,-3203
004870,티웨이홀딩스,20260701,316400,3
197140,디지캡,20260701,8412,14900
177830,파버나인,20260701,60,0
219750,한국비티비,20260701,-2857,0
054780,키이스트,20260701,-6320,-1
032790,엠젠솔루션,20260701,11918,-823
031310,아이즈비전,20260701,-65637,0
224060,더코디,20260701,874,40
014990,인디에프,20260701,-3218,-44
056730,CNT85,20260701,-603,0
462310,뉴키즈온,20260701,-1044,-1011
900070,글로벌에스엠,20260701,2394,-1586
238490,힘스,20260701,-2896,0
060540,에스에이티,20260701,-7502,0
355390,크라우드웍스,20260701,-2740,0
038620,위즈코프,20260701,9919,-22429
457600,벡트,20260701,-754,0
169330,엠브레인,20260701,-556,126
013810,스페코,20260701,1659,117
027040,서울전자통신,20260701,-2721,0
318010,팜스빌,20260701,-2300,59
130500,GH신소재,20260701,2334,0
318000,KBG,20260701,719,0
002820,SUN&L,20260701,-595,996
188260,세니젠,20260701,354,0
045300,성우테크론,20260701,6560,0
290560,파라택시스이더리움,20260701,3756,2079
356890,싸이버원,20260701,3428,549
267790,배럴,20260701,-5040,-874
019660,글로본,20260701,1156,0
373170,엠아이큐브솔루션,20260701,1117,0
002025,코오롱우,20260701,737,0
099390,브레인즈컴퍼니,20260701,-1020,603
131220,대한과학,20260701,2578,6
363260,모비데이즈,20260701,5671,118
450520,인스웨이브,20260701,2375,106
464500,아이언디바이스,20260701,-1714,0
014130,한익스프레스,20260701,14149,1150
073540,에프알텍,20260701,509,-596
066910,손오공,20260701,761,-97
051380,피씨디렉트,20260701,1163,0
376180,피코그램,20260701,-636,0
047080,한빛소프트,20260701,16255,-17060
483570,KCGI 미국S&P500 TOP10,20260701,0,913
005110,한창,20260701,0,0
018680,서울제약,20260701,-54,0
030720,동원수산,20260701,-1904,370
008470,부스타,20260701,10,-78
464580,닷밀,20260701,-1861,0
225220,제놀루션,20260701,-15469,-277
195500,마니커에프앤지,20260701,-15045,1035
001000,신라섬유,20260701,14510,-1047
037370,EG,20260701,2106,-62
296640,이노에이엑스,20260701,1838,-3154
310870,디와이씨,20260701,8007,21690
237750,피앤씨테크,20260701,2238,0
900310,컬러레이,20260701,8646,3
109960,앱토크롬,20260701,-3982,0
208710,포톤,20260701,-2027,0
053950,경남제약,20260701,-3815,0
032860,더라미,20260701,-5911,0
050760,에스폴리텍,20260701,-104482,1393
002355,넥센타이어1우B,20260701,25,-749
397810,애드포러스,20260701,2086,0
032750,삼진,20260701,-439,-46
001810,무림SP,20260701,4652,0
430690,한싹,20260701,6914,-375
043200,파루,20260701,70923,6516
403490,우듬지팜,20260701,-13903,148326
433220,에셋플러스 글로벌대장장이액티브,20260701,0,-313
024890,대원화성,20260701,11645,-1096
004270,남성,20260701,363,1
016920,카스,20260701,-3019,0
080530,코디,20260701,-1262,88
290270,휴네시온,20260701,-256,0
053060,세동,20260701,-8791,0
032800,판타지오,20260701,-6304,-276
131100,티엔엔터테인먼트,20260701,-3345,7441
068100,케이웨더,20260701,-362,0
333050,이노테나,20260701,4534,0
091340,S&K폴리텍,20260701,5175,1350
348030,모비릭스,20260701,-5413,12778
387570,파인메딕스,20260701,8947,40
048470,대동스틸,20260701,15437,-10964
254120,자비스,20260701,-3348,0
012160,영흥,20260701,2453,-49
025890,한국주강,20260701,242,2
115160,휴맥스,20260701,30314,253
016670,디모아,20260701,-1757,-4
298060,풍전약품,20260701,-593,0
069140,누리플랜,20260701,794,0
003495,대한항공우,20260701,-79,0
005360,모나미,20260701,20178,5
398120,에스지헬스케어,20260701,12364,0
378800,샤페론,20260701,551428,-24
469750,아이비젼웍스,20260701,74535,5936
340440,세림B&G,20260701,18332,-56
033200,모아텍,20260701,2227,73
019175,신풍제약우,20260701,0,0
432980,엠에프씨,20260701,5487,0
318020,포인트모바일,20260701,1993,0
367000,플래티어,20260701,27,0
429270,시지트로닉스,20260701,-536,-48
093380,풍강,20260701,-139,-2873
300120,라온피플,20260701,-33889,-402
054090,삼진엘앤디,20260701,-36032,80431
079170,한창산업,20260701,-94,-11
462510,라메디텍,20260701,-1359,0
208350,지란지교시큐리티,20260701,-1843,5000
050110,캠시스,20260701,-73337,936
342870,오아,20260701,-284,0
109670,씨싸이트,20260701,-3004,0
121890,에스디시스템,20260701,-20102,-229
058450,한주에이알티,20260701,-3077,-55
383930,디티앤씨알오,20260701,-13371,0
060380,동양에스텍,20260701,9487,0
222980,한국맥널티,20260701,4231,41
044780,에이치케이,20260701,-2862,0
007770,한일화학,20260701,-31,0
039740,한국정보공학,20260701,-101,64
290520,신도기연,20260701,1716,698
241840,에이스토리,20260701,-7163,0
131180,딜리,20260701,-47,-2
153490,우리이앤엘하루틴,20260701,-3806,0
052300,오션인더블유,20260701,-1666,490
009310,참엔지니어링,20260701,0,0
063760,이엘피,20260701,-14024,-6983
067010,이씨에스,20260701,-500,0
033050,제이엠아이,20260701,4984,0
045510,정원엔시스,20260701,11382,-137
008775,호텔신라우,20260701,-134,13
000040,KR모터스,20260701,3360,0
065150,대산F&B,20260701,0,0
347770,핌스,20260701,-2474,-116
134060,이퓨쳐,20260701,-2779,8011
406820,뷰티스킨,20260701,29194,0
274400,이노시뮬레이션,20260701,2847,0
188040,바이오포트,20260701,-5665,41
252500,세화피앤씨,20260701,564,392
115480,씨유메디칼,20260701,851,-96
070590,인티큐브,20260701,-3520,73
091970,LSK아이로봇,20260701,2123,827
195990,루트K,20260701,-14263,0
391670,HK 베스트일레븐액티브,20260701,0,161
038870,에코심플렉스,20260701,10763,-106
376980,원티드랩,20260701,-4219,-1126
130740,티피씨글로벌,20260701,-7602,21460
033250,체시스,20260701,-6649,1
210120,캔버스엔,20260701,0,0
317240,TS트릴리온,20260701,-31990,7000
036480,대성미생물,20260701,-586,0
071950,코아스,20260701,748,-76
405920,나라셀라,20260701,-28,0
304840,피플바이오,20260701,23939,-255
415380,스튜디오삼익,20260701,-12179,172
065370,위세아이텍,20260701,-409,19
080470,성창오토텍,20260701,-2731,-795
353190,휴럼,20260701,-289,0
440320,오픈놀,20260701,4195,0
352940,인바이오,20260701,-4374,0
138070,신진에스엠,20260701,9739,0
076080,웰크론한텍,20260701,-18365,5500
146060,율촌,20260701,23889,-208
006200,한국전자홀딩스,20260701,17814,-1238
032080,아즈텍WB,20260701,34449,-30
001420,태원물산,20260701,-11646,-107
006740,블루산업개발,20260701,3574,-1985
078590,휴림에이텍,20260701,12592,20
080720,한국유니온제약,20260701,0,0
351870,차이커뮤니케이션,20260701,-999,105
049120,파인디앤씨,20260701,-34,0
053290,NE능률,20260701,7080,-122
372800,아이티아이즈,20260701,11685,-62570
096690,에이루트,20260701,1386,0
024940,PN풍년,20260701,15920,-1
223310,사토시홀딩스,20260701,42,0
054940,엑사이엔씨,20260701,-140662,-90
200350,아티스트스튜디오,20260701,-3229,0
438700,버넥트,20260701,9880,0
060260,뉴보텍,20260701,102685,-2614
455180,케이지에이,20260701,1063,-15470
067730,로지시스,20260701,798,0
101400,엔시트론,20260701,23001,216
317120,라닉스,20260701,2205,77
090150,아이윈,20260701,8445,396
139670,키네마스터,20260701,6461,132
362990,드림인사이트,20260701,-1648,0
088290,이원컴포텍,20260701,-201,0
017250,인터엠,20260701,1473,0
353590,오토앤,20260701,2209,0
023770,플레이위드,20260701,3480,0
238200,비피도,20260701,-927,0
303530,이노뎁,20260701,-4614,0
014100,메디앙스,20260701,3768,0
012170,아센디오,20260701,-52650,-102
085810,알티캐스트,20260701,4456,0
020400,대동금속,20260701,17149,32166
373110,엑셀세라퓨틱스,20260701,17961,150
359090,씨엔알리서치,20260701,-12359,-248
065650,하이퍼코퍼레이션,20260701,4261,106
032280,삼일,20260701,2178,0
001685,대상우,20260701,-217,0
043360,디지아이,20260701,-1509,1763
322780,코퍼스코리아,20260701,-14759,0
038530,케이바이오랩스,20260701,1853,-121
015020,이스타코,20260701,0,0
424760,벨로크,20260701,15045,1
154030,아시아종묘,20260701,4974,0
354200,엔젠바이오,20260701,0,0
419540,비스토스,20260701,732,19193
488290,MIDAS 일본테크액티브,20260701,-72,287
016100,리더스코스메틱,20260701,-23431,99
140430,카티스,20260701,-2236,0
021040,대호특수강,20260701,1097,0
115570,스타플렉스,20260701,-402,-485
045520,크린앤사이언스,20260701,3782,-5
103230,에스앤더블류,20260701,-1785,0
096870,엘디티,20260701,-13922,0
098660,에스티오,20260701,5922,20062
038880,아이에이,20260701,-12332,-843
200230,텔콘RF제약,20260701,-40003,0
477490,에셋플러스 글로벌일등기업포커스10액티브,20260701,0,-51
073570,리튬포어스,20260701,14277,119
275630,에스에스알,20260701,-3098,1204
474920,에셋플러스 차이나일등기업포커스10액티브,20260701,33,-340
214610,롤링스톤,20260701,0,0
069640,한세엠케이,20260701,-11584,185
054410,케이피티유,20260701,-4021,0
331520,밸로프,20260701,-1967,-2936
051780,큐로홀딩스,20260701,60,0
002360,SH에너지화학,20260701,38314,-963
431190,케이쓰리아이,20260701,-5318,0
192390,윈하이텍,20260701,47890,1621
039310,세중,20260701,13743,-25274
377330,이지트로닉스,20260701,1777,1
031860,디에이치엑스컴퍼니,20260701,0,0
258790,소프트캠프,20260701,-88,0
137940,넥스트아이,20260701,20078,-525
054220,비츠로시스,20260701,-26695,0
413930,WON AI ESG액티브,20260701,231,-214
227610,아우딘퓨쳐스,20260701,4794,1835
335870,윙스풋,20260701,-1915,177
083640,인콘,20260701,32934,-30945
034940,조아제약,20260701,-31050,463
060900,에이전트AI,20260701,-3117,16
301300,바이브컴퍼니,20260701,-3581,140
065060,지엔코,20260701,-6991,0
900300,오가닉티코스메틱,20260701,15595,-159
083470,이엠앤아이,20260701,-10280,227
291230,엔피,20260701,-16503,-652
377220,프롬바이오,20260701,-14295,2
067770,세진티에스,20260701,34944,-404
008600,윌비스,20260701,0,0
009440,KC그린홀딩스,20260701,0,0
193250,링크드,20260701,877,-601
328380,솔트웨어,20260701,3638,3649
101680,한국정밀기계,20260701,-4728,5
306040,에스제이그룹,20260701,4943,1
154040,다산솔루에타,20260701,-13760,0
006050,국영지앤엠,20260701,-2631,383
037400,우리엔터프라이즈,20260701,3571,43838
236810,엔비티,20260701,-8276,1
032680,소프트센,20260701,158385,0
279600,미디어젠,20260701,-89,47
142760,모아라이프플러스,20260701,41367,-444
361670,삼영에스앤씨,20260701,-664,73
239340,이스트에이드,20260701,14490,-357
078860,아이오케이이엔엠,20260701,-6309,0
048830,엔피케이,20260701,1593,0
027580,상보,20260701,-1549,70
482680,미래에셋비전스팩7호,20260701,0,0
108675,LX하우시스우,20260701,-389,62
365900,브이씨,20260701,-516,0
241820,피씨엘,20260701,0,0
084440,유비온,20260701,-6590,-198
477380,미래에셋비전스팩4호,20260701,-550,-1501
225590,패션플랫폼,20260701,2839,0
344860,이노진,20260701,-919,949
069330,유아이디,20260701,-2098,176
491510,파워 K-주주가치액티브,20260701,0,-102
418620,E8,20260701,91326,-2993
110020,전진바이오팜,20260701,-584,0
357430,마스턴프리미어리츠,20260701,12791,-1412
900270,헝셩그룹,20260701,8302,0
900340,윙입푸드,20260701,-1682,0
291810,핀텔,20260701,-5961,1389
018620,우진비앤지,20260701,3035,0
215480,토박스코리아,20260701,6065,360
015260,에이엔피,20260701,19184,10
226340,본느,20260701,-4360,4000
065770,CS,20260701,540,747
368600,아이씨에이치,20260701,-20751,217
065690,파커스,20260701,-181,85
115610,이미지스,20260701,606,-2034
060480,국일신동,20260701,-1933,0
240600,유진테크놀로지,20260701,8971,-1062
005725,넥센우,20260701,0,0
377030,비트맥스,20260701,-16549,0
028080,휴맥스홀딩스,20260701,837,-13
131760,파인텍,20260701,740,-1639
285800,진영,20260701,15264,0
469880,하나30호스팩,20260701,0,3
005257,녹십자홀딩스2우,20260701,0,0
477340,에이치엠씨제7호스팩,20260701,0,-19548
002070,비비안,20260701,-1749,0
113810,디젠스,20260701,44996,-99
030350,드래곤플라이,20260701,0,0
472720,TRUSTON 주주가치액티브,20260701,0,-198
496130,TRUSTON 코리아밸류업액티브,20260701,0,-6
101000,KS인더스트리,20260701,-98568,-477
148780,비큐AI,20260701,-20631,0
196700,웹스,20260701,-2123,-11927
023790,동일스틸럭스,20260701,26400,-1650
465770,STX그린로지스,20260701,1232,0
900110,딥커머스,20260701,-5572,0
309930,조이웍스앤코,20260701,15441,-311
473050,유안타제15호스팩,20260701,0,2
115530,씨엔플러스,20260701,1554,0
417180,핑거스토리,20260701,2438,0
123840,뉴온,20260701,-1100,-20
478440,미래에셋비전스팩6호,20260701,-4,-3998
191410,육일씨엔에쓰,20260701,15257,-549
000087,하이트진로2우B,20260701,416,14
479880,한국제15호스팩,20260701,-6,-4994
083660,CSA 코스믹,20260701,12314,0
405000,플라즈맵,20260701,-1203,-49
303030,지니틱스,20260701,-5195,66
019685,대교우B,20260701,-2363,298
352770,셀레스트라,20260701,0,0
289010,아이스크림에듀,20260701,-20615,218
489480,키움제11호스팩,20260701,-222,-820
244460,올리패스,20260701,0,0
247660,나노씨엠에스,20260701,1828,31
001795,대한제당우,20260701,-16716,439
035620,바른손이앤에이,20260701,12776,20308
060230,제이케이시냅스,20260701,0,0
481890,엔에이치스팩31호,20260701,313,-1
389680,유디엠텍,20260701,-3868,47
177350,베셀,20260701,-44133,19732
009730,이렘,20260701,0,0
489730,디비금융제13호스팩,20260701,0,-6000
407820,에셋플러스 코리아플랫폼액티브,20260701,0,-6777
065420,에스아이리소스,20260701,0,0
471050,대신밸런스제17호스팩,20260701,-480,-478
478390,KB제29호스팩,20260701,0,-5001
054180,메디콕스,20260701,0,0
145995,삼양사우,20260701,0,0
018700,졸스,20260701,6993,-184
079950,인베니아,20260701,-3006,-107
011090,에넥스,20260701,-3388,-1885
044380,주연테크,20260701,18292,-1152
492220,KB제31호스팩,20260701,-2,-14143
451150,에셋플러스 글로벌영에이지액티브,20260701,0,19
308100,형지글로벌,20260701,34923,-6679
482520,교보16호스팩,20260701,0,-15001
065570,삼영이엔씨,20260701,0,0
250930,예선테크,20260701,0,0
368970,오에스피,20260701,-249,-484
092600,앤씨앤,20260701,2034,-27
002680,한탑,20260701,0,0
043590,웰킵스하이텍,20260701,-1605,116
477760,DB금융스팩12호,20260701,-5,-2501
900100,파이온엑스,20260701,1257,-104
009620,삼보산업,20260701,2131,41
002995,금호건설우,20260701,26,67
469900,하나31호스팩,20260701,0,-4407
482690,대신밸런스제19호스팩,20260701,0,1
060240,스타코링크,20260701,0,0
477470,미래에셋비전스팩5호,20260701,762,-1883
042040,케이피엠테크,20260701,984,3349
199730,바이오인프라,20260701,5398,59
474660,신한제12호스팩,20260701,0,-1
487360,신한제14호스팩,20260701,0,-1600
474490,유안타제16호스팩,20260701,0,-10001
496070,신한제16호스팩,20260701,-1,1564
208640,썸에이지,20260701,-7840,-301
001755,한양증권우,20260701,90,0
079190,케스피온,20260701,0,0
084695,대상홀딩스우,20260701,0,0
433250,UNICORN R&D 액티브,20260701,0,-19
486630,KB제30호스팩,20260701,-238,-4391
493790,유안타제17호스팩,20260701,0,0
004255,NPC우,20260701,1408,2114
035290,골드앤에스,20260701,140,0
489210,교보17호스팩,20260701,-347,-12041
043100,알파AI,20260701,0,0
312610,에이에프더블류,20260701,22532,-12
478110,이베스트스팩6호,20260701,0,-1
003075,코오롱글로벌우,20260701,-41,0
466690,키움히어로제1호스팩,20260701,0,0
498390,한화플러스제5호스팩,20260701,-24,-5000
004105,태양금속우,20260701,-1807,0
472220,신영스팩10호,20260701,0,0
012340,뉴인텍,20260701,37126,-9045
488060,유진스팩11호,20260701,0,-505
011080,형지I&C,20260701,812,-1
145210,다이나믹디자인,20260701,0,0
106080,케이이엠텍,20260701,0,0
480460,WON 한국부동산TOP3플러스,20260701,-18,-12
050090,비케이홀딩스,20260701,-11683,0
484130,하나34호스팩,20260701,-2,-2950
001067,JW중외제약2우B,20260701,0,0
462340,에셋플러스 글로벌다이나믹시니어액티브,20260701,0,-48
469480,IBKS제24호스팩,20260701,0,0
473950,에스케이증권제13호스팩,20260701,-4,-1
012205,계양전기우,20260701,90,0
001770,SHD,20260701,-1580,0
467930,IBKS제23호스팩,20260701,-3,2
465320,교보15호스팩,20260701,0,0
487830,신한제15호스팩,20260701,-114,-1510
001515,SK증권우,20260701,320,0
468760,유진스팩10호,20260701,0,0
472230,에스케이증권제11호스팩,20260701,0,0
487720,키움제10호스팩,20260701,-1,-3000
073190,듀오백,20260701,536,2800
225430,케이엠제약,20260701,715,110
000225,유유제약1우,20260701,1546,0
215620,HK S&P코리아로우볼,20260701,0,0
900120,씨엑스아이,20260701,34203,0
438740,MIDAS 중소형액티브,20260701,0,0
004985,성신양회우,20260701,-543,0
001065,JW중외제약우,20260701,34,0
004835,덕성우,20260701,-569,0
000325,노루홀딩스우,20260701,-71,0
470310,UNICORN 생성형AI강소기업액티브,20260701,0,-202
009415,태영건설우,20260701,0,0
090355,노루페인트우,20260701,0,0
000145,하이트진로홀딩스우,20260701,0,0
000545,흥국화재우,20260701,0,0
005965,동부건설우,20260701,0,0
014825,동원시스템즈우,20260701,0,0
476000,UNICORN 포스트IPO액티브,20260701,0,4
014285,금강공업우,20260701,0,0
007575,일양약품우,20260701,-1,0
005745,크라운해태홀딩스우,20260701,5,0
000227,유유제약2우B,20260701,84,0
014915,성문전자우,20260701,0,0
004545,깨끗한나라우,20260701,1,0
084180,수성웹툰,20260701,7088,0
00104K,CJ4우(전환),20260701,764,1336
121850,코이즈,20260701,8969,0
00088K,한화3우B,20260701,15476,-18723
069920,엑시온그룹,20260701,49577,0
005930,삼성전자,20260630,-2627167,2731943
000660,SK하이닉스,20260630,-602006,284306
402340,SK스퀘어,20260630,-326334,395090
005935,삼성전자우,20260630,-705106,250828
009150,삼성전기,20260630,194436,96511
005380,현대차,20260630,-75634,-24135
373220,LG에너지솔루션,20260630,-119073,-58896
032830,삼성생명,20260630,-3638,6302
028260,삼성물산,20260630,-68455,42325
207940,삼성바이오로직스,20260630,8187,-15333
000270,기아,20260630,-117723,24848
329180,HD현대중공업,20260630,-125197,76717
105560,KB금융,20260630,193888,-11831
012450,한화에어로스페이스,20260630,3789,-17394
034020,두산에너빌리티,20260630,-269125,7863
055550,신한지주,20260630,-148261,149149
034730,SK,20260630,-27519,53686
012330,현대모비스,20260630,-22759,-5058
068270,셀트리온,20260630,-74764,29920
006400,삼성SDI,20260630,-174751,39814
042660,한화오션,20260630,-159342,-216208
086790,하나금융지주,20260630,30133,-39194
267260,HD현대일렉트릭,20260630,-39776,27595
010120,LS ELECTRIC,20260630,-170921,107842
035420,NAVER,20260630,-93633,-101159
066570,LG전자,20260630,-92982,-4029
000810,삼성화재,20260630,9682,-10723
298040,효성중공업,20260630,-3469,10252
009540,HD한국조선해양,20260630,-44835,17189
005490,POSCO홀딩스,20260630,-40420,-18778
015760,한국전력,20260630,-200461,-103788
006800,미래에셋증권,20260630,-729294,866565
010130,고려아연,20260630,-6455,3227
000150,두산,20260630,15024,-12180
316140,우리금융지주,20260630,-309467,308861
042700,한미반도체,20260630,-31468,-212643
064350,현대로템,20260630,15662,-94750
010140,삼성중공업,20260630,-822214,-115875
011070,LG이노텍,20260630,27977,601
051910,LG화학,20260630,-33519,-59210
138040,메리츠금융지주,20260630,-77326,134208
017670,SK텔레콤,20260630,-11155,-87067
011200,HMM,20260630,-265811,-18716
079550,LIG디펜스앤에어로스페이스,20260630,1068,-11338
033780,KT&G,20260630,-25777,27187
196170,알테오젠,20260630,-81139,-8724
024110,기업은행,20260630,-149583,102009
267250,HD현대,20260630,-8670,-7119
096770,SK이노베이션,20260630,-29080,-25343
035720,카카오,20260630,-104126,-81708
047810,한국항공우주,20260630,-139068,101887
003550,LG,20260630,-36901,-38875
272210,한화시스템,20260630,13393,-171546
018260,삼성에스디에스,20260630,-17713,7593
086280,현대글로비스,20260630,17461,-46748
003670,포스코퓨처엠,20260630,4185,-47925
278470,에이피알,20260630,-33986,48645
071050,한국금융지주,20260630,-88564,123391
030200,KT,20260630,-5149,43069
307950,현대오토에버,20260630,-7853,1669
010950,S-Oil,20260630,-109056,89525
000720,현대건설,20260630,-42500,85135
247540,에코프로비엠,20260630,-55321,-124908
005940,NH투자증권,20260630,-21500,26088
086520,에코프로,20260630,-778557,-141093
006260,LS,20260630,-33519,54320
016360,삼성증권,20260630,-39211,44108
259960,크래프톤,20260630,-35575,59034
323410,카카오뱅크,20260630,-25389,37278
003490,대한항공,20260630,-46886,86018
005830,DB손해보험,20260630,-7080,-1152
028050,삼성E&A,20260630,-257720,327893
039490,키움증권,20260630,-59773,76668
443060,HD현대마린솔루션,20260630,-26811,35570
277810,레인보우로보틱스,20260630,-13953,7407
352820,하이브,20260630,-23858,20904
047050,포스코인터내셔널,20260630,-74243,36548
180640,한진칼,20260630,-23361,6574
161390,한국타이어앤테크놀로지,20260630,-32976,4362
036930,주성엔지니어링,20260630,-130128,548237
003230,삼양식품,20260630,-4913,-3141
005387,현대차2우B,20260630,-23585,1310
000880,한화,20260630,-11452,-5413
950160,코오롱티슈진,20260630,-11130,-19511
007660,이수페타시스,20260630,-331296,624843
047040,대우건설,20260630,-13708,-338578
078930,GS,20260630,27779,-12208
064400,LG씨엔에스,20260630,-143212,11746
090430,아모레퍼시픽,20260630,-10687,-19093
021240,코웨이,20260630,-29311,27577
326030,SK바이오팜,20260630,-27114,8615
004170,신세계,20260630,7675,-5692
028300,HLB,20260630,-8630,-8097
062040,산일전기,20260630,-55231,50782
001440,대한전선,20260630,-786255,10962
241560,두산밥캣,20260630,5639,3413
353200,대덕전자,20260630,75254,110596
240810,원익IPS,20260630,540580,-504468
032640,LG유플러스,20260630,-253196,52474
267270,HD건설기계,20260630,-164942,112421
058470,리노공업,20260630,434907,-651263
029780,삼성카드,20260630,-5587,18094
000100,유한양행,20260630,-39047,-1960
034220,LG디스플레이,20260630,-655231,-231935
036570,NC,20260630,-6634,18309
128940,한미약품,20260630,-6580,-14076
271560,오리온,20260630,5524,-8528
009830,한화솔루션,20260630,-178557,-103966
377300,카카오페이,20260630,-361,21747
454910,두산로보틱스,20260630,-57427,18551
005385,현대차우,20260630,6132,-2736
298380,에이비엘바이오,20260630,-104709,49264
011790,SKC,20260630,-11208,6380
319660,피에스케이,20260630,-41046,76822
175330,JB금융지주,20260630,-123044,128385
000990,DB하이텍,20260630,296113,-351263
039030,이오테크닉스,20260630,197564,-206967
023530,롯데쇼핑,20260630,23223,-28577
088980,맥쿼리인프라,20260630,-1683259,147353
000250,삼천당제약,20260630,-30282,9532
141080,리가켐바이오,20260630,-102944,-18536
000500,가온전선,20260630,-32033,-16596
222800,심텍,20260630,33145,184864
001040,CJ,20260630,-12530,-8630
082740,한화엔진,20260630,-203444,58867
087010,펩트론,20260630,-33000,-38093
066970,엘앤에프,20260630,-43197,-5160
002380,KCC,20260630,17525,-6234
052690,한전기술,20260630,-15696,13166
088350,한화생명,20260630,-16645,-109480
018880,한온시스템,20260630,-998624,7103
069960,현대백화점,20260630,19860,-36767
004020,현대제철,20260630,-147666,-64894
111770,영원무역,20260630,-7498,6073
010060,OCI홀딩스,20260630,-26036,20620
051900,LG생활건강,20260630,-2704,-555
403870,HPSP,20260630,440065,-1369441
440110,파두,20260630,46971,-19142
084370,유진테크,20260630,-15859,52551
214370,케어젠,20260630,-15915,3240
012510,더존비즈온,20260630,0,0
336260,두산퓨얼셀,20260630,-136181,102266
103590,일진전기,20260630,-249075,55945
347850,디앤디파마텍,20260630,-73480,38517
108490,로보티즈,20260630,-47073,41706
214450,파마리서치,20260630,-44347,93766
095340,ISC,20260630,207260,-232436
022100,포스코DX,20260630,-65274,-31108
035250,강원랜드,20260630,-130948,-55963
310210,보로노이,20260630,-22424,15799
251270,넷마블,20260630,69815,-87957
001450,현대해상,20260630,-1024,14044
095610,테스,20260630,4355,34404
080220,제주반도체,20260630,-111165,13512
036460,한국가스공사,20260630,-33838,-23450
383220,F&F,20260630,-7358,9018
145020,휴젤,20260630,-9851,2423
031210,서울보증보험,20260630,-1393,-2122
097950,CJ제일제당,20260630,-20451,11064
178320,서진시스템,20260630,42439,-74106
214150,클래시스,20260630,-49806,2027
302440,SK바이오사이언스,20260630,-21628,-20221
139130,iM금융지주,20260630,-60588,140989
011780,금호석유화학,20260630,2968,-18966
009420,한올바이오파마,20260630,-75372,14184
001720,신영증권,20260630,-843,1823
450080,에코프로머티,20260630,-96242,-31083
017800,현대엘리베이터,20260630,4446,-7324
005850,에스엘,20260630,-36454,-4695
004800,효성,20260630,-579,3060
161890,한국콜마,20260630,-38077,95196
226950,올릭스,20260630,-61267,58349
031980,피에스케이홀딩스,20260630,11983,73787
014680,한솔케미칼,20260630,-12507,30883
011170,롯데케미칼,20260630,611,-31923
483650,달바글로벌,20260630,15979,17486
131290,티에스이,20260630,-25743,15054
012750,에스원,20260630,5892,-5344
064760,티씨케이,20260630,-1863,-162
028670,팬오션,20260630,-94056,236413
006360,GS건설,20260630,-14625,-6334
085620,미래에셋생명,20260630,41494,-2004
237690,에스티팜,20260630,-39287,30661
067310,하나마이크론,20260630,-249624,-30615
375500,DL이앤씨,20260630,24673,-637
319400,현대무벡스,20260630,-329467,-5515
026960,동서,20260630,-6681,-4410
005290,동진쎄미켐,20260630,12369,95357
489790,한화비전,20260630,-61679,-980
000240,한국앤컴퍼니,20260630,-18665,31901
357780,솔브레인,20260630,49989,-47473
257720,실리콘투,20260630,-34212,-59
081660,미스토홀딩스,20260630,7424,-3674
089970,브이엠,20260630,-47554,92637
003690,코리안리,20260630,109216,-66576
004990,롯데지주,20260630,-74715,8072
009970,영원무역홀딩스,20260630,-663,-267
139480,이마트,20260630,-22339,-7125
204320,HL만도,20260630,-120878,-48639
005440,현대지에프홀딩스,20260630,-92993,165157
263750,펄어비스,20260630,-10513,13682
279570,케이뱅크,20260630,192959,-100452
007340,DN오토모티브,20260630,-9631,25276
008930,한미사이언스,20260630,-23624,14553
030000,제일기획,20260630,-156480,89628
004370,농심,20260630,-7,-1498
071970,HD현대마린엔진,20260630,-39039,19750
282330,BGF리테일,20260630,-2943,3263
290650,엘앤씨바이오,20260630,-15976,-7557
018670,SK가스,20260630,-2052,1338
007070,GS리테일,20260630,-38263,47141
131970,두산테스나,20260630,16348,-69849
462870,시프트업,20260630,293,4072
051600,한전KPS,20260630,-36434,1900
192820,코스맥스,20260630,-6243,-1259
008770,호텔신라,20260630,-26210,-13380
032820,우리기술,20260630,-301373,-8556
439260,대한조선,20260630,503,-2543
457190,이수스페셜티케미컬,20260630,-30725,1029
020150,롯데에너지머티리얼즈,20260630,-89631,102716
281820,케이씨텍,20260630,-18838,108680
098460,고영,20260630,-74720,22319
103140,풍산,20260630,-974,-21479
420770,기가비스,20260630,-1442,20704
009155,삼성전기우,20260630,-17,4923
035900,JYP Ent.,20260630,5422,-16174
000155,두산우,20260630,762,-55
140860,파크시스템스,20260630,2883,3546
002790,아모레퍼시픽홀딩스,20260630,-1054,-22157
068760,셀트리온제약,20260630,-23315,-3076
001740,SK네트웍스,20260630,-250493,62275
140410,메지온,20260630,-10792,-14
007810,코리아써키트,20260630,-27320,-23932
395400,SK리츠,20260630,-74274,71917
073240,금호타이어,20260630,-284137,-83477
041510,에스엠,20260630,-6242,-9874
010170,대한광통신,20260630,409989,2369
011210,현대위아,20260630,-8823,-2815
112610,씨에스윈드,20260630,-24476,13173
000120,CJ대한통운,20260630,-5351,-8045
120110,코오롱인더,20260630,-35967,42203
097230,HJ중공업,20260630,-672373,36154
089030,테크윙,20260630,-143097,74887
058610,에스피지,20260630,-46121,44075
023590,다우기술,20260630,-17969,2393
082920,비츠로셀,20260630,-43094,10359
083650,비에이치아이,20260630,40600,-87255
183300,코미코,20260630,-11711,4427
020560,아시아나항공,20260630,-9197,-705
229640,LS에코에너지,20260630,-12276,2281
069620,대웅제약,20260630,-4481,-520
001800,오리온홀딩스,20260630,-4679,20422
218410,RFHIC,20260630,-23266,9814
043260,성호전자,20260630,-96720,90705
096530,씨젠,20260630,-1282,-14783
006040,동원산업,20260630,-4037,-3497
001120,LX인터내셔널,20260630,27829,-20906
475150,SK이터닉스,20260630,-265802,99629
003540,대신증권,20260630,-29556,10693
030530,원익홀딩스,20260630,-49377,-25986
007390,네이처셀,20260630,-24218,909
006280,녹십자,20260630,5,-13728
093370,후성,20260630,433701,149953
060370,LS마린솔루션,20260630,-58777,58415
192080,더블유게임즈,20260630,1142,-1046
078600,대주전자재료,20260630,-2644,-7104
005070,코스모신소재,20260630,-2565,13699
017960,한국카본,20260630,-10292,-22621
322000,HD현대에너지솔루션,20260630,-38725,39639
458870,씨어스,20260630,-121021,-59531
415640,KB발해인프라,20260630,71775,3392
361610,SK아이이테크놀로지,20260630,13557,-58620
127120,제이에스링크,20260630,32726,1043
039200,오스코텍,20260630,-37007,-2730
294870,IPARK현대산업개발,20260630,-34289,-57985
007310,오뚜기,20260630,678,-1057
347700,스피어,20260630,-724062,600556
000815,삼성화재우,20260630,-2095,-524
012630,HDC,20260630,-10433,1871
032350,롯데관광개발,20260630,-156607,33638
082640,동양생명,20260630,-9539,-2310
034230,파라다이스,20260630,-163572,129510
181710,NHN,20260630,607,4389
298020,효성티앤씨,20260630,1609,-4286
066575,LG전자우,20260630,30746,-19
030610,교보증권,20260630,-5346,6761
003570,SNT다이내믹스,20260630,-16922,4539
323280,태성,20260630,-20341,7308
437730,삼현,20260630,-22710,4159
001820,삼화콘덴서,20260630,-62131,42311
077970,STX엔진,20260630,-71651,12016
001430,세아베스틸지주,20260630,-32206,2938
004000,롯데정밀화학,20260630,-6129,2645
195940,HK이노엔,20260630,-28209,-17919
089860,롯데렌탈,20260630,-9278,2385
003380,하림지주,20260630,-87616,-10042
031330,에스에이엠티,20260630,-110219,18841
475830,오름테라퓨틱,20260630,-39400,15652
166090,하나머티리얼즈,20260630,-3113,-4270
003530,한화투자증권,20260630,-250730,236
000080,하이트진로,20260630,-5684,-13074
057050,현대홈쇼핑,20260630,0,0
330590,롯데리츠,20260630,-130213,57572
300720,한일시멘트,20260630,-20722,-2619
101490,에스앤에스텍,20260630,-29976,16879
003090,대웅,20260630,-8911,8491
006340,대원전선,20260630,-651342,22595
019210,와이지-원,20260630,79266,-172001
051915,LG화학우,20260630,-4071,-737
195870,해성디에스,20260630,-8734,-19114
099320,쎄트렉아이,20260630,-9087,6870
085660,차바이오텍,20260630,-77201,185
071055,한국금융지주우,20260630,1300,44
280360,롯데웰푸드,20260630,167,-2767
232140,와이씨,20260630,-96569,34108
000210,DL,20260630,-11757,7109
185750,종근당,20260630,-5009,0
100090,SK오션플랜트,20260630,-18794,33650
003240,태광산업,20260630,-419,-164
009450,경동나비엔,20260630,-1572,162
204270,제이앤티씨,20260630,5349,1713
005300,롯데칠성,20260630,2938,-4442
100790,미래에셋벤처투자,20260630,-46013,561
192400,쿠쿠홀딩스,20260630,-3710,2717
003470,유안타증권,20260630,-36144,6018
417200,LS머트리얼즈,20260630,51973,-116536
038500,삼표시멘트,20260630,-50164,-8247
241710,코스메카코리아,20260630,-12464,8089
451800,한화리츠,20260630,-18976,32663
090710,휴림로봇,20260630,-212924,54
083450,GST,20260630,-41347,31651
086450,동국제약,20260630,-83749,32684
006120,SK디스커버리,20260630,-1378,-1771
491000,리브스메드,20260630,-32815,-6758
036530,SNT홀딩스,20260630,-3175,45
036540,SFA반도체,20260630,-296532,-37850
281740,레이크머티리얼즈,20260630,-41879,-10759
388720,유일로보틱스,20260630,-5870,-482
030190,NICE평가정보,20260630,-12469,8057
328130,루닛,20260630,-60255,1767
293490,카카오게임즈,20260630,80087,-28839
456040,OCI,20260630,-9547,3213
074600,원익QnC,20260630,-43763,4579
365550,ESR켄달스퀘어리츠,20260630,-234590,28741
122870,와이지엔터테인먼트,20260630,-22113,-579
065350,신성델타테크,20260630,-23216,-4474
056190,SFA,20260630,-28541,-2902
137400,피엔티,20260630,-20591,-6499
009240,한샘,20260630,-18266,17411
033100,제룡전기,20260630,-154158,12302
388210,씨엠티엑스,20260630,-1071,-4784
137310,에스디바이오센서,20260630,-112,-3189
071320,지역난방공사,20260630,-3334,-5011
041830,인바디,20260630,-13428,12924
189300,인텔리안테크,20260630,-24168,1891
499790,GS피앤엘,20260630,-2922,536
115180,큐리언트,20260630,-26422,-3380
213420,덕산네오룩스,20260630,-3664,1076
075580,세진중공업,20260630,-88568,31917
161580,필옵틱스,20260630,-19576,3656
214320,이노션,20260630,-16760,12044
079160,CJ CGV,20260630,-57312,-77975
090360,로보스타,20260630,-24924,2455
036830,솔브레인홀딩스,20260630,-13090,7523
248070,솔루엠,20260630,-10999,23508
285130,SK케미칼,20260630,-13784,12586
032190,다우데이타,20260630,-12435,1588
048410,현대바이오,20260630,-58297,4471
445680,큐리옥스바이오시스템즈,20260630,-58064,2111
004490,세방전지,20260630,-6960,146
006650,대한유화,20260630,-4560,4380
003850,보령,20260630,-38629,-5056
252990,샘씨엔에스,20260630,-130594,112134
000670,영풍,20260630,-257,-6139
064960,SNT모티브,20260630,-20081,1532
005690,파미셀,20260630,-131460,118688
397030,에이프릴바이오,20260630,-147248,130593
298050,HS효성첨단소재,20260630,-7574,-249
014620,성광벤드,20260630,-13849,-1733
025540,한국단자,20260630,-2255,-3052
035760,CJ ENM,20260630,-8735,-8447
093050,LF,20260630,-8027,6694
356860,티엘비,20260630,-26724,-72123
000370,한화손해보험,20260630,-90161,49918
466100,클로봇,20260630,-14093,-1821
032500,케이엠더블유,20260630,-20320,-8792
010780,아이에스동서,20260630,-6077,-7007
094170,동운아나텍,20260630,-4822,-45
002350,넥센타이어,20260630,-4379,-930
003160,디아이,20260630,-11835,20177
006730,서부T&D,20260630,-142134,-48017
112040,위메이드,20260630,35521,-2456
490470,세미파이브,20260630,-14479,-61213
052400,코나아이,20260630,-39288,17405
253450,스튜디오드래곤,20260630,-3064,-11200
122640,예스티,20260630,20061,17682
090460,비에이치,20260630,14164,2108
000400,롯데손해보험,20260630,-129497,102817
295310,에이치브이엠,20260630,-109201,97845
002960,한국쉘석유,20260630,-50,-121
069260,TKG휴켐스,20260630,873,-12656
114090,GKL,20260630,-120702,-25480
317450,명인제약,20260630,-4030,909
001270,부국증권,20260630,318,41
108320,LX세미콘,20260630,656,-5312
001570,금양,20260630,0,0
222080,SFA넥셀,20260630,-44914,-13730
293940,신한알파리츠,20260630,-97180,16321
050890,쏠리드,20260630,9657,820
064290,인텍플러스,20260630,33723,58707
023160,태광,20260630,-5895,-100449
005880,대한해운,20260630,-299275,112965
006380,카프로,20260630,0,0
053610,프로텍,20260630,-4628,4999
376900,로킷헬스케어,20260630,-16839,2518
093320,케이아이엔엑스,20260630,95,774
001680,대상,20260630,-2481,-454
005180,빙그레,20260630,-9355,134
007700,F&F홀딩스,20260630,-643,-482
005090,SGC에너지,20260630,22193,-3695
002020,코오롱,20260630,-26283,26358
053800,안랩,20260630,-7956,584
160190,하이젠알앤엠,20260630,-10006,2205
001510,SK증권,20260630,-139309,18383
383800,LX홀딩스,20260630,512,-1579
456160,지투지바이오,20260630,-38978,5951
001060,JW중외제약,20260630,-2334,1197
017940,E1,20260630,-2050,-154
383310,에코프로에이치엔,20260630,-15898,-5709
003620,KG모빌리티,20260630,-192850,-66501
121600,나노신소재,20260630,-24532,27199
033240,자화전자,20260630,6794,-30179
102710,이엔에프테크놀로지,20260630,4581,-8470
046890,서울반도체,20260630,-68128,-20305
041960,코미팜,20260630,-18293,-3556
225570,넥슨게임즈,20260630,53638,-79107
037460,삼지전자,20260630,-12220,21
178920,PI첨단소재,20260630,-10106,-411
002840,미원상사,20260630,-21,-1033
006110,삼아알미늄,20260630,4354,-16519
336370,솔루스첨단소재,20260630,-25487,-26754
045100,한양이엔지,20260630,-10943,21022
000640,동아쏘시오홀딩스,20260630,-3224,3121
453340,현대그린푸드,20260630,-535,-393
067160,SOOP,20260630,4272,-2792
102940,코오롱생명과학,20260630,-1596,-139
358570,지아이이노베이션,20260630,-141472,-10815
126340,비나텍,20260630,-3160,-19789
086900,메디톡스,20260630,-3939,-1624
014820,동원시스템즈,20260630,-15436,7774
044490,태웅,20260630,-17410,-10404
052020,에스티큐브,20260630,-10385,-21
100840,SNT에너지,20260630,-11568,124
079900,전진건설로봇,20260630,-3309,1150
171090,선익시스템,20260630,-5156,2713
476060,온코닉테라퓨틱스,20260630,-34037,-3543
059090,미코,20260630,-15372,9743
477850,마키나락스,20260630,-40512,-750
251970,펌텍코리아,20260630,-10053,-1286
003300,한일홀딩스,20260630,-1673,2894
001500,현대차증권,20260630,-16012,1621
249420,일동제약,20260630,-6522,-3128
376300,디어유,20260630,-20878,-10512
027360,아주IB투자,20260630,-223689,-1522
033500,동성화인텍,20260630,-67685,-1881
016380,KG스틸,20260630,-117991,61262
476830,알지노믹스,20260630,-97808,-3577
094800,맵스리얼티,20260630,6819,19518
348370,엔켐,20260630,29092,-72393
060250,NHN KCP,20260630,-33441,999
056080,유진로봇,20260630,-32241,231
336570,원텍,20260630,-93278,131111
035890,서희건설,20260630,-52159,126924
170920,엘티씨,20260630,-17097,8020
268280,미원에스씨,20260630,-1133,715
003545,대신증권우,20260630,-18479,-142
211050,인카금융서비스,20260630,-57827,52629
174900,앱클론,20260630,-23544,-1129
448730,삼성FN리츠,20260630,1177,6235
033790,피노,20260630,13922,-4
009410,태영건설,20260630,-7965,2
039130,하나투어,20260630,-10950,-5938
124500,아이티센글로벌,20260630,-59183,4614
005810,풍산홀딩스,20260630,-13208,3909
036810,에프에스티,20260630,-7626,1433
082270,젬백스,20260630,-50285,2707
389470,인벤티지랩,20260630,-926,674
005389,현대차3우B,20260630,-222,57
365340,성일하이텍,20260630,126,-6998
284740,쿠쿠홈시스,20260630,1255,-1784
009520,포스코엠텍,20260630,-13813,1680
399720,가온칩스,20260630,-11704,-1054
033640,네패스,20260630,-24356,-7663
020000,한섬,20260630,28791,-21302
015750,성우하이텍,20260630,-109752,-8825
005945,NH투자증권우,20260630,-587,33
119850,지엔씨에너지,20260630,-69707,54735
372320,큐로셀,20260630,-8721,431
002240,고려제강,20260630,-3893,-3767
161000,애경케미칼,20260630,-90152,-97
005250,녹십자홀딩스,20260630,4251,-3213
145990,삼양사,20260630,-4081,2204
008060,대덕,20260630,-11422,799
377740,바이오노트,20260630,-1136,979
101160,월덱스,20260630,7565,-1071
104830,원익머트리얼즈,20260630,-7170,1030
058650,세아홀딩스,20260630,-1045,541
034950,한국기업평가,20260630,-468,23
003030,세아제강지주,20260630,-4244,-526
001530,DI동일,20260630,-2297,-1552
425420,티에프이,20260630,-20262,-8816
031430,신세계인터내셔날,20260630,4461,-16484
002990,금호건설,20260630,97283,-40500
348210,넥스틴,20260630,-5690,745
272290,이녹스첨단소재,20260630,-20367,-3300
214430,아이쓰리시스템,20260630,-7921,67
030520,한글과컴퓨터,20260630,-13203,-7439
099190,아이센스,20260630,1388,2417
089890,코세스,20260630,-9804,-2681
486990,노타,20260630,-31064,-356
278280,천보,20260630,-3062,895
475960,토모큐브,20260630,-10497,-3013
253590,네오셈,20260630,-42318,2206
000070,삼양홀딩스,20260630,-1035,3430
001200,유진투자증권,20260630,-109315,3117
439960,코스모로보틱스,20260630,-50051,-1537
014830,유니드,20260630,1013,-3886
460930,현대힘스,20260630,-29367,-438
078130,국일제지,20260630,-865,52
368770,파이버프로,20260630,-15217,306
077360,덕산하이메탈,20260630,-64289,-6608
016610,DB증권,20260630,-10603,717
019170,신풍제약,20260630,-8508,2952
340570,티앤엘,20260630,-5439,2599
004690,삼천리,20260630,-1103,-212
348340,뉴로메카,20260630,-9783,2925
460860,동국제강,20260630,-137384,106789
042000,카페24,20260630,-7618,-14812
072710,농심홀딩스,20260630,39,24
290550,디케이티,20260630,-162403,167137
215200,메가스터디교육,20260630,-2377,1859
474590,WON 반도체밸류체인액티브,20260630,-23804,10666
090435,아모레퍼시픽우,20260630,14474,-373
018290,브이티,20260630,-88674,-9344
034310,NICE,20260630,-10438,10353
003000,부광약품,20260630,-40433,-7406
025320,시노펙스,20260630,251237,26480
079940,가비아,20260630,1248,-233
039440,에스티아이,20260630,-2876,-4864
004700,조광피혁,20260630,-54,98
357120,코람코라이프인프라리츠,20260630,-17274,24068
403550,쏘카,20260630,-1611,11371
200710,에이디테크놀로지,20260630,-6999,-10431
381970,케이카,20260630,892,-8949
009900,명신산업,20260630,-29258,5211
029530,신도리코,20260630,-1884,-790
452260,한화갤러리아,20260630,39214,-749
417310,코람코더원리츠,20260630,-3354,12247
327260,RF머트리얼즈,20260630,-19277,-22516
041190,우리기술투자,20260630,-97265,3965
095660,네오위즈,20260630,-4710,-726
330860,네패스아크,20260630,-13690,11568
160980,싸이맥스,20260630,-71463,67771
047920,HLB제약,20260630,-1569,176
219130,타이거일렉,20260630,2283,6781
016590,신대양제지,20260630,-1660,-63
005420,코스모화학,20260630,-16638,8562
003280,흥아해운,20260630,-140051,-678
168360,펨트론,20260630,9087,-212
015360,INVENI,20260630,-5431,-286
089010,켐트로닉스,20260630,-27767,7047
025980,아난티,20260630,-182747,6579
037710,광주신세계,20260630,-17091,-236
004710,한솔테크닉스,20260630,-46319,10332
144960,뉴파워프라즈마,20260630,-98525,122278
027410,BGF,20260630,-48968,22069
067630,HLB생명과학,20260630,-4860,5
008730,율촌화학,20260630,5460,-17139
130660,한전산업,20260630,-15636,780
078020,LS증권,20260630,-153832,465
036620,감성코퍼레이션,20260630,18327,-93543
024850,HLB이노베이션,20260630,7731,333
241770,메카로,20260630,1629,-85
033160,엠케이전자,20260630,179418,-235202
101730,위메이드맥스,20260630,-18417,1882
013030,하이록코리아,20260630,-8503,-1112
089590,제주항공,20260630,-24054,7667
001940,KISCO홀딩스,20260630,-51,2587
271940,일진하이솔루스,20260630,1121,-1933
092230,KPX홀딩스,20260630,119,131
344820,KCC글라스,20260630,-822,-554
000157,두산2우B,20260630,252,0
006220,제주은행,20260630,-62385,-102
002810,삼영무역,20260630,-3585,-3091
002030,아세아,20260630,-1324,838
950210,프레스티지바이오파마,20260630,-15757,22
356680,엑스게이트,20260630,45576,-223
306200,세아제강,20260630,2196,969
011930,신성이엔지,20260630,-28882,-1175
017810,풀무원,20260630,-8684,81
078160,메디포스트,20260630,-21722,1215
060280,큐렉소,20260630,-25897,1086
003800,에이스침대,20260630,-832,43
006910,보성파워텍,20260630,-133357,-156
194370,제이에스코퍼레이션,20260630,-39901,44685
069080,웹젠,20260630,-41506,482
105630,한세실업,20260630,-13362,-16683
060980,HL홀딩스,20260630,-2401,837
243070,휴온스,20260630,-3748,136
114810,한솔아이원스,20260630,14135,-12938
005950,이수화학,20260630,-110602,91839
017900,광전자,20260630,-74305,-427
287840,인투셀,20260630,-16825,11573
183190,아세아시멘트,20260630,-14776,-8189
170900,동아에스티,20260630,615,248
005610,삼립,20260630,65,32
007690,국도화학,20260630,-6558,4472
110990,디아이티,20260630,-16919,98
145720,덴티움,20260630,-5804,1497
101930,인화정공,20260630,-1332,7
204620,글로벌텍스프리,20260630,98996,-180160
097520,엠씨넥스,20260630,-10687,-213
104700,한국철강,20260630,-21763,29019
389650,넥스트바이오메디컬,20260630,-12550,293
029460,케이씨,20260630,-6404,10345
010690,화신,20260630,-55648,-2119
006405,삼성SDI우,20260630,-909,-19
126560,현대퓨처넷,20260630,-2668,-67
236200,슈프리마,20260630,-3577,1651
484870,엠앤씨솔루션,20260630,-17931,1115
448900,한국피아이엠,20260630,-8780,3379
084110,휴온스글로벌,20260630,-12221,32
482630,삼양엔씨켐,20260630,-38705,323
064260,다날,20260630,-33744,-804
002310,아세아제지,20260630,-41426,26814
105840,우진,20260630,-20479,7877
042520,한스바이오메드,20260630,-5449,-147686
005720,넥센,20260630,-4382,-376
009160,SIMPAC,20260630,-45059,-7236
199800,툴젠,20260630,3966,1992
215600,신라젠,20260630,-125109,997
078340,컴투스,20260630,-8996,600
393890,더블유씨피,20260630,-17651,-5871
126720,수산인더스트리,20260630,-8133,962
078350,한양디지텍,20260630,-29637,6753
265520,AP시스템,20260630,-5516,198
206650,유바이오로직스,20260630,-16059,-3186
012030,DB,20260630,-1454,-2303
493280,아이엠바이오로직스,20260630,-9826,-1587
036890,진성티이씨,20260630,-37018,46404
011760,현대코퍼레이션,20260630,-4470,-1319
125490,한라캐스트,20260630,-73713,-17212
424870,이뮨온시아,20260630,-28460,0
016800,퍼시스,20260630,-226,-30
200880,서연이화,20260630,2107,809
023410,유진기업,20260630,-197672,-6542
009290,광동제약,20260630,-26210,11290
200670,휴메딕스,20260630,-4828,6955
005680,삼영전자,20260630,332,3935
018250,애경산업,20260630,2182,87
107640,한중엔시에스,20260630,-28185,13875
091700,파트론,20260630,-51616,3520
015860,일진홀딩스,20260630,-47824,-1818
394280,오픈엣지테크놀로지,20260630,-11247,-2195
092790,넥스틸,20260630,-1547,-203
079370,제우스,20260630,51319,-103906
080580,오킨스전자,20260630,25190,-41132
025900,동화기업,20260630,-21702,1064
058430,포스코스틸리온,20260630,-58619,2850
117730,티로보틱스,20260630,-27480,1095
192650,드림텍,20260630,-76842,-110
272450,진에어,20260630,-29313,-21998
108670,LX하우시스,20260630,-1123,-156
092190,서울바이오시스,20260630,4473,-56
024720,콜마홀딩스,20260630,698,-4768
376270,HEM파마,20260630,1463,-2
003200,일신방직,20260630,-15266,-1862
092730,네오팜,20260630,-7148,9926
034830,한국토지신탁,20260630,-25349,30389
049070,인탑스,20260630,-14038,30022
136480,하림,20260630,-81143,653
472920,HK 종합채권(AA-이상)액티브,20260630,0,-1
001390,KG케미칼,20260630,-18499,1972
025770,한국정보통신,20260630,-17926,2
010820,퍼스텍,20260630,23154,-10955
091810,트리니티항공,20260630,-380628,-8040
036800,나이스정보통신,20260630,111,775
217590,티엠씨,20260630,-34753,-29633
455900,엔젤로보틱스,20260630,-4828,2360
121440,골프존홀딩스,20260630,-13842,2914103
064850,에프앤가이드,20260630,-28745,22128
468530,프로티나,20260630,-10118,-2249
004430,송원산업,20260630,-21612,-1435
096760,JW홀딩스,20260630,1563,-11750
025860,남해화학,20260630,-74854,-9982
084690,대상홀딩스,20260630,-11882,183
228760,지노믹트리,20260630,-19786,22
052710,아모텍,20260630,-94275,-29802
098070,한텍,20260630,-3046,-474
036200,유니셈,20260630,24442,24526
017390,서울가스,20260630,71,-1448
064820,케이프,20260630,-9997,130
484590,삼양컴텍,20260630,-19577,178
033270,유나이티드제약,20260630,5565,7
013120,동원개발,20260630,-6241,-55563
035810,이지홀딩스,20260630,-48919,6365
003960,사조대림,20260630,-879,-17
123890,한국자산신탁,20260630,-8820,-11422
043150,바텍,20260630,-6813,-75
314930,바이오다인,20260630,11342,-455
138080,오이솔루션,20260630,-8111,-1492
017890,한국알콜,20260630,2473,-8730
151860,KG에코솔루션,20260630,-7807,4672
051500,CJ프레시웨이,20260630,7791,-153
026890,스틱인베스트먼트,20260630,8628,5
005430,한국공항,20260630,-162,-70
084010,대한제강,20260630,-5062,-745
441270,파인엠텍,20260630,16103,-73191
094360,칩스앤미디어,20260630,-7057,-9526
187660,페니트리움바이오,20260630,20849,-48
309710,아이티켐,20260630,0,0
078520,에이블씨엔씨,20260630,-161,-2039
001750,한양증권,20260630,-2290,0
002900,TYM,20260630,2324,1781
352480,씨앤씨인터내셔널,20260630,-9625,-857
182400,엔케이젠바이오텍코리아,20260630,0,0
054950,제이브이엠,20260630,-1593,-63
286940,롯데이노베이트,20260630,-3453,478
003120,일성아이에스,20260630,-1401,-86
001230,동국홀딩스,20260630,-31735,73814
092460,한라IMS,20260630,-2973,2
234340,헥토파이낸셜,20260630,-5799,-37
001340,PKC,20260630,-29975,452
450950,아스테라시스,20260630,-8649,-955
035600,KG이니시스,20260630,2810,-147
475040,스트라드비젼,20260630,-1039744,-2201641
065680,우주일렉트로,20260630,-2004,77
217730,강스템바이오텍,20260630,-143712,5
002710,TCC스틸,20260630,-14059,-101
003920,남양유업,20260630,-2680,5750
267980,매일유업,20260630,-415,43
121800,비덴트,20260630,0,0
389500,에스비비테크,20260630,-8598,-3881
000430,대원강업,20260630,-47854,114
365270,큐라클,20260630,-27753,45983
304360,에스바이오메딕스,20260630,-17171,-268
099430,바이오플러스,20260630,-27261,-738
950170,JTC,20260630,35165,-5710
019010,베뉴지,20260630,17587,-136
377460,큐에이드,20260630,0,0
011560,세보엠이씨,20260630,-16262,3844
002320,한진,20260630,-2005,53
419530,SAMG엔터,20260630,-17946,38449
200470,에이팩트,20260630,-29254,-40784
254490,미래반도체,20260630,-19477,100
215000,골프존,20260630,-8114,-2742
003070,코오롱글로벌,20260630,-159,4161
298690,에어부산,20260630,-27073,5462
496020,WON 전단채플러스액티브,20260630,0,-2857
439090,마녀공장,20260630,-21224,76961
114190,강원에너지,20260630,-37271,190
417840,저스템,20260630,-133130,37408
004360,세방,20260630,-1594,-65
095500,미래나노텍,20260630,-30571,-343
200130,콜마비앤에이치,20260630,-14356,-1595
005500,삼진제약,20260630,-11038,-107
472850,폰드그룹,20260630,-5417,19704
086390,유니테스트,20260630,8770,-30899
007160,사조산업,20260630,-7686,-500
180400,DXVX,20260630,-13189,6
378340,필에너지,20260630,-17489,0
089980,상아프론테크,20260630,-7977,-1561
060720,KH바텍,20260630,-28312,148
456010,아이씨티케이,20260630,-21933,-163
334890,이지스밸류플러스리츠,20260630,-22238,18707
900140,엘브이엠씨홀딩스,20260630,-6667,-557
122900,아이마켓코리아,20260630,5832,-9
452280,한선엔지니어링,20260630,-6392,-9541
043370,피에이치에이,20260630,-1545,1703
206640,바디텍메드,20260630,2997,22
382900,범한퓨얼셀,20260630,-1902,122
389260,대명에너지,20260630,-15767,1806
018000,유니슨,20260630,961692,-5705
051360,토비스,20260630,0,0
000650,천일고속,20260630,-481,-3
061970,LB세미콘,20260630,-43744,28228
452430,사피엔반도체,20260630,-6276,-4441
159010,아스플로,20260630,5406,32538
488900,비츠로넥스텍,20260630,-2169,47
010955,S-Oil우,20260630,-347,801
003650,미창석유,20260630,-215,433
000680,LS네트웍스,20260630,-108088,-125
194700,노바렉스,20260630,-6856,-3396
042370,비츠로테크,20260630,-36194,0
039830,오로라,20260630,-4819,-1256
053030,바이넥스,20260630,-29929,231
244920,에이플러스에셋,20260630,18087,4756
241520,DSC인베스트먼트,20260630,-31879,-1
085910,네오티스,20260630,-15067,7457
008490,서흥,20260630,-2877,-19
348950,제이알글로벌리츠,20260630,0,0
000480,CR홀딩스,20260630,-61,2635
034120,SBS,20260630,0,292
230240,에치에프알,20260630,-5631,819
065710,서호전기,20260630,-2500,361
332570,PS일렉트로닉스,20260630,-37734,-419
028100,동아지질,20260630,-15993,33710
023760,한국캐피탈,20260630,-75238,16530
092870,엑시콘,20260630,4215,-20645
024840,KBI메탈,20260630,-418815,988
000050,경방,20260630,-7390,-157
317330,덕산테코피아,20260630,-9431,530
144510,지씨셀,20260630,-12050,31
404990,신한서부티엔디리츠,20260630,21115,9780
001250,GS글로벌,20260630,-123556,24
900290,GRT,20260630,-79041,-103181
003520,영진약품,20260630,-137707,-30384
298830,슈어소프트테크,20260630,-18392,604
006805,미래에셋증권우,20260630,-24741,65000
036030,케이티알파,20260630,-3897,-266
290690,소룩스,20260630,100908,1613
025000,KPX케미칼,20260630,-459,-157
001460,BYC,20260630,-153,-16
005010,휴스틸,20260630,15609,-4868
018310,삼목에스폼,20260630,-671,68
425040,티이엠씨,20260630,-12996,-5058
067390,아스트,20260630,-9948,-7375
037270,YG PLUS,20260630,-91545,1043
462350,이노스페이스,20260630,-32554,-13560
014940,오리엔탈정공,20260630,-22808,-543
134380,미원화학,20260630,1,-16
136490,선진,20260630,6824,5991
088260,이리츠코크렙,20260630,-47752,17133
475560,더본코리아,20260630,-2284,-39
065660,안트로젠,20260630,-1881,-802
044450,KSS해운,20260630,-8684,5553
069540,빛과전자,20260630,-97928,-2122
272110,케이엔제이,20260630,6597,-14184
461300,아이스크림미디어,20260630,-8194,-961
033920,무학,20260630,2620,-764
203650,드림시큐리티,20260630,22620,12260
046970,우리로,20260630,-32395,2096
000320,노루홀딩스,20260630,1491,-392
009680,모토닉,20260630,-1827,887
084850,아이티엠반도체,20260630,-1664,180
030210,다올투자증권,20260630,-20717,16886
003720,삼영,20260630,-24684,-3050
481070,에이유브랜즈,20260630,-4627,5081
100120,뷰웍스,20260630,-3101,0
308430,셀비온,20260630,-5173,2496
025560,미래산업,20260630,44998,3921
445090,에이직랜드,20260630,-1074,-5861
432320,KB스타리츠,20260630,-44410,16350
005710,대원산업,20260630,-1937,2529
210980,SK디앤디,20260630,2137,1113
226320,잇츠한불,20260630,-1986,-540
353810,이지바이오,20260630,-23504,3210
000540,흥국화재,20260630,-6873,-98
494220,UNICORN SK하이닉스밸류체인액티브,20260630,-20079,-10905
448280,에코아이,20260630,6216,0
112290,와이씨켐,20260630,-15866,-54
011500,한농화성,20260630,-5320,-1523
017860,DS단석,20260630,-22824,-54
194480,데브시스터즈,20260630,-14064,3208
001790,대한제당,20260630,5,-1796
000490,대동,20260630,-7462,3008
035150,백산,20260630,-6753,6945
380540,옵티코어,20260630,0,0
475400,씨메스로보틱스,20260630,-7812,-389
013580,계룡건설,20260630,-4388,8545
091580,상신이디피,20260630,-26495,13507
004980,성신양회,20260630,-8407,-311
216080,제테마,20260630,-25998,-660
220100,퓨쳐켐,20260630,-18491,175
058970,엠로,20260630,396,10466
052330,코텍,20260630,3350,-247
034810,해성산업,20260630,-5302,0
093520,매커스,20260630,-7124,9
357550,석경에이티,20260630,-531,-111
061090,세나테크놀로지,20260630,-4054,482
094480,갤럭시아머니트리,20260630,-27873,248
001630,종근당홀딩스,20260630,-251,-164
003555,LG우,20260630,-18,-29
051905,LG생활건강우,20260630,55,-146
123330,제닉,20260630,1509,-4395
053210,스카이라이프,20260630,-1400,-628
115450,HLB테라퓨틱스,20260630,-40119,1037
013890,지누스,20260630,-6034,-34
068930,디지털대성,20260630,-1816,295
053690,한미글로벌,20260630,-4356,4392
403790,MIDAS 코스피액티브,20260630,2,-169
100250,진양홀딩스,20260630,-13661,-41
108860,셀바스AI,20260630,-14769,-9361
003547,대신증권2우B,20260630,-3526,0
298000,효성화학,20260630,-6890,948
041920,메디아나,20260630,-11575,-175
039570,HDC랩스,20260630,1592,778
078150,HB테크놀러지,20260630,-193657,-465
128820,대성산업,20260630,-13814,-77
001080,만호제강,20260630,3929,-11
036190,금화피에스시,20260630,-1210,-1066
098120,마이크로컨텍솔,20260630,-14497,8
095570,AJ네트웍스,20260630,-25454,-4338
000140,하이트진로홀딩스,20260630,1969,-988
484120,도우인시스,20260630,685,-90
099440,스맥,20260630,-5343,560
003350,한국화장품제조,20260630,-14204,-1036
126600,BGF에코머티리얼즈,20260630,-25832,0
045390,대아티아이,20260630,-65538,0
394800,쓰리빌리언,20260630,-44285,-10433
294570,쿠콘,20260630,-2726,-44
044820,코스맥스비티아이,20260630,-988,165
243840,신흥에스이씨,20260630,-52920,549
036710,심텍홀딩스,20260630,-23720,-4
117580,대성에너지,20260630,3444,1228
007860,서연,20260630,-4805,235
138610,나이벡,20260630,-7096,3037
073490,LIG아큐버,20260630,-6503,1642
462520,조선내화,20260630,1373,228
494120,큐리오시스,20260630,20369,1429
339770,교촌에프앤비,20260630,-12272,-486
001130,대한제분,20260630,-1824,377
102460,이연제약,20260630,8383,-43
016790,현대사료,20260630,0,0
241590,화승엔터프라이즈,20260630,7944,1
084990,헬릭스미스,20260630,-19676,-643
394420,리센스메디컬,20260630,-40378,-204676
354320,알멕,20260630,-19129,-241
318060,그래피,20260630,-20413,10507
234080,JW생명과학,20260630,-2492,159
054210,이랜텍,20260630,-35341,-2667
032580,피델릭스,20260630,-219344,1611
094820,일진파워,20260630,-22827,-130
187870,디바이스,20260630,-49722,29548
036170,에이치엠넥스,20260630,18781,0
036560,KZ정밀,20260630,-5172,0
123860,아나패스,20260630,-4003,0
251370,와이엠티,20260630,33896,-32975
012860,모베이스전자,20260630,-61146,0
416180,신성에스티,20260630,-18335,17029
192440,슈피겐코리아,20260630,-383,0
003460,유화증권,20260630,-3708,-1585
016580,환인제약,20260630,-4699,3514
190510,나무가,20260630,-8812,-7
214180,헥토이노베이션,20260630,-7794,369
010580,에스엠벡셀,20260630,-13630,337
009470,삼화전기,20260630,-59835,-1431
102260,동성케미컬,20260630,188,2026
049430,코메론,20260630,-5067,14155
002100,경농,20260630,-5066,10621
317400,자이에스앤디,20260630,-84438,88299
459510,나우로보틱스,20260630,-29771,881
046120,오르비텍,20260630,-93862,13777
125020,티씨머티리얼즈,20260630,-137641,1663
237880,클리오,20260630,-1539,-2736
256840,한국비엔씨,20260630,-54723,46
322310,오로스테크놀로지,20260630,-9534,2324
176750,듀켐바이오,20260630,-780,0
003220,대원제약,20260630,12274,312
119610,인터로조,20260630,-3103,-22812
199820,제일일렉트릭,20260630,-63897,14
037070,파세코,20260630,-37135,660
092200,디아이씨,20260630,-24881,-548
035510,신세계 I&C,20260630,-8199,-22
002150,도화엔지니어링,20260630,-3690,152
042420,네오위즈홀딩스,20260630,545,2971
053300,한국정보인증,20260630,-21851,28
082800,비보존 제약,20260630,1239,0
066620,국보디자인,20260630,-504,-60
012210,삼미금속,20260630,7543,0
108380,대양전기공업,20260630,-20606,3986
377190,디앤디플랫폼리츠,20260630,-85791,12116
950140,잉글우드랩,20260630,-924,-1130
338840,와이바이오로직스,20260630,-14768,5045
092130,이크레더블,20260630,-5306,2
004560,현대비앤지스틸,20260630,-4612,-2669
000300,DH오토넥스,20260630,0,0
004380,삼익THK,20260630,-9197,-21
003610,방림,20260630,6805,6378
016450,한세예스24홀딩스,20260630,10670,-61
033530,SJG세종,20260630,-12911,8952
039840,디오,20260630,-2829,-402
067080,대화제약,20260630,-11770,8
487570,HS효성,20260630,-1397,-239
464080,에스오에스랩,20260630,-35304,2817
152870,파워 200,20260630,0,-47
064550,바이오니아,20260630,-24987,-5
143240,사람인,20260630,-2394,3042
083310,엘오티베큠,20260630,10764,-103
153890,져스텍,20260630,39089,11297
038390,레드캡투어,20260630,388,158
204610,티쓰리,20260630,18186,74535
000390,SP삼화,20260630,4156,-42
122990,와이솔,20260630,-21022,366
101530,해태제과식품,20260630,-8880,-3735
245620,EDGC,20260630,0,0
307180,아이엘,20260630,-52077,-315
015230,대창단조,20260630,11062,-219
071200,인피니트헬스케어,20260630,3270,0
051370,인터플렉스,20260630,-36887,-170
377450,리파인,20260630,-5782,0
143160,아이디스,20260630,-282,0
355150,코스텍시스,20260630,2486,-2639
005960,동부건설,20260630,-13486,-366
002170,SYTS,20260630,-1118,-242
001780,알루코,20260630,-30871,-61383
079960,동양이엔피,20260630,-2279,-9
049630,재영솔루텍,20260630,-12985,0
000860,강남제비스코,20260630,-4110,-5742
092070,디엔에프,20260630,-15200,-2000
400760,NH올원리츠,20260630,-11070,11613
097955,CJ제일제당 우,20260630,-201,-27
083930,아바코,20260630,-11914,0
031440,신세계푸드,20260630,-268,146
314130,지놈앤컴퍼니,20260630,-73957,-6568
213500,한솔제지,20260630,-9333,36
004310,현대약품,20260630,-54497,-387
101970,우양에이치씨,20260630,1961,12090
446540,메가터치,20260630,-29950,-9910
066410,버킷스튜디오,20260630,0,0
024800,유성티엔에스,20260630,-9739,7227
046070,코다코,20260630,0,0
080160,모두투어,20260630,-15529,534
040350,크레오에스지,20260630,72034,0
054450,텔레칩스,20260630,-24337,3
072870,메가스터디,20260630,-46088,807
007570,일양약품,20260630,-17330,-7
389020,자람테크놀로지,20260630,-4402,0
093190,빅솔론,20260630,-148,-133
242040,나무기술,20260630,-41192,-1314
457550,우진엔텍,20260630,-3669,15
274090,켄코아에어로스페이스,20260630,-75392,7
138360,앤로보틱스,20260630,12042,724
123410,코리아에프티,20260630,-22554,18837
293480,하나제약,20260630,-2870,-40
002780,진흥기업,20260630,-308871,2059
011040,경동제약,20260630,-2631,4953
016880,웅진,20260630,5076,13866
023910,대한약품,20260630,-2314,-79
371950,풍원정밀,20260630,-1411,-1038
060150,인선이엔티,20260630,-6473,-505
474650,링크솔루션,20260630,-7591,92
048550,SM C&C,20260630,-74482,-3975
086670,비엠티,20260630,3791,5745
382800,지앤비에스 에코,20260630,-11779,386
255220,SG,20260630,-36216,-726
007330,푸른저축은행,20260630,-6139,-1942
403850,더핑크퐁컴퍼니,20260630,-16397,-1378
000700,유수홀딩스,20260630,770,-27
304100,솔트룩스,20260630,-12199,1346
046440,KG파이낸셜,20260630,1822,-213
011785,금호석유화학우,20260630,-1699,8
086820,바이오솔루션,20260630,-25346,-8
041020,폴라리스오피스,20260630,-217650,0
478340,나라스페이스테크놀로지,20260630,-8499,-39
014710,사조씨푸드,20260630,15667,-26
484810,티엑스알로보틱스,20260630,-4773,1274
212560,네오오토,20260630,-18022,14
032620,GC메디아이,20260630,-26957,-10819
000970,한국주철관,20260630,-2466,-37
001045,CJ우,20260630,-1569,-1
451760,컨텍,20260630,-18812,2202
126700,하이비젼시스템,20260630,-13227,4956
222040,코스맥스엔비티,20260630,-4289,1669
271980,제일약품,20260630,-2115,-5
402030,코난테크놀로지,20260630,-1292,665
090350,노루페인트,20260630,-11944,-2937
071840,롯데하이마트,20260630,674,-481
334970,프레스티지바이오로직스,20260630,95326,43
048870,시너지이노베이션,20260630,-70612,-14875
234690,녹십자웰빙,20260630,-4986,0
462860,더즌,20260630,-18625,0
004970,신라교역,20260630,2042,623
084680,이월드,20260630,-55130,-12164
054800,아이디스홀딩스,20260630,-687,0
104480,티케이케미칼,20260630,-55095,-80
039860,나노엔텍,20260630,-34330,443
264450,유비쿼스,20260630,-7226,0
119830,아이텍,20260630,-154,1022
388050,지투파워,20260630,-105978,232
418550,제이오,20260630,-8982,-388
270660,에브리봇,20260630,39421,2052
086890,이수앱지스,20260630,-35973,-109
460850,동국씨엠,20260630,-10136,-40
058820,CMG제약,20260630,-94733,-1883
049960,쎌바이오텍,20260630,-698,0
179290,엠아이텍,20260630,-3829,3
361390,제노코,20260630,9440,-103
000520,삼일제약,20260630,-20809,-5074
101360,에코앤드림,20260630,-20001,658
000020,동화약품,20260630,-6765,-470
147830,제룡산업,20260630,-85341,0
003830,대한화섬,20260630,201,-1
003480,한진중공업홀딩스,20260630,-6850,-21
405100,큐알티,20260630,-8314,-40
004090,한국석유,20260630,-4495,-12
102120,어보브반도체,20260630,-32832,124
088800,에이스테크,20260630,-32486,-95
067280,멀티캠퍼스,20260630,-206,0
037350,성도이엔지,20260630,-99634,-1560
078070,유비쿼스홀딩스,20260630,-3390,188
402490,그린리소스,20260630,-10910,0
118990,모트렉스,20260630,-6378,0
126640,화신정공,20260630,-944104,8449
094280,효성ITX,20260630,-76,-182
023600,삼보판지,20260630,-81,461
092220,KEC,20260630,-51025,522
260970,에스앤디,20260630,-5440,-373
448100,WON 200,20260630,0,35
025820,이구산업,20260630,-102006,-156
372170,윤성에프앤씨,20260630,-3337,100
114840,아이패밀리에스씨,20260630,-3390,-2382
025950,동신건설,20260630,-1667,0
146320,비씨엔씨,20260630,12677,-9382
069510,에스텍,20260630,285,0
068790,DMS,20260630,-18025,-1601
012610,경인양행,20260630,-50748,-220
015890,태경산업,20260630,2375,127
024060,흥구석유,20260630,-13514,6
038290,마크로젠,20260630,-1378,0
357880,SKAI,20260630,-47769,1896
126730,코칩,20260630,-100512,-67
049720,고려신용정보,20260630,-4945,439
445180,퓨릿,20260630,-1292,0
001540,안국약품,20260630,-4906,487
006060,화승인더,20260630,-6439,-1237
109740,디에스케이,20260630,-8011,0
005990,매일홀딩스,20260630,-381,0
293580,나우IB,20260630,-33462,1435
008350,남선알미늄,20260630,-339032,-11100
106190,하이텍팜,20260630,-4315,7
211270,AP위성,20260630,-27779,1965
013520,화승코퍼레이션,20260630,3109,-87
004960,한신공영,20260630,-8678,14425
469610,이노테크,20260630,-8407,-2157
269620,시스웍,20260630,0,0
311320,지오엘리먼트,20260630,-23581,23623
489500,엘케이켐,20260630,-3070,-88
095190,신화프리텍,20260630,-7349,-1078
432720,퀄리타스반도체,20260630,-83699,-13
226590,엠디바이스,20260630,-11160,-45
272550,삼양패키징,20260630,-9358,2041
081000,일진다이아,20260630,-251,218
474170,루미르,20260630,1529,-2132
012200,계양전기,20260630,-114546,2234
005160,동국산업,20260630,-12499,720
004080,신흥,20260630,-438,-13
077500,유니퀘스트,20260630,-14132,1098
149950,아바텍,20260630,-84639,-56
065170,비엘팜텍,20260630,-105232,0
042600,새로닉스,20260630,-4274,98
210540,디와이파워,20260630,-2542,852
388790,라이콤,20260630,-7906,-56
007540,샘표,20260630,-376,-31
214420,토니모리,20260630,-9372,-5497
086980,쇼박스,20260630,-17782,-1204
293780,압타바이오,20260630,-27094,9
136540,윈스테크넷,20260630,-6852,4800
140670,알에스오토메이션,20260630,-23655,1974
037560,LG헬로비전,20260630,-111915,-115
264850,이랜시스,20260630,-57046,0
024090,디씨엠,20260630,-1086,1269
004150,한솔홀딩스,20260630,-41535,3272
366030,나인앤컴퍼니,20260630,6851,4
036690,코맥스,20260630,0,0
199430,케이엔알시스템,20260630,-8491,-1
008970,KBI동양철관,20260630,-247776,-8267
458650,성우,20260630,-4409,4183
003100,선광,20260630,132,-293
001360,삼성제약,20260630,-43437,-6615
232680,라온로보틱스,20260630,-20412,120
002460,HS화성,20260630,892,-1357
011280,태림포장,20260630,-6163,-110
408920,메쎄이상,20260630,583,0
122450,KX,20260630,-15635,24455
285490,노바텍,20260630,-6788,-2522
089470,HDC현대EP,20260630,-5568,-1089
259630,엠플러스,20260630,-15571,62
452450,피아이이,20260630,-23133,0
091590,남화토건,20260630,1655,-47
418420,라온텍,20260630,-40058,-48
107590,미원홀딩스,20260630,0,-4
214390,경보제약,20260630,-1746,-7
240550,동방메디컬,20260630,-16749,34876
020120,키다리스튜디오,20260630,-13371,11669
350520,이지스레지던스리츠,20260630,-2222,-683
297890,HB솔루션,20260630,-23962,764
473980,노머스,20260630,5986,14306
264660,씨앤지하이테크,20260630,-15704,0
014280,금강공업,20260630,-2428,-36
041440,현대에버다임,20260630,-19017,405
950190,고스트스튜디오,20260630,1078,0
339950,아이비김영,20260630,-24755,405
009070,KCTC,20260630,-37172,306
021320,KCC건설,20260630,-5056,0
083500,에프엔에스테크,20260630,-11297,2
256940,킵스파마,20260630,-3824,156
025620,차AI헬스케어,20260630,11226,347
053080,케이엔솔,20260630,20248,741
307750,국전,20260630,-21665,90
073010,케이에스피,20260630,-11017,0
282880,코윈테크,20260630,9690,5046
011690,와이투솔루션,20260630,-8018,-6
090850,현대이지웰,20260630,7209,-772
079430,현대리바트,20260630,-3711,-29
321550,티움바이오,20260630,-23515,-2959
267320,나인테크,20260630,-78057,0
067990,도이치모터스,20260630,-21999,-684
078000,텔코웨어,20260630,-335,-13
108230,톱텍,20260630,6122,0
220260,켐트로스,20260630,-40548,8
163730,핑거,20260630,-2095,-46
001520,동양,20260630,-76771,-32115
009270,신원,20260630,-99730,-11191
038540,상상인,20260630,-6335,20001
380550,뉴로핏,20260630,-46882,42364
094840,슈프리마에이치큐,20260630,7466,2860
017510,세명전기,20260630,-67028,-2863
089600,KT나스미디어,20260630,7696,2204
067900,와이엔텍,20260630,-7248,-2177
310200,애니플러스,20260630,-14222,621
002220,한일철강,20260630,17158,-343
498180,파워 종합채권(AA-이상)액티브,20260630,0,0
001260,남광토건,20260630,-37268,351
142210,유니트론텍,20260630,-34203,-16
300080,플리토,20260630,-16158,812
018470,조일알미늄,20260630,-204204,-13102
017550,수산세보틱스,20260630,-87610,-83
041590,플래스크,20260630,0,0
013990,아가방컴퍼니,20260630,-16256,0
267290,경동도시가스,20260630,-2202,281
047310,파워로직스,20260630,-24892,-20
289080,SV인베스트먼트,20260630,-24297,0
263860,지니언스,20260630,-2176,41
093640,케이알엠,20260630,-6625,17
004250,NPC,20260630,-4806,176
340450,지씨지놈,20260630,-36546,-4470
488280,에스투더블유,20260630,-2363,-440
027710,팜스토리,20260630,-79201,600
034590,인천도시가스,20260630,806,-19
308080,바이젠셀,20260630,-41397,649
070960,모나용평,20260630,3819,589
105330,케이엔더블유,20260630,13853,0
095700,제넥신,20260630,-57794,2012
013360,일성건설,20260630,-115622,-74
012320,경동인베스트,20260630,-2837,-245
035000,HS애드,20260630,-73,-6416
008040,사조동아원,20260630,39507,-14258
010100,한국무브넥스,20260630,3609,2679
115310,인포바인,20260630,34,29
015590,DKME,20260630,-6800,1
005800,신영와코루,20260630,441,281
051160,지어소프트,20260630,35292,202
246710,티앤알바이오팹,20260630,-46644,659
066980,한성크린텍,20260630,745624,14573
032940,원익,20260630,-3224,0
227840,현대코퍼레이션홀딩스,20260630,-1062,917
014580,태경비케이,20260630,-4347,-60
331920,셀레믹스,20260630,-4200,222
297090,씨에스베어링,20260630,-36444,5750
338220,뷰노,20260630,-12913,1137
019180,티에이치엔,20260630,-8551,-2117
080420,모다이노칩,20260630,-47,0
120030,조선선재,20260630,45,-1
148150,세경하이테크,20260630,-23647,0
166480,코아스템켐온,20260630,-14004,0
217270,넵튠,20260630,-642,-144
054050,NH농우바이오,20260630,-2264,541
011810,STX,20260630,0,0
016710,대성홀딩스,20260630,4450,-26
453450,그리드위즈,20260630,-1432,69
049520,유아이엘,20260630,-10643,-214
018120,진로발효,20260630,-39,-2
009780,엠에스씨,20260630,-578,0
013570,디와이,20260630,-2381,16
486240,DAISHIN343 AI반도체&인프라액티브,20260630,-126,251
047770,코데즈컴바인,20260630,-17793,43
083420,그린케미칼,20260630,-4035,-37
035080,그래디언트,20260630,-650,441
111710,남화산업,20260630,-2083,-2459
039560,다산네트웍스,20260630,-33329,3387
336680,탑런토탈솔루션,20260630,-759,0
141000,비아트론,20260630,566,0
014530,극동유화,20260630,-45681,-97
289930,웨이비스,20260630,-15472,72
306620,지아이에스,20260630,-16021,5977
073560,우리손에프앤지,20260630,-8305,0
209640,와이제이링크,20260630,-151948,493
006620,동구바이오제약,20260630,-2221,8846
063570,NICE인프라,20260630,-6037,-1396
052260,현대바이오랜드,20260630,-4275,2987
290720,푸드나무,20260630,8325,0
299030,하나기술,20260630,-7877,559
002390,한독,20260630,790,13
267850,아시아나IDT,20260630,699,-15
225530,HC보광산업,20260630,409,-1
475580,에이럭스,20260630,-26662,0
187790,나노,20260630,-69255,24574
322510,제이엘케이,20260630,-11147,2362
039340,한국경제TV,20260630,866,-1807
417010,나노팀,20260630,-22797,0
131030,옵투스제약,20260630,17454,0
035610,솔본,20260630,4417,0
016740,두올,20260630,-8547,-7229
321370,센서뷰,20260630,-46900,-3
012800,대창,20260630,-118480,-6634
115500,케이씨에스,20260630,-17568,-10
071280,로체시스템즈,20260630,4210,28970
417500,제이아이테크,20260630,-236,0
123690,한국화장품,20260630,-16830,-25
002450,삼익악기,20260630,-39741,-8535
264900,크라운제과,20260630,-7868,14180
002620,제일파마홀딩스,20260630,-1506,794
125210,아모그린텍,20260630,-1889,45
333430,일승,20260630,-27660,0
010960,삼호개발,20260630,-5112,-42
027970,한국제지,20260630,-11681,-26003
013310,아진산업,20260630,-60851,-155
101170,우림피티에스,20260630,-7144,1
021820,세원정공,20260630,-3658,711
059210,메타바이오메드,20260630,-65690,539
021080,에이티넘인베스트,20260630,1901,25535
056090,시지메드텍,20260630,103124,0
205100,엑셈,20260630,-149022,-160
053700,삼보모터스,20260630,-45119,-2663
235980,메드팩토,20260630,-17326,44
123040,엠에스오토텍,20260630,-18234,17697
323990,박셀바이오,20260630,-337358,-3337
149980,하이로닉,20260630,-4164,0
037030,파워넷,20260630,-35909,-718
228850,레이언스,20260630,760,-51
489460,바이오비쥬,20260630,-1247,204
465780,마이티 26-09 특수채(AAA)액티브,20260630,0,0
156100,엘앤케이바이오,20260630,-30529,496
009580,무림P&P,20260630,-46794,-4038
248170,샘표식품,20260630,-895,-7
309960,LB인베스트먼트,20260630,-7059,0
158430,아톤,20260630,-24123,361
014790,HL D&I,20260630,16714,4640
041520,이엘씨,20260630,-484,500
205500,넥써쓰,20260630,3678,-88
119650,KC코트렐,20260630,0,0
474610,RF시스템즈,20260630,-10310,1756
007610,선도전기,20260630,-16796,1035
246720,아스타,20260630,0,0
007210,벽산,20260630,-12909,-4786
104460,디와이피엔에프,20260630,-509,0
054540,삼영엠텍,20260630,-17375,-205
051980,중앙첨단소재,20260630,-173387,593
120240,대정화금,20260630,-2283,-7
040300,YTN,20260630,7939,0
487580,폴레드,20260630,-9510,-466
100700,세운메디칼,20260630,-53514,-291
078935,GS우,20260630,-553,0
023450,동남합성,20260630,269,65
419050,삼기에너지솔루션즈,20260630,236548,2695
362320,청담글로벌,20260630,-3119,0
066790,씨씨에스,20260630,0,0
052900,KX하이텍,20260630,-327623,-87847
198440,강동씨앤엘,20260630,-315210,20743
214680,디알텍,20260630,-66289,-23485
096250,와이즈넛,20260630,-47023,0
068240,다원시스,20260630,0,0
109610,에스와이,20260630,-22834,873
255440,야스,20260630,-559,0
352090,스톰테크,20260630,-449,0
136150,원일티엔아이,20260630,-4892,37
950250,테라뷰,20260630,-393928,1430
263720,디앤씨미디어,20260630,-5308,-2133
008700,아남전자,20260630,-79778,64425
067830,세이브존I&C,20260630,-13253,-422
182360,큐브엔터,20260630,-5262,60
337930,젝시믹스,20260630,-38208,29999
059120,아진엑스텍,20260630,-99603,-216
265740,엔에프씨,20260630,-16856,-7051
307930,컴퍼니케이,20260630,-15057,0
189330,씨이랩,20260630,-27401,-1
002210,동성제약,20260630,0,0
317770,엑스페릭스,20260630,-120,-24
212710,아이에스티이,20260630,33624,-13257
475430,키스트론,20260630,-75466,2999
058850,KTcs,20260630,-22729,-66
049950,미래컴퍼니,20260630,-3156,0
001275,부국증권우,20260630,0,0
036010,아비코전자,20260630,48367,-42566
298540,더네이쳐홀딩스,20260630,-1335,245
047560,이스트소프트,20260630,-18184,20
053260,금강철강,20260630,-8958,0
044990,에이치엔에스하이텍,20260630,-5395,323
096240,크레버스,20260630,9087,597
074430,아미노로직스,20260630,-35724,-5273
040420,정상제이엘에스,20260630,1812,-1308
452190,한빛레이저,20260630,-26703,-43
434960,DAISHIN343 K200,20260630,129,-127
042500,링네트,20260630,-10568,-611
005860,한일사료,20260630,-24551,1
058630,엠게임,20260630,-1922,9886
086710,선진뷰티사이언스,20260630,-4296,0
396470,워트,20260630,-11029,0
221800,지구홀딩스,20260630,-13216,0
065450,빅텍,20260630,-104793,4
008830,대동기어,20260630,-6460,2
032560,황금에스티,20260630,-2265,29
322180,LS티라유텍,20260630,-20367,4369
226400,오스테오닉,20260630,-34863,26686
365330,에스와이스틸텍,20260630,-90870,0
093920,서원인텍,20260630,1955,-1108
008260,NI스틸,20260630,-14460,-463
014440,영보화학,20260630,-721,-28
072020,중앙백신,20260630,-173,0
217820,원익피앤이,20260630,-26002,8833
100130,동국S&C,20260630,-7817,3500
009190,대양금속,20260630,-2188,-110
002700,신일전자,20260630,-150964,-100
058860,KTis,20260630,10394,-428
002230,피에스텍,20260630,-6757,42
066430,아이로보틱스,20260630,-77041,-112
357230,에이치피오,20260630,-9304,256
036580,팜스코,20260630,-6433,1533
088130,동아엘텍,20260630,16271,-1872
004140,동방,20260630,-55838,-33
004100,태양금속,20260630,12537,-56
086960,MDS테크,20260630,-48653,0
023000,삼원강재,20260630,1572,-2140
054920,한컴위드,20260630,28629,0
023800,인지컨트롤스,20260630,-3067,1633
389030,지니너스,20260630,-406903,-7037
001290,상상인증권,20260630,-61492,9412
032300,한국파마,20260630,2279,25
078890,가온그룹,20260630,-41474,-159
282720,금양그린파워,20260630,-23298,755
023900,풍국주정,20260630,-9943,546
290740,액트로,20260630,266,193
330730,스톤브릿지벤처스,20260630,-9836,0
006660,삼성공조,20260630,-14742,6
033290,로젠,20260630,-2823,0
040160,누리플렉스,20260630,-2312,24
099750,이지케어텍,20260630,-888,510
396300,세아메카닉스,20260630,-46445,0
130580,나이스디앤비,20260630,3659,-80
102370,케이옥션,20260630,60354,0
004650,창해에탄올,20260630,-10566,-272
029480,광무,20260630,-48757,460
066590,스모트로닉,20260630,-11609,1130
063170,서울옥션,20260630,6025,-128
092040,아미코젠,20260630,-158504,57010
250060,모비스,20260630,-32618,0
172670,에이엘티,20260630,-14537,-192
444490,WON 미국S&P500,20260630,0,-69
488720,WON 종합채권(AA-이상)액티브,20260630,0,0
413630,씨피시스템,20260630,-31707,-278
418470,KT밀리의서재,20260630,-3389,1978
036220,오상헬스케어,20260630,-561,34
493330,지에프아이,20260630,-2032,0
004890,동일산업,20260630,685,70
091440,한울소재과학,20260630,-12053,0
011370,서한,20260630,-32813,996
049180,셀루메드,20260630,0,0
005740,크라운해태홀딩스,20260630,-2638,130
047820,초록뱀미디어,20260630,-4498,-190
192410,오늘이엔엠,20260630,-2147,-5
078140,대봉엘에스,20260630,-259,-3
183490,엔지켐생명과학,20260630,0,0
002600,조흥,20260630,0,0
412350,레이저쎌,20260630,8498,3588
085670,뉴프렉스,20260630,-22132,-39
067290,JW신약,20260630,250650,109
139990,아주스틸,20260630,-3924,-202
950130,엑세스바이오,20260630,1749,0
004840,DRB동일,20260630,-9850,-1303
052420,오성첨단소재,20260630,-14240,0
037760,쎄니트,20260630,101890,-252143
038110,에코플라스틱,20260630,-90287,0
348350,위드텍,20260630,1177,24
030960,양지사,20260630,-60806,0
043610,KT지니뮤직,20260630,20205,0
011700,한신기계,20260630,-23564,-49
063080,컴투스홀딩스,20260630,1586,-47
223250,드림씨아이에스,20260630,-20571,0
173130,오파스넷,20260630,-19444,0
000850,화천기공,20260630,6831,1
302550,리메드,20260630,-16452,50000
000590,CS홀딩스,20260630,-9,-1
084670,동양고속,20260630,-8897,3
013700,까뮤이앤씨,20260630,24584,-61
004590,한국가구,20260630,-12379,287
026150,특수건설,20260630,-2100,51
042510,라온시큐어,20260630,-16627,-65
330350,위더스제약,20260630,-36396,334
009300,삼아제약,20260630,576,0
175250,아이큐어,20260630,0,0
053580,웹케시,20260630,1941,6404
215100,로보로보,20260630,-29269,514
007980,TP,20260630,-49909,-67
019540,일지테크,20260630,13,139
451220,아이엠티,20260630,-720,-7
412540,제일엠앤에스,20260630,0,0
017370,우신시스템,20260630,4227,-72
234030,싸이닉솔루션,20260630,4776,393
069730,DSR제강,20260630,-48696,-20
003580,HLB글로벌,20260630,-337,-4472
307870,비투엔,20260630,25695,-2195
000440,중앙에너비스,20260630,-1854,0
019680,대교,20260630,12781,-9834
382840,원준,20260630,-14426,212
163560,동일고무벨트,20260630,-2469,-154
001470,삼부토건,20260630,0,0
475230,엔알비,20260630,54896,-101091
303810,동국생명과학,20260630,-799,0
456070,이엔셀,20260630,-20171,0
054670,대한뉴팜,20260630,-4013,0
065510,휴비츠,20260630,-8112,27329
107600,새빗켐,20260630,-144,7
109070,주성코퍼레이션,20260630,1977,315
024880,케이피에프,20260630,-12425,1440
320000,한울반도체,20260630,-72601,687
101330,모베이스,20260630,-10362,0
115440,우리넷,20260630,-13741,471
458030,WON 국공채머니마켓액티브,20260630,0,116
491700,HK 200,20260630,-23,52
381620,제닉스로보틱스,20260630,-52828,30
052860,아이앤씨,20260630,-27760,1
179900,유티아이,20260630,48399,-10985
067370,선바이오,20260630,-295,-286
017650,대림제지,20260630,148,-27
054040,한국컴퓨터,20260630,-6500,-2
024830,세원물산,20260630,-1537,21
396270,넥스트칩,20260630,-12380,-750
360070,탑머티리얼,20260630,-7115,4100
451250,삐아,20260630,-8072,22000
013870,지엠비코리아,20260630,-3454,723
363280,티와이홀딩스,20260630,-1967,-7898
019550,SBI인베스트먼트,20260630,14239,4164
263800,데이타솔루션,20260630,-4765,-9000
067570,엔브이에이치코리아,20260630,-36135,2513
054620,APS,20260630,16264,0
006840,AK홀딩스,20260630,2634,-2708
331740,아우토크립트,20260630,5680,-1065
007590,동방아그로,20260630,501,-284
009180,한솔로지스틱스,20260630,-47256,-646
129920,대성하이텍,20260630,-32768,-513
111380,동인기연,20260630,2712,72
002200,한국수출포장,20260630,-15083,3371
004440,삼일씨엔에스,20260630,-47326,-393
131370,알서포트,20260630,-23481,4786
357580,아모센스,20260630,-10154,-7732
012700,리드코프,20260630,4092,-625
234300,에스트래픽,20260630,1446,0
238090,앤디포스,20260630,205494,1560
067000,조이시티,20260630,-5461,-1329
083790,CG인바이츠,20260630,7953,0
046940,우원개발,20260630,-13786,-3086
214260,라파스,20260630,-6984,0
228340,동양파일,20260630,63854,0
014160,대영포장,20260630,-90565,-10580
036640,HRS,20260630,66325,-4045
094860,네오리진,20260630,17987,574
900260,로스웰,20260630,44676,0
265560,영화테크,20260630,5456,116
053280,예스24,20260630,-6120,3
061040,알에프텍,20260630,10395,397
170030,현대공업,20260630,-1449,3
006090,사조오양,20260630,501,82
048530,인트론바이오,20260630,-35715,-35
063160,종근당바이오,20260630,-1577,-35
066700,테라젠이텍스,20260630,-20865,854
208140,정다운,20260630,929,-797
251120,바이오에프디엔씨,20260630,-957,-726
060590,씨티씨바이오,20260630,-20471,13980
017480,삼현철강,20260630,-2259,-263
011320,유니크,20260630,-15985,0
044340,위닉스,20260630,-3288,57
040910,아이씨디,20260630,-5943,0
171120,라이온켐텍,20260630,-7062,10383
001020,페이퍼코리아,20260630,6460,-758
079650,서산,20260630,-7328,5693
000230,일동홀딩스,20260630,2509,19
045970,코아시아,20260630,-55069,0
067170,오텍,20260630,19207,368
347890,엠엑스온,20260630,-5831,0
020710,시공테크,20260630,-106244,-3266
323350,다원넥스뷰,20260630,-6303,-878
005750,대림바스,20260630,4953,4044
162300,신스틸,20260630,-5715,0
338100,NH프라임리츠,20260630,4516,15330
124560,태웅로직스,20260630,-16427,0
011150,CJ씨푸드,20260630,6206,-50
440910,WON 미국우주항공방산,20260630,-419,1815
382480,지아이텍,20260630,-46557,2257
110790,크리스에프앤씨,20260630,-122,1
155660,DSR,20260630,-13330,-587
058400,KNN,20260630,0,-6026
096775,SK이노베이션우,20260630,423,1
208370,셀바스헬스케어,20260630,-17308,47
234920,자이글,20260630,0,0
004720,팜젠사이언스,20260630,2219,17
228670,레이,20260630,-14053,44
033130,디지틀조선,20260630,-10932,113
007110,일신석재,20260630,-111834,-6509
203400,에이비온,20260630,-387511,-30065
088390,이녹스,20260630,-2533,0
122350,삼기,20260630,-164131,0
002720,국제약품,20260630,-26104,-231
090470,제이스로보틱스,20260630,-4584,0
389140,포바이포,20260630,-10094,-570
217330,싸이토젠,20260630,-16900,5710
000105,유한양행우,20260630,-358,2
217190,제너셈,20260630,28122,32
417970,모델솔루션,20260630,-1969,0
443670,에스피소프트,20260630,-14887,0
142280,녹십자엠에스,20260630,-65486,130
058730,다스코,20260630,93360,-11188
290660,다이나믹솔루션,20260630,-21106,-873
388870,파로스아이바이오,20260630,-3388,-760
332370,아이디피,20260630,-127,0
126880,제이엔케이글로벌,20260630,-114,134
041930,SY동아,20260630,-12027,-156
000180,성창기업지주,20260630,-5774,-1505
288180,케이피항공산업,20260630,-10248,2
061250,화일약품,20260630,23667,0
105740,디케이락,20260630,-13503,0
348150,고바이오랩,20260630,6649,521
039010,현대에이치티,20260630,-6119,0
413390,엠오티,20260630,-630,424
073640,테라사이언스,20260630,0,0
478560,블랙야크아이앤씨,20260630,4352,165
128660,피제이메탈,20260630,-23953,-5427
066310,큐에스아이,20260630,-14494,0
062970,한국첨단소재,20260630,-77562,-1096
095720,웅진씽크빅,20260630,-27287,464
196490,디에이테크놀로지,20260630,0,0
053350,이니텍,20260630,2221,0
032850,비트컴퓨터,20260630,-8119,0
261780,아리바이오랩,20260630,74865,-34
417790,트루엔,20260630,182,-33
100220,비상교육,20260630,-2711,-105
032540,TJ미디어,20260630,-764,54
024740,한일단조,20260630,-51444,0
041460,한국전자인증,20260630,-22909,46225
041910,폴라리스AI파마,20260630,-16620,0
080010,이상네트웍스,20260630,-125,0
373200,엑스플러스,20260630,7684,71
010040,한국내화,20260630,-2027,5460
014970,삼륭물산,20260630,-3498,0
294630,서남,20260630,-64050,0
001560,제일연마,20260630,-697,-238
048430,유라테크,20260630,-8895,0
443250,레뷰코퍼레이션,20260630,-928,0
009770,삼정펄프,20260630,157,17
464490,쿼드메디슨,20260630,-9168,-4182
007680,대원,20260630,92,-1070
091120,이엠텍,20260630,-9207,0
153710,옵티팜,20260630,1549,8
084730,팅크웨어,20260630,-1152,5
070300,엑스큐어,20260630,-38814,0
046210,HLB파나진,20260630,-21223,0
347000,센코,20260630,-104169,0
059270,해성에어로보틱스,20260630,-13875,-184
131400,이브이첨단소재,20260630,-44263,1291
043650,국순당,20260630,14473,-406
432470,케이엔에스,20260630,-8762,24
081150,티플랙스,20260630,-83363,0
201490,미투온,20260630,-4541,-1432
006140,피제이전자,20260630,-13821,157
277880,티에스아이,20260630,-1005,0
002795,아모레퍼시픽홀딩스우,20260630,1074,-2675
072130,유엔젤,20260630,-407,19
457370,한켐,20260630,-128963,2715
060570,드림어스컴퍼니,20260630,6500,6
109860,동일금속,20260630,-57,2219
241690,유니테크노,20260630,-4549,10697
016090,대현,20260630,-18859,-6340
002800,신신제약,20260630,-4968,0
120115,코오롱인더우,20260630,-3980,-1443
424960,스마트레이더시스템,20260630,-3531,30
377480,마음AI,20260630,-6975,0
006890,태경케미컬,20260630,-12767,-229
039980,폴라리스AI,20260630,-37141,0
018500,동원금속,20260630,-24237,-2
038460,바이오스마트,20260630,-57241,0
137080,나래나노텍,20260630,9992,0
011230,삼화전자,20260630,75912,1176
123420,위메이드플레이,20260630,-1837,0
036000,예림당,20260630,-2445,0
079810,APS이노베이션,20260630,-44563,57
045660,에이텍,20260630,-7136,1
010240,흥국,20260630,-333,532
005870,휴니드,20260630,-13141,-19
055490,테이팩스,20260630,-4488,-26
085310,엔케이,20260630,268,-7
003925,남양유업우,20260630,-232,1800
079980,휴비스,20260630,-26555,-3970
222110,팬젠,20260630,-3158,0
094850,참좋은여행,20260630,-16187,0
453860,에이에스텍,20260630,-2963,0
043710,코스리거글로벌,20260630,630,0
033560,블루콤,20260630,-2958,0
068290,삼성출판사,20260630,-2080,2971
204840,지엘팜텍,20260630,3083,0
187420,HLB제넥스,20260630,7040,-1549
408470,한패스,20260630,-4862,773
347860,알체라,20260630,-16420,145
016250,SGC E&C,20260630,-586,1857
036630,세종텔레콤,20260630,-1455,2
411080,샌즈랩,20260630,-1389,129
012790,신일제약,20260630,-6279,7798
253840,수젠텍,20260630,-25804,0
038680,에스넷,20260630,-7162,0
100590,머큐리,20260630,-6985,939
001840,이화공영,20260630,0,0
302430,이노메트리,20260630,-5519,0
031820,아이티센씨티에스,20260630,-11413,-1203
216050,인크로스,20260630,-243,3615
439580,블루엠텍,20260630,-58171,9
294090,이오플로우,20260630,0,0
010660,화천기계,20260630,33284,1391
060310,3S,20260630,16350,-797
014470,부방,20260630,-7633,175
072950,빛샘전자,20260630,-16888,-8
460940,피앤에스로보틱스,20260630,-28737,0
140070,서플러스글로벌,20260630,-2570,702
039020,이건홀딩스,20260630,-12583,2598
089850,유비벨록스,20260630,-3592,0
071090,하이스틸,20260630,-16122,1191
004780,대륙제관,20260630,-3226,14277
096350,대창솔루션,20260630,-17721,119
396690,미래에셋글로벌리츠,20260630,-5496,5068
082210,옵트론텍,20260630,902,0
370090,퓨런티어,20260630,-2824,3
286750,나노실리칸첨단소재,20260630,-3771,52
010280,아이티센엔텍,20260630,-11506,5122
003780,진양산업,20260630,-6523,-17
101140,인바이오젠,20260630,-579,0
117670,알파칩스,20260630,-2963,0
076610,해성옵틱스,20260630,-66492,36
005670,푸드웰,20260630,2462,0
039420,케이엘넷,20260630,-7931,0
049550,잉크테크,20260630,-1545,0
168330,내츄럴엔도텍,20260630,-4787,2273
111110,호전실업,20260630,24,-18
036090,위지트,20260630,-41248,1056
448710,코츠테크놀로지,20260630,-8646,887
476040,오가노이드사이언스,20260630,-11333,-20
214270,FSN,20260630,70737,-223240
000220,유유제약,20260630,-13582,-175
048910,대원미디어,20260630,-11366,88
463020,뉴엔AI,20260630,-2805,1171
001210,금호전기,20260630,-160258,5083
185490,아이진,20260630,-20067,215
088910,동우팜투테이블,20260630,10077,32088
014910,성문전자,20260630,65647,-154
273640,와이엠텍,20260630,-6088,0
082850,우리바이오,20260630,-17561,-142
129260,인터지스,20260630,-5000,-42
333620,엔시스,20260630,256,0
007820,엠엑스로보틱스,20260630,-444,0
036670,삼양케이씨아이,20260630,-893,0
009200,무림페이퍼,20260630,-6916,-1997
004770,써니전자,20260630,52239,-48
007460,에이프로젠,20260630,2528,-25
225190,LK삼양,20260630,-81860,5525
049480,오픈베이스,20260630,-28276,0
137950,제이씨케미칼,20260630,-3514,82
024900,디와이덕양,20260630,30254,-38505
246960,SCL사이언스,20260630,-4404,3317
039610,화성밸브,20260630,-4200,1
205470,휴마시스,20260630,-4403,-1
442260,마이티 다이나믹퀀트액티브,20260630,0,0
007280,한국특강,20260630,-5384,-643
446840,지슨,20260630,0,0
008370,원풍,20260630,-297,0
104620,노랑풍선,20260630,-5610,58
099520,DGI,20260630,0,0
215360,우리산업,20260630,-1340,0
140950,파워 코스피100,20260630,55,959
175140,휴먼테크놀로지,20260630,-4431,0
042110,에스씨디,20260630,-27879,0
459100,위츠,20260630,-822,0
311690,CJ 바이오사이언스,20260630,-112,45
950200,소마젠,20260630,-10800,0
089230,THE E&M,20260630,-30431,2232
010470,오리콤,20260630,-2435,10
003310,대주산업,20260630,-83768,0
010770,평화홀딩스,20260630,-4968,1
025550,한국선재,20260630,-40314,0
003010,혜인,20260630,-25018,-2408
318160,셀바이오휴먼텍,20260630,4142,10000
040610,SG&G,20260630,-8677,-1027
263690,디알젬,20260630,-7109,4025
004450,삼화왕관,20260630,-116,117
191420,테고사이언스,20260630,-2590,-3
053620,태양,20260630,61,0
251630,브이원텍,20260630,-3985,-12
136410,아셈스,20260630,-1577,541
299170,더블유에스아이,20260630,-51853,1060
075180,새론오토모티브,20260630,-258,-2008
378850,화승알앤에이,20260630,-1335,-790
007815,코리아써우,20260630,-646,0
092440,기신정기,20260630,-2932,-183
045340,토탈소프트,20260630,5086,0
155650,와이엠씨,20260630,18198,-13236
179530,애드바이오텍,20260630,9655,1871
001550,조비,20260630,-2335,-1406
054300,팬스타엔터프라이즈,20260630,-10861,0
340930,성원에너텍,20260630,0,0
053050,지에스이,20260630,-9228,0
027050,코리아나,20260630,-435,146
003475,유안타증권우,20260630,-1710,1033
039240,경남스틸,20260630,-51342,95
006880,신송홀딩스,20260630,7723,-1710
303360,프로티아,20260630,1093,0
317830,에스피시스템스,20260630,-5338,0
101670,하이드로리튬,20260630,-80537,0
067920,이글루,20260630,-6736,-529
033310,엠투엔,20260630,9995,-1499
463480,모티브링크,20260630,-8858,0
263600,덕우전자,20260630,-7965,2
007370,진양제약,20260630,-959,0
217480,에스디생명공학,20260630,0,0
053160,프리엠스,20260630,941,0
002760,보락,20260630,3072,-5886
000725,현대건설우,20260630,-485,0
037440,희림,20260630,-3741,705
033320,제이씨현시스템,20260630,-25540,0
002630,오리엔트바이오,20260630,12630,5678
291650,압타머사이언스,20260630,-16193,0
100030,인지소프트,20260630,-54,0
024910,경창산업,20260630,-12252,-579
036120,서울평가정보,20260630,4139,-3856
003465,유화증권우,20260630,-1,0
064240,홈캐스트,20260630,13832,0
050960,수산아이앤티,20260630,173,0
097800,윈팩,20260630,-112,-93
060560,HC홈센타,20260630,-18358,-554
123010,알엔티엑스,20260630,22637,-351
012690,모나리자,20260630,-6694,-1012
081180,쎄크,20260630,3392,-10101
145170,노브랜드,20260630,-13332,0
099220,SDN,20260630,-844981,-41
384470,코어라인소프트,20260630,-837,0
071670,에이테크솔루션,20260630,6904,-20
092300,현우산업,20260630,-16795,0
064800,포니링크,20260630,5350,-2
104540,코렌텍,20260630,764,0
033340,좋은사람들,20260630,-203799,8637
214330,금호에이치티,20260630,0,0
004540,깨끗한나라,20260630,-28677,4
038010,제일테크노스,20260630,-9937,5614
005305,롯데칠성우,20260630,-367,141
002410,범양건영,20260630,0,0
452400,이닉스,20260630,-536,0
347740,피엔케이피부임상연구센타,20260630,-563,0
004830,덕성,20260630,-5634,-21
270520,앱튼,20260630,-184251,-47
065530,와이어블,20260630,13959,0
037950,엘컴텍,20260630,4141,0
027830,대성창투,20260630,1081,0
317850,대모,20260630,6230,235
260930,씨티케이,20260630,8402,330
054930,유신,20260630,-1966,209
192250,케이사인,20260630,-3155,0
004060,SG세계물산,20260630,-8408,-701
163280,에어레인,20260630,-18153,739
033230,인성정보,20260630,-23349,0
025530,SJM홀딩스,20260630,-1935,-115
095270,웨이브일렉트로,20260630,-5606,-252
042940,상지건설,20260630,-16300,408
331380,포커스에이아이,20260630,15242,1022
026940,부국철강,20260630,107543,-389
063440,SM Life Design,20260630,-34367,-400
056360,코위버,20260630,-1769,422
134580,탑코미디어,20260630,18400,0
006980,우성,20260630,50,1449
057540,옴니시스템,20260630,-115562,3
278650,HLB바이오스텝,20260630,-886,0
096610,알에프세미,20260630,0,0
123700,SJM,20260630,34,-1035
435570,에르코스,20260630,-4571,17
019990,에너토크,20260630,-21709,2
001620,케이비아이동국실업,20260630,411,-1635
391710,코닉오토메이션,20260630,1140,-519
020760,일진디스플,20260630,0,0
000890,보해양조,20260630,-93748,5612
053450,세코닉스,20260630,-14739,0
048770,TPC로보틱스,20260630,-35840,70
241790,티이엠씨씨엔에스,20260630,-1929,1661
471820,셀로맥스사이언스,20260630,-478,0
321260,프로이천,20260630,-32217,178
001465,BYC우,20260630,-19,0
053270,구영테크,20260630,-29837,31558
393970,대진첨단소재,20260630,0,0
461030,아이엠비디엑스,20260630,-2292,0
052790,액토즈소프트,20260630,3742,4
294140,레몬,20260630,-10489,0
170790,파이오링크,20260630,231,91
256630,포인트엔지니어링,20260630,-316,0
314140,알피바이오,20260630,149,0
023810,인팩,20260630,-1738,-659
122310,제노레이,20260630,376,0
021050,서원,20260630,-1165,483
015710,코콤,20260630,-1750,0
004920,씨아이테크,20260630,-4118,-2
262260,에이프로,20260630,954,41
033540,파라텍,20260630,2038,6211
053980,오상자이엘,20260630,17172,-1675
084650,랩지노믹스,20260630,-98944,-438
472840,IBK 200,20260630,-31,115
011000,진원생명과학,20260630,0,0
442090,에셋플러스 코리아대장장이액티브,20260630,392,-636
014950,삼익제약,20260630,58433,775
317690,퀀타매트릭스,20260630,-8666,-10000
109080,옵티시스,20260630,-1515,0
420570,제이투케이바이오,20260630,6379,0
000950,전방,20260630,-69,9
065130,탑엔지니어링,20260630,8433,0
372910,한컴라이프케어,20260630,-985,-195
082660,코스나인,20260630,0,0
352910,오비고,20260630,-680,2104
088280,쏘닉스,20260630,-530,0
023350,한국종합기술,20260630,1650,-14
011390,부산산업,20260630,-270,5
418250,시큐레터,20260630,0,0
357250,미래에셋맵스리츠,20260630,2648,-6129
199550,레이저옵텍,20260630,-1890,0
479960,위너스일렉,20260630,-122,0
198080,캐프,20260630,-10636,387
051390,YW,20260630,-291,1102
009835,한화솔루션우,20260630,-1199,0
006125,SK디스커버리우,20260630,-302,0
452200,민테크,20260630,-19484,-393
376290,씨유테크,20260630,-2438,0
072990,에이치시티,20260630,625,0
066670,디티씨,20260630,-5647,0
178780,일월지엠엘,20260630,7991,11
238120,얼라인드,20260630,-2666,0
023440,제이스코홀딩스,20260630,0,0
407830,에셋플러스 글로벌플랫폼액티브,20260630,-371,1836
041650,상신브레이크,20260630,-6147,4214
440290,HB인베스트먼트,20260630,16892,16768
090080,평화산업,20260630,-19777,-76
004910,조광페인트,20260630,-2711,1902
950220,네오이뮨텍,20260630,-32707,0
189980,흥국에프엔비,20260630,-9975,182
094940,푸른로보틱스,20260630,-6521,0
099410,동방선기,20260630,4670,0
069460,대호에이엘,20260630,0,0
052460,아이크래프트,20260630,-27456,0
317530,에피소드컴퍼니,20260630,1258,470
480370,씨케이솔루션,20260630,-48064,607
419080,엔젯,20260630,-9122,50
189690,포시에스,20260630,-5085,0
222420,쎄노텍,20260630,-20681,-91
460870,에스엠씨지,20260630,-34394,-5000
006490,프리티,20260630,0,0
315640,딥노이드,20260630,-31413,0
217500,러셀,20260630,-3188,113
072470,우리산업홀딩스,20260630,7293,0
073110,엘엠에스,20260630,-1002,0
089790,제이티,20260630,3183,0
092780,DYP,20260630,-394,-3667
276730,한울앤제주,20260630,1114,10
009320,아진전자부품,20260630,10362,-4888
008420,문배철강,20260630,8076,-29
460470,아이빔테크놀로지,20260630,6482,0
005030,부산주공,20260630,0,0
094970,제이엠티,20260630,-12532,-1746
143540,영우디에스피,20260630,4559,0
052220,iMBC,20260630,18948,0
104040,디에스엠,20260630,-599,-74
074610,이엔플러스,20260630,0,0
007530,와이엠,20260630,-1156,351
003080,SB성보,20260630,-2251,-6431
002920,유성기업,20260630,-2905,894
382150,온코크로스,20260630,5521,0
147760,피엠티,20260630,-43960,62737
068330,일신바이오,20260630,-2481,0
263700,케어랩스,20260630,1051,3
373160,데이원컴퍼니,20260630,-4679,1901
014190,원익큐브,20260630,7572,3403
288330,파라택시스코리아,20260630,0,0
196450,코아시아씨엠,20260630,-128619,20069
056700,신화인터텍,20260630,1088,0
037330,인지디스플레,20260630,-14251,0
159580,제로투세븐,20260630,2240,0
012280,영화금속,20260630,-9192,42738
207760,미스터블루,20260630,39492,3
413640,비아이매트릭스,20260630,330,0
066130,하츠,20260630,-6665,6456
177900,쓰리에이로직스,20260630,-4262,0
190650,코리아에셋투자증권,20260630,-1051,0
006370,대구백화점,20260630,7009,-14
000910,유니온,20260630,-6388,-12
002140,고려산업,20260630,-4453,-8
002290,삼일기업공사,20260630,-1234,0
002880,디와이에이,20260630,8511,83149
017180,명문제약,20260630,-1010,-473
196300,HLB펩,20260630,3329,44
270870,뉴트리,20260630,3431,9357
049080,기가레인,20260630,-59664,-1
215380,우정바이오,20260630,97,0
104200,NHN벅스,20260630,3325,0
273060,와이즈버즈,20260630,-54580,229
206400,베노티앤알,20260630,1279,210
011420,갤럭시아에스엠,20260630,25105,-36
047400,유니온머티리얼,20260630,-17569,-399
043340,에쎈테크,20260630,-3989,0
263020,디케이앤디,20260630,-5340,0
900250,크리스탈신소재,20260630,-55632,-2
360350,코셈,20260630,-6355,28
060850,영림원소프트랩,20260630,579,0
299660,셀리드,20260630,-57343,0
037230,한국팩키지,20260630,-16387,480
450330,하스,20260630,-1947,0
261200,덴티스,20260630,488,0
277070,린드먼아시아,20260630,-78,0
025880,케이씨피드,20260630,-7561,0
066900,디에이피,20260630,1574,0
290670,대보마그네틱,20260630,-40394,70
129890,앱코,20260630,-39826,54
466410,사이냅소프트,20260630,2767,0
140520,대창스틸,20260630,13,-2127
261520,이지스,20260630,6125,0
189860,서전기전,20260630,-39514,0
219420,링크제니시스,20260630,-4182,0
038070,서린바이오,20260630,1856,1
258610,케일럼,20260630,-13865,0
065440,이루온,20260630,-11296,661
305090,마이크로디지탈,20260630,-13267,-20009
019490,엑시큐어하이트론,20260630,0,0
100660,서암기계공업,20260630,11628,-75
227950,엔투텍,20260630,5839,0
224110,에이텍모빌리티,20260630,359,187
481850,신한글로벌액티브리츠,20260630,-6074,-995
424980,마이크로투나노,20260630,-5994,200
307280,원바이오젠,20260630,2732,1238
340360,다보링크,20260630,22836,0
033170,시그네틱스,20260630,-46078,0
237820,플레이디,20260630,-1281,0
024950,삼천리자전거,20260630,-1414,63
017040,광명전기,20260630,0,0
127710,아시아경제,20260630,1213,239
153460,네이블,20260630,-420,-32
171010,램테크놀러지,20260630,2722,0
050860,아세아텍,20260630,-5456,0
049830,승일,20260630,-166,0
369370,블리츠웨이엔터테인먼트,20260630,-3089,0
229000,젠큐릭스,20260630,-25147,0
123570,이엠넷,20260630,-102,73
221980,케이디켐,20260630,-10,0
064090,인크레더블버즈,20260630,0,0
084870,TBH글로벌,20260630,-1297,-529
023960,에쓰씨엔지니어링,20260630,-13859,-1016
219550,디와이디,20260630,1092,57
090410,덕신이피씨,20260630,-672835,11956
065500,오리엔트정공,20260630,-21773,0
122690,서진오토모티브,20260630,5444,-241
226330,신테카바이오,20260630,-11516,242
239890,피엔에이치테크,20260630,-3530,0
263920,휴엠앤씨,20260630,2447,8544
097870,효성오앤비,20260630,-2619,0
050120,ES큐브,20260630,12,-73
044960,이글벳,20260630,-1400,2099
133820,화인베스틸,20260630,20769,-2
134790,시디즈,20260630,-39,-3
297570,아틀라스링크,20260630,50619,-785
127980,화인써키트,20260630,-1600,0
051490,나라엠앤디,20260630,291,0
008870,금비,20260630,-84,154
006920,모헨즈,20260630,-14997,1342
299900,위지윅스튜디오,20260630,222,10324
355690,에이텀,20260630,13381,0
290120,DH오토리드,20260630,883,0
203450,유니온바이오메트릭스,20260630,-942,289
032960,동일기연,20260630,0,0
419120,산돌,20260630,-2149,0
086060,진바이오텍,20260630,-1299,0
263810,상신전자,20260630,-1604,2234
026910,광진실업,20260630,-12782,0
246690,TS인베스트먼트,20260630,-81243,-57
263770,유에스티,20260630,-3659,49
250000,보라티알,20260630,20,0
260660,알리코제약,20260630,-2966,0
321820,아티스트컴퍼니,20260630,-9995,0
376930,노을,20260630,3433,275
361570,알비더블유,20260630,-1607,717
019770,서연탑메탈,20260630,-4397,0
256150,한독크린텍,20260630,-1098,17
038060,루멘스,20260630,-8287,0
044480,빌리언스,20260630,16949,0
114450,그린생명과학,20260630,-20788,0
014570,고려제약,20260630,-1971,7336
234100,폴라리스세원,20260630,-8791,0
408900,스튜디오미르,20260630,-28002,51
007120,미래아이앤지,20260630,-2942,-15
011300,우성머티리얼스,20260630,-2186,1
221840,하이즈항공,20260630,257,0
458350,에스팀,20260630,-7385,23178
145270,케이탑리츠,20260630,-1203,-630
150900,파수AI,20260630,-13446,10000
081580,성우전자,20260630,525,-996
105760,포스뱅크,20260630,-9474,0
009140,경인전자,20260630,-1473,-1
004410,서울식품,20260630,-307,-49
204020,그리티,20260630,-3377,0
000215,DL우,20260630,-276,59
045060,오공,20260630,-4840,-3893
317870,엔바이오니아,20260630,63,15
218150,미래생명자원,20260630,-8219,0
016600,큐캐피탈,20260630,722,-2470
465480,인스피언,20260630,554,0
284620,카이노스메드,20260630,0,0
049800,우진플라임,20260630,1805,-26
043910,자연과환경,20260630,7441,0
024120,KB오토시스,20260630,-4292,723
186230,그린플러스,20260630,1373,-1675
083550,케이엠,20260630,-1202,0
051630,진양화학,20260630,-23752,712
393210,토마토시스템,20260630,3887,0
432430,와이랩,20260630,7646,-285
068940,셀피글로벌,20260630,0,0
348080,큐라티스,20260630,589706,400
020180,대신정보통신,20260630,-59110,100000
288620,에스프리즘,20260630,5370,29
128540,에코캡,20260630,2670,-199
093240,형지엘리트,20260630,-315978,-21108
263050,유틸렉스,20260630,0,0
057030,YBM넷,20260630,-4758,0
426150,WON 대한민국국고채액티브,20260630,0,85
089140,넥스턴앤롤코리아,20260630,54465,-1600
148930,에이치와이티씨,20260630,-10104,49290
086040,바이오톡스텍,20260630,-2890,-370
071850,캐스텍코리아,20260630,-321,0
446070,유니드비티플러스,20260630,6942,20184
052600,한네트,20260630,-9631,17
288980,모아데이타,20260630,2927,233
064520,테크엘,20260630,-79,0
049470,비트플래닛,20260630,1704,143
220180,핸디소프트,20260630,-474,0
352700,씨앤투스,20260630,-1438,-451
064480,브리지텍,20260630,7775,168
101240,씨큐브,20260630,4680,0
004365,세방우,20260630,-445,-113
006570,대림통상,20260630,-2456,-3430
103840,우양,20260630,3047,111
290090,트윔,20260630,274,11
475460,미트박스,20260630,1086,-26
452160,제이엔비,20260630,1076,0
046310,백금T&A,20260630,5032,131
013000,세우글로벌,20260630,-17447,-206
364950,에이아이코리아,20260630,2887,34
464280,티디에스팜,20260630,-4130,127
006345,대원전선우,20260630,-3804,55
021650,한국큐빅,20260630,208,0
215790,이노인스트루먼트,20260630,-87639,-272
271830,팸텍,20260630,-93606,-1535
023150,MH에탄올,20260630,-4947,-230
184230,SGA솔루션즈,20260630,13962,0
079000,와토스코리아,20260630,-7377,3242
069410,엔텔스,20260630,-2422,0
000760,이화산업,20260630,-136,19
002870,신풍,20260630,-20052,6852
027740,마니커,20260630,49340,-95
192720,파워 고배당저변동성,20260630,135,-143
351330,이삭엔지니어링,20260630,-4540,0
133750,메가엠디,20260630,-574,92
311390,네오크레마,20260630,-7528,0
089150,케이씨티,20260630,-23743,1
160550,NEW,20260630,754,0
173940,에프엔씨엔터,20260630,-1878,-5029
066360,체리부로,20260630,7601,0
068050,팬엔터테인먼트,20260630,2461,5694
105550,엣지파운드리,20260630,-35196,0
200780,비씨월드제약,20260630,283,1399
335810,프리시젼바이오,20260630,399,0
318410,비비씨,20260630,-690,-1
046390,삼화네트웍스,20260630,21759,40259
059100,아이컴포넌트,20260630,-5322,1101
035460,기산텔레콤,20260630,4053,0
148250,알엔투테크놀로지,20260630,21685,0
452300,캡스톤파트너스,20260630,-5487,0
444530,심플랫폼,20260630,-718,-310
340810,시선AI,20260630,63792,776
011330,유니켐,20260630,-10046,-7294
039290,인포뱅크,20260630,-4166,10006
215090,솔디펜스,20260630,-10560,-14859
080520,오디텍,20260630,3618,0
106240,파인테크닉스,20260630,-22676,133
005820,원림,20260630,49,6
009460,한창제지,20260630,4642,-416
087600,픽셀플러스,20260630,-273,0
025440,DH오토웨어,20260630,0,0
143210,핸즈코퍼레이션,20260630,0,0
017000,신원종합개발,20260630,-1955,1
057680,티사이언티픽,20260630,-2033,0
208860,다산디엠씨,20260630,-4782,-228
417860,오브젠,20260630,6914,28
075130,플랜티넷,20260630,30,0
332290,누보,20260630,-18868,24
002690,동일제강,20260630,3960,16747
072770,멤레이비티,20260630,-20293,76
010400,우진아이엔에스,20260630,-1604,-497
075970,동국알앤에스,20260630,-269,0
257370,피엔티엠에스,20260630,-7731,-85
476080,M83,20260630,-5163,0
434480,모니터랩,20260630,5784,0
114630,폴라리스우노,20260630,-5351,-805
258830,세종메디칼,20260630,0,0
008250,이건산업,20260630,-2117,5
123750,알톤,20260630,3225,0
095910,에스에너지,20260630,1550063,0
025750,한솔홈데코,20260630,3031,81
002420,세기상사,20260630,-3799,409
262840,아이퀘스트,20260630,-1507,0
159910,에코글로우,20260630,-869,0
033830,티비씨,20260630,0,0
026040,제이에스티나,20260630,-4246,0
036420,콘텐트리중앙,20260630,0,0
119500,포메탈,20260630,-9306,0
277410,인산가,20260630,0,0
351320,넥사다이내믹스,20260630,-8462,0
090370,메타랩스,20260630,-7542,2270
289220,자이언트스텝,20260630,-3695,0
489290,WON 미국빌리어네어,20260630,0,532
010640,진양폴리,20260630,39409,1016
022220,티케이지애강,20260630,-19991,-26810
407400,꿈비,20260630,2580,0
088340,유라클,20260630,-2006,0
246250,에스엘에스바이오,20260630,0,0
065950,웰크론,20260630,485,0
001070,대한방직,20260630,-1696,-60
012620,원일특강,20260630,35,-150
007720,소노스퀘어,20260630,0,0
198940,한주라이트메탈,20260630,20147,-152
003060,에이프로젠바이오로직스,20260630,5471,-6552
187270,신화콘텍,20260630,-2111,0
058110,멕아이씨에스,20260630,7410,0
206560,덱스터,20260630,-14838,1074
088790,진도,20260630,6912,-8500
003535,한화투자증권우,20260630,381,0
001380,SG글로벌,20260630,-862,129
199480,뱅크웨어글로벌,20260630,4701,-71
038950,파인디지털,20260630,-261,166
363250,진시스템,20260630,2470,-2
035200,프럼파스트,20260630,-704,0
365590,하이딥,20260630,-15474,1405
459550,알트,20260630,8693,1638
118000,메타케어,20260630,3399,0
159800,마이티 코스피100,20260630,-26,-62
462980,아이지넷,20260630,-6356,0
096630,에스코넥,20260630,9060,1656
021880,메이슨캐피탈,20260630,0,0
308170,씨티알모빌리티,20260630,-2292,-122
003680,한성기업,20260630,-337,-7
031510,오스템,20260630,-22520,31042
239610,에이치엘사이언스,20260630,-125,0
187220,디티앤씨,20260630,-864,8717
232830,아이티센피엔에스,20260630,581,101
097780,에코볼트,20260630,-7703,0
024070,WISCOM,20260630,-7599,-6203
475660,에스켐,20260630,-940,0
388610,지에프씨생명과학,20260630,226,20
109820,진매트릭스,20260630,-2204,136
019570,플루토스,20260630,0,0
009810,플레이그램,20260630,2213,0
013720,청보,20260630,-18475,197
043220,티에스넥스젠,20260630,0,0
336060,웨이버스,20260630,-23,2726
131090,시큐브,20260630,-1419,2000
005320,온타이드,20260630,-17800,6235
004870,티웨이홀딩스,20260630,132515,-103
197140,디지캡,20260630,-816,14371
177830,파버나인,20260630,880,0
219750,한국비티비,20260630,-495,-1
054780,키이스트,20260630,18568,-221
032790,엠젠솔루션,20260630,12123,823
031310,아이즈비전,20260630,-76830,0
224060,더코디,20260630,-7629,0
014990,인디에프,20260630,7275,-402
056730,CNT85,20260630,-157,0
462310,뉴키즈온,20260630,-1876,7694
900070,글로벌에스엠,20260630,991,-6
238490,힘스,20260630,-1702,-82
060540,에스에이티,20260630,-15187,0
355390,크라우드웍스,20260630,-11086,-3
038620,위즈코프,20260630,3800,86
457600,벡트,20260630,-1811,-320
169330,엠브레인,20260630,441,0
013810,스페코,20260630,2280,0
027040,서울전자통신,20260630,-5949,0
318010,팜스빌,20260630,444,0
130500,GH신소재,20260630,111,0
318000,KBG,20260630,4408,0
002820,SUN&L,20260630,2189,-10308
188260,세니젠,20260630,-5669,-107
045300,성우테크론,20260630,-2709,0
290560,파라택시스이더리움,20260630,17648,-1275
356890,싸이버원,20260630,13122,0
267790,배럴,20260630,-1142,-1235
019660,글로본,20260630,747,0
373170,엠아이큐브솔루션,20260630,1964,0
002025,코오롱우,20260630,-461,1
099390,브레인즈컴퍼니,20260630,784,-110
131220,대한과학,20260630,-1363,6
363260,모비데이즈,20260630,6496,112
450520,인스웨이브,20260630,627,0
464500,아이언디바이스,20260630,-2986,32
014130,한익스프레스,20260630,7560,921
073540,에프알텍,20260630,4656,641
066910,손오공,20260630,-4623,97
051380,피씨디렉트,20260630,-14044,-5429
376180,피코그램,20260630,-5304,0
047080,한빛소프트,20260630,-16219,1798
483570,KCGI 미국S&P500 TOP10,20260630,0,22
005110,한창,20260630,0,0
018680,서울제약,20260630,-38,0
030720,동원수산,20260630,1327,-6
008470,부스타,20260630,-411,498
464580,닷밀,20260630,-10864,0
225220,제놀루션,20260630,18483,1028
195500,마니커에프앤지,20260630,-3140,-125
001000,신라섬유,20260630,-21,1047
037370,EG,20260630,-3569,62
296640,이노에이엑스,20260630,-133,1000
310870,디와이씨,20260630,19813,5166
237750,피앤씨테크,20260630,3087,0
900310,컬러레이,20260630,7979,0
109960,앱토크롬,20260630,-2929,0
208710,포톤,20260630,-15484,0
053950,경남제약,20260630,-16325,-78
032860,더라미,20260630,59104,0
050760,에스폴리텍,20260630,-4866,-13866
002355,넥센타이어1우B,20260630,127,4017
397810,애드포러스,20260630,70,0
032750,삼진,20260630,-1221,1494
001810,무림SP,20260630,-3846,0
430690,한싹,20260630,-4658,987
043200,파루,20260630,416163,4320
403490,우듬지팜,20260630,49869,0
433220,에셋플러스 글로벌대장장이액티브,20260630,0,52
024890,대원화성,20260630,-2022,740
004270,남성,20260630,27,-4
016920,카스,20260630,5264,0
080530,코디,20260630,-1013,-200
290270,휴네시온,20260630,-2417,0
053060,세동,20260630,-57636,0
032800,판타지오,20260630,2961,-286
131100,티엔엔터테인먼트,20260630,-1851,111
068100,케이웨더,20260630,-329,0
333050,이노테나,20260630,-483,0
091340,S&K폴리텍,20260630,366,-114
348030,모비릭스,20260630,-6936,2533
387570,파인메딕스,20260630,2550,0
048470,대동스틸,20260630,-1415,0
254120,자비스,20260630,-39502,-259
012160,영흥,20260630,-1632,551
025890,한국주강,20260630,-8600,-14
115160,휴맥스,20260630,-1057,251
016670,디모아,20260630,-712,4
298060,풍전약품,20260630,-9750,0
069140,누리플랜,20260630,1018,0
003495,대한항공우,20260630,55,0
005360,모나미,20260630,12813,-23
398120,에스지헬스케어,20260630,-9060,0
378800,샤페론,20260630,144364,372
469750,아이비젼웍스,20260630,38966,-3724
340440,세림B&G,20260630,-10328,-152
033200,모아텍,20260630,-1926,-71
019175,신풍제약우,20260630,0,0
432980,엠에프씨,20260630,-1880,0
318020,포인트모바일,20260630,239,0
367000,플래티어,20260630,-109,0
429270,시지트로닉스,20260630,-12044,531
093380,풍강,20260630,-3083,-7219
300120,라온피플,20260630,-39913,10402
054090,삼진엘앤디,20260630,-47594,100000
079170,한창산업,20260630,-2601,1
462510,라메디텍,20260630,-264,-130
208350,지란지교시큐리티,20260630,-571,5000
050110,캠시스,20260630,-24441,0
342870,오아,20260630,-671,1188
109670,씨싸이트,20260630,-1356,41
121890,에스디시스템,20260630,-25893,0
058450,한주에이알티,20260630,-22651,-16
383930,디티앤씨알오,20260630,1798,0
060380,동양에스텍,20260630,-1417,0
222980,한국맥널티,20260630,21008,60
044780,에이치케이,20260630,8429,0
007770,한일화학,20260630,15,0
039740,한국정보공학,20260630,-4880,0
290520,신도기연,20260630,405,0
241840,에이스토리,20260630,879,0
131180,딜리,20260630,36,2
153490,우리이앤엘하루틴,20260630,-8208,0
052300,오션인더블유,20260630,-2707,5657
009310,참엔지니어링,20260630,0,0
063760,이엘피,20260630,-5450,0
067010,이씨에스,20260630,-1122,0
033050,제이엠아이,20260630,5709,-286
045510,정원엔시스,20260630,-10562,281
008775,호텔신라우,20260630,-150,6
000040,KR모터스,20260630,12370,0
065150,대산F&B,20260630,0,0
347770,핌스,20260630,3369,116
134060,이퓨쳐,20260630,4191,8993
406820,뷰티스킨,20260630,-26171,0
274400,이노시뮬레이션,20260630,4706,0
188040,바이오포트,20260630,-2255,0
252500,세화피앤씨,20260630,20554,0
115480,씨유메디칼,20260630,-5256,103
070590,인티큐브,20260630,-7353,0
091970,LSK아이로봇,20260630,7187,2016
195990,루트K,20260630,2680,0
391670,HK 베스트일레븐액티브,20260630,0,664
038870,에코심플렉스,20260630,3155,20
376980,원티드랩,20260630,-8296,1127
130740,티피씨글로벌,20260630,-12530,46328
033250,체시스,20260630,-5987,-7
210120,캔버스엔,20260630,0,0
317240,TS트릴리온,20260630,-10847,-7
036480,대성미생물,20260630,-43,0
071950,코아스,20260630,-6411,76
405920,나라셀라,20260630,1279,-120
304840,피플바이오,20260630,-13739,255
415380,스튜디오삼익,20260630,3849,0
065370,위세아이텍,20260630,-267,-67
080470,성창오토텍,20260630,6412,-2737
353190,휴럼,20260630,-1171,-815
440320,오픈놀,20260630,-10037,0
352940,인바이오,20260630,-3506,34
138070,신진에스엠,20260630,12241,0
076080,웰크론한텍,20260630,29643,0
146060,율촌,20260630,20757,208
006200,한국전자홀딩스,20260630,882,-1850
032080,아즈텍WB,20260630,666,80
001420,태원물산,20260630,17848,2712
006740,블루산업개발,20260630,-4946,2195
078590,휴림에이텍,20260630,-710,0
080720,한국유니온제약,20260630,0,0
351870,차이커뮤니케이션,20260630,2838,0
049120,파인디앤씨,20260630,-1670,0
053290,NE능률,20260630,-2254,243
372800,아이티아이즈,20260630,36264,-124558
096690,에이루트,20260630,4482,0
024940,PN풍년,20260630,-6546,1
223310,사토시홀딩스,20260630,-1130,0
054940,엑사이엔씨,20260630,-71040,90
200350,아티스트스튜디오,20260630,-19754,0
438700,버넥트,20260630,32932,-418
060260,뉴보텍,20260630,-157287,17022
455180,케이지에이,20260630,-4135,0
067730,로지시스,20260630,-2323,0
101400,엔시트론,20260630,-20865,54
317120,라닉스,20260630,-21073,0
090150,아이윈,20260630,-11343,-388
139670,키네마스터,20260630,5994,0
362990,드림인사이트,20260630,20251,0
088290,이원컴포텍,20260630,20251,0
017250,인터엠,20260630,6815,-125
353590,오토앤,20260630,-1805,0
023770,플레이위드,20260630,-874,0
238200,비피도,20260630,-1629,0
303530,이노뎁,20260630,-773,0
014100,메디앙스,20260630,-4302,0
012170,아센디오,20260630,2380,309
085810,알티캐스트,20260630,-1250,4004
020400,대동금속,20260630,-14081,46945
373110,엑셀세라퓨틱스,20260630,-3469,-85
359090,씨엔알리서치,20260630,-8715,247
065650,하이퍼코퍼레이션,20260630,979,0
032280,삼일,20260630,3885,0
001685,대상우,20260630,-538,0
043360,디지아이,20260630,-967,1368
322780,코퍼스코리아,20260630,-3,0
038530,케이바이오랩스,20260630,30671,6279
015020,이스타코,20260630,0,0
424760,벨로크,20260630,8535,0
154030,아시아종묘,20260630,2700,0
354200,엔젠바이오,20260630,0,0
419540,비스토스,20260630,-5758,20846
488290,MIDAS 일본테크액티브,20260630,-148,-203
016100,리더스코스메틱,20260630,21541,2659
140430,카티스,20260630,-14,-58
021040,대호특수강,20260630,-1064,-219
115570,스타플렉스,20260630,2509,485
045520,크린앤사이언스,20260630,28009,160
103230,에스앤더블류,20260630,-2590,0
096870,엘디티,20260630,17504,-93
098660,에스티오,20260630,122,20000
038880,아이에이,20260630,-4948,-28
200230,텔콘RF제약,20260630,-18385,-52
477490,에셋플러스 글로벌일등기업포커스10액티브,20260630,0,-98
073570,리튬포어스,20260630,-8641,-117
275630,에스에스알,20260630,547,2000
474920,에셋플러스 차이나일등기업포커스10액티브,20260630,0,1095
214610,롤링스톤,20260630,0,0
069640,한세엠케이,20260630,4337,-29
054410,케이피티유,20260630,1299,0
331520,밸로프,20260630,1787,0
051780,큐로홀딩스,20260630,-1093,-719
002360,SH에너지화학,20260630,6498,2795
431190,케이쓰리아이,20260630,-1372,29
192390,윈하이텍,20260630,3409,5956
039310,세중,20260630,-7765,187
377330,이지트로닉스,20260630,-478,1
031860,디에이치엑스컴퍼니,20260630,0,0
258790,소프트캠프,20260630,-2849,0
137940,넥스트아이,20260630,6152,0
054220,비츠로시스,20260630,26712,3165
413930,WON AI ESG액티브,20260630,-235,285
227610,아우딘퓨쳐스,20260630,579,2459
335870,윙스풋,20260630,17004,0
083640,인콘,20260630,-21939,38537
034940,조아제약,20260630,336052,-140
060900,에이전트AI,20260630,1649,0
301300,바이브컴퍼니,20260630,15459,110
065060,지엔코,20260630,-1660,0
900300,오가닉티코스메틱,20260630,12734,-583
083470,이엠앤아이,20260630,-3388,0
291230,엔피,20260630,-8491,-912
377220,프롬바이오,20260630,-16813,355
067770,세진티에스,20260630,786,278
008600,윌비스,20260630,0,0
009440,KC그린홀딩스,20260630,0,0
193250,링크드,20260630,1423,601
328380,솔트웨어,20260630,-1882,6385
101680,한국정밀기계,20260630,-16223,0
306040,에스제이그룹,20260630,-15891,1
154040,다산솔루에타,20260630,-2110,-265
006050,국영지앤엠,20260630,-22422,0
037400,우리엔터프라이즈,20260630,-39878,-26659
236810,엔비티,20260630,12439,0
032680,소프트센,20260630,86633,5435
279600,미디어젠,20260630,-425,0
142760,모아라이프플러스,20260630,-14177,444
361670,삼영에스앤씨,20260630,-1308,-68
239340,이스트에이드,20260630,-5768,357
078860,아이오케이이엔엠,20260630,-1682,0
048830,엔피케이,20260630,4483,-246
027580,상보,20260630,-10027,0
482680,미래에셋비전스팩7호,20260630,0,0
108675,LX하우시스우,20260630,310,12
365900,브이씨,20260630,739,-82
241820,피씨엘,20260630,0,0
084440,유비온,20260630,-1058,198
477380,미래에셋비전스팩4호,20260630,92,27500
225590,패션플랫폼,20260630,1460,0
344860,이노진,20260630,-15530,0
069330,유아이디,20260630,1269,0
491510,파워 K-주주가치액티브,20260630,0,9
418620,E8,20260630,-260278,5554
110020,전진바이오팜,20260630,-2811,0
357430,마스턴프리미어리츠,20260630,5321,1861
900270,헝셩그룹,20260630,48718,0
900340,윙입푸드,20260630,9756,348
291810,핀텔,20260630,-105804,-5881
018620,우진비앤지,20260630,437,0
215480,토박스코리아,20260630,429,-523
015260,에이엔피,20260630,200147,-217
226340,본느,20260630,31718,20601
065770,CS,20260630,14942,0
368600,아이씨에이치,20260630,-32705,0
065690,파커스,20260630,2964,0
115610,이미지스,20260630,58094,5838
060480,국일신동,20260630,-2604,0
240600,유진테크놀로지,20260630,-10450,3587
005725,넥센우,20260630,0,0
377030,비트맥스,20260630,-21208,0
028080,휴맥스홀딩스,20260630,452,0
131760,파인텍,20260630,-19391,1070
285800,진영,20260630,15826,-2000
469880,하나30호스팩,20260630,0,1
005257,녹십자홀딩스2우,20260630,0,0
477340,에이치엠씨제7호스팩,20260630,0,1
002070,비비안,20260630,-3561,-114
113810,디젠스,20260630,-10346,99
030350,드래곤플라이,20260630,0,0
472720,TRUSTON 주주가치액티브,20260630,1,203
496130,TRUSTON 코리아밸류업액티브,20260630,0,27
101000,KS인더스트리,20260630,88587,477
148780,비큐AI,20260630,9938,0
196700,웹스,20260630,3531,0
023790,동일스틸럭스,20260630,-9008,1604
465770,STX그린로지스,20260630,-6801,1
900110,딥커머스,20260630,5345,2
309930,조이웍스앤코,20260630,18401,311
473050,유안타제15호스팩,20260630,474,-18959
115530,씨엔플러스,20260630,-696,0
417180,핑거스토리,20260630,131,0
123840,뉴온,20260630,1171,99
478440,미래에셋비전스팩6호,20260630,-7,1
191410,육일씨엔에쓰,20260630,43419,-191
000087,하이트진로2우B,20260630,50,-6
479880,한국제15호스팩,20260630,-374,13
083660,CSA 코스믹,20260630,-174,0
405000,플라즈맵,20260630,-1188,49
303030,지니틱스,20260630,17353,-261
019685,대교우B,20260630,-114,0
352770,셀레스트라,20260630,0,0
289010,아이스크림에듀,20260630,606,0
489480,키움제11호스팩,20260630,0,30000
244460,올리패스,20260630,0,0
247660,나노씨엠에스,20260630,-2129,0
001795,대한제당우,20260630,-12753,847
035620,바른손이앤에이,20260630,-5795,-13909
060230,제이케이시냅스,20260630,0,0
481890,엔에이치스팩31호,20260630,-150,-12564
389680,유디엠텍,20260630,-5554,2991
177350,베셀,20260630,-5519,70332
009730,이렘,20260630,0,0
489730,디비금융제13호스팩,20260630,6,-8151
407820,에셋플러스 코리아플랫폼액티브,20260630,0,445
065420,에스아이리소스,20260630,0,0
471050,대신밸런스제17호스팩,20260630,-204,15620
478390,KB제29호스팩,20260630,0,-10000
054180,메디콕스,20260630,0,0
145995,삼양사우,20260630,0,0
018700,졸스,20260630,7615,184
079950,인베니아,20260630,123,106
011090,에넥스,20260630,2366,-41
044380,주연테크,20260630,4889,5212
492220,KB제31호스팩,20260630,0,10007
451150,에셋플러스 글로벌영에이지액티브,20260630,0,-130
308100,형지글로벌,20260630,37476,16025
482520,교보16호스팩,20260630,-498,-20000
065570,삼영이엔씨,20260630,0,0
250930,예선테크,20260630,0,0
368970,오에스피,20260630,25,414
092600,앤씨앤,20260630,1886,27
002680,한탑,20260630,0,0
043590,웰킵스하이텍,20260630,-9467,5947
477760,DB금융스팩12호,20260630,-157,12183
900100,파이온엑스,20260630,-1585,277
009620,삼보산업,20260630,-15173,0
002995,금호건설우,20260630,-1465,81
469900,하나31호스팩,20260630,0,0
482690,대신밸런스제19호스팩,20260630,-1818,-14995
060240,스타코링크,20260630,0,0
477470,미래에셋비전스팩5호,20260630,-45,-1407
042040,케이피엠테크,20260630,-3076,-2327
199730,바이오인프라,20260630,2800,0
474660,신한제12호스팩,20260630,0,30000
487360,신한제14호스팩,20260630,0,0
474490,유안타제16호스팩,20260630,0,-8550
496070,신한제16호스팩,20260630,1,25000
208640,썸에이지,20260630,-11132,292
001755,한양증권우,20260630,8,0
079190,케스피온,20260630,0,0
084695,대상홀딩스우,20260630,0,0
433250,UNICORN R&D 액티브,20260630,0,-2
486630,KB제30호스팩,20260630,-142,-2434
493790,유안타제17호스팩,20260630,0,0
004255,NPC우,20260630,-994,-629
035290,골드앤에스,20260630,-698,1
489210,교보17호스팩,20260630,594,-5000
043100,알파AI,20260630,0,0
312610,에이에프더블류,20260630,-3656,12
478110,이베스트스팩6호,20260630,-78,30000
003075,코오롱글로벌우,20260630,12,0
466690,키움히어로제1호스팩,20260630,-287,28000
498390,한화플러스제5호스팩,20260630,-5,0
004105,태양금속우,20260630,-2343,0
472220,신영스팩10호,20260630,229,0
012340,뉴인텍,20260630,-1390,27077
488060,유진스팩11호,20260630,0,-3
011080,형지I&C,20260630,-28706,-34
145210,다이나믹디자인,20260630,0,0
106080,케이이엠텍,20260630,0,0
480460,WON 한국부동산TOP3플러스,20260630,0,466
050090,비케이홀딩스,20260630,-4795,0
484130,하나34호스팩,20260630,14,25887
001067,JW중외제약2우B,20260630,0,0
462340,에셋플러스 글로벌다이나믹시니어액티브,20260630,0,-3
469480,IBKS제24호스팩,20260630,0,0
473950,에스케이증권제13호스팩,20260630,-2,10000
012205,계양전기우,20260630,172,0
001770,SHD,20260630,2911,-2
467930,IBKS제23호스팩,20260630,-6714,4
465320,교보15호스팩,20260630,0,0
487830,신한제15호스팩,20260630,146,22925
001515,SK증권우,20260630,0,0
468760,유진스팩10호,20260630,0,-19999
472230,에스케이증권제11호스팩,20260630,0,0
487720,키움제10호스팩,20260630,-485,-2777
073190,듀오백,20260630,2686,0
225430,케이엠제약,20260630,7687,-22
000225,유유제약1우,20260630,-288,0
215620,HK S&P코리아로우볼,20260630,0,0
900120,씨엑스아이,20260630,11392,-1
438740,MIDAS 중소형액티브,20260630,0,24
004985,성신양회우,20260630,661,0
001065,JW중외제약우,20260630,0,0
004835,덕성우,20260630,-466,0
000325,노루홀딩스우,20260630,-3,0
470310,UNICORN 생성형AI강소기업액티브,20260630,0,-234
009415,태영건설우,20260630,0,0
090355,노루페인트우,20260630,-1,0
000145,하이트진로홀딩스우,20260630,0,0
000545,흥국화재우,20260630,0,0
005965,동부건설우,20260630,11,10
014825,동원시스템즈우,20260630,0,4
476000,UNICORN 포스트IPO액티브,20260630,0,5
014285,금강공업우,20260630,7,0
007575,일양약품우,20260630,0,0
005745,크라운해태홀딩스우,20260630,4,0
000227,유유제약2우B,20260630,0,0
014915,성문전자우,20260630,0,0
004545,깨끗한나라우,20260630,-40,2
084180,수성웹툰,20260630,50442,0
00104K,CJ4우(전환),20260630,-2089,1004
121850,코이즈,20260630,-1275,0
00088K,한화3우B,20260630,883,-537
069920,엑시온그룹,20260630,5008,0
464680,Npay 증권,20260608,-2358,39867
464680,Npay 증권,20260605,-28,-283292
464680,Npay 증권,20260604,25,35612
464680,Npay 증권,20260602,3,-187297
464680,Npay 증권,20260601,-909,-3000
462020,Npay 증권,20260518,-1500,0
462020,Npay 증권,20260515,0,-35291
462020,Npay 증권,20260514,0,24735
462020,Npay 증권,20260513,-3,51704
462020,Npay 증권,20260512,-1000,9382
452980,Npay 증권,20260506,0,41264
452980,Npay 증권,20260504,0,300
452980,Npay 증권,20260430,0,0
452980,Npay 증권,20260429,0,-55274
452980,Npay 증권,20260428,0,57163
138490,Npay 증권,20260415,0,0
138490,Npay 증권,20260414,0,0
138490,Npay 증권,20260413,0,0
138490,Npay 증권,20260410,0,0
138490,Npay 증권,20260409,0,0
