티커,종목명,PER,EPS,PBR,외국인보유율,날짜
005930,삼성전자,11.53,22292.0,2.99,46.76,20260824
000660,SK하이닉스,7.45,224313.0,4.51,50.93,20260824
005935,삼성전자우,8.49,22292.0,2.2,76.42,20260824
402340,SK스퀘어,4.33,248219.0,2.59,46.3,20260824
009150,삼성전기,101.51,12984.0,9.73,37.39,20260824
373220,LG에너지솔루션,-,-7193.0,3.79,5.52,20260824
005380,현대차,13.49,30697.0,0.89,24.93,20260824
207940,삼성바이오로직스,43.45,36202.0,8.7,13.22,20260824
028260,삼성물산,22.06,16520.0,0.57,31.0,20260824
105560,KB금융,10.31,15817.0,0.98,79.25,20260824
032830,삼성생명,19.89,14356.0,0.63,23.21,20260824
012450,한화에어로스페이스,27.56,40099.0,4.74,45.54,20260824
000270,기아,7.4,17772.0,0.83,39.35,20260824
055550,신한지주,9.85,10486.0,0.83,62.2,20260824
329180,HD현대중공업,17.77,25631.0,4.53,13.89,20260824
034020,두산에너빌리티,553.03,132.0,5.82,23.8,20260824
012330,현대모비스,12.5,39873.0,0.85,37.62,20260824
068270,셀트리온,29.54,6568.0,2.53,25.56,20260824
006400,삼성SDI,1124.45,458.0,1.79,26.23,20260824
034730,SK,25.11,21863.0,1.02,29.92,20260824
086790,하나금융지주,8.87,14513.0,0.76,68.23,20260824
035420,NAVER,17.35,12885.0,1.13,36.26,20260824
066570,LG전자,34.59,5777.0,1.34,29.48,20260824
010120,LS ELECTRIC,74.19,2592.0,13.83,18.25,20260824
000810,삼성화재,15.31,41543.0,1.12,58.06,20260824
010130,고려아연,27.63,48642.0,2.42,27.66,20260824
298040,효성중공업,44.5,62744.0,10.05,27.33,20260824
267260,HD현대일렉트릭,30.51,23602.0,11.49,34.53,20260824
005490,POSCO홀딩스,19.57,16737.0,0.43,32.49,20260824
042660,한화오션,12.32,6770.0,3.4,10.33,20260824
009540,HD한국조선해양,7.26,48724.0,1.69,33.26,20260824
316140,우리금융지주,7.58,4216.0,0.61,46.09,20260824
096770,SK이노베이션,-,-13182.0,0.93,15.24,20260824
017670,SK텔레콤,29.4,3480.0,1.41,34.64,20260824
011200,HMM,15.36,1488.0,0.75,8.61,20260824
042700,한미반도체,89.7,2330.0,26.54,7.98,20260824
015760,한국전력,2.37,13311.0,0.4,21.13,20260824
006800,미래에셋증권,10.9,3187.0,1.44,10.79,20260824
138040,메리츠금융지주,8.65,13340.0,1.78,14.34,20260824
051910,LG화학,-,-20768.0,0.61,37.48,20260824
033780,KT&G,19.3,8973.0,1.94,50.96,20260824
010140,삼성중공업,31.85,631.0,3.8,28.87,20260824
018260,삼성에스디에스,27.19,8386.0,1.71,18.6,20260824
000150,두산,253.15,4286.0,8.79,20.6,20260824
003550,LG,23.58,4813.0,0.58,37.28,20260824
267250,HD현대,17.4,12187.0,1.37,26.85,20260824
024110,기업은행,6.08,3325.0,0.44,13.57,20260824
035720,카카오,32.22,1111.0,1.37,28.97,20260824
010950,S-Oil,10.8,13069.0,1.63,79.17,20260824
079550,LIG디펜스앤에어로스페이스,50.73,14133.0,10.38,27.13,20260824
278470,에이피알,53.15,7704.0,30.26,37.95,20260824
003670,포스코퓨처엠,337.75,506.0,3.62,9.79,20260824
064350,현대로템,18.14,7400.0,4.3,39.49,20260824
086280,현대글로비스,9.67,20548.0,1.37,46.48,20260824
011070,LG이노텍,20.34,28019.0,2.12,27.08,20260824
272210,한화시스템,71.24,984.0,2.92,10.47,20260824
030200,KT,7.64,6869.0,0.7,49.0,20260824
047810,한국항공우주,71.85,1819.0,6.71,23.62,20260824
307950,현대오토에버,65.76,6957.0,6.63,2.18,20260824
005830,DB손해보험,7.96,22663.0,0.95,44.46,20260824
000720,현대건설,26.45,3992.0,1.3,26.7,20260824
078930,GS,4.64,24679.0,0.66,18.73,20260824
003230,삼양식품,21.69,64729.0,6.91,17.85,20260824
259960,크래프톤,12.66,17700.0,1.34,43.39,20260824
323410,카카오뱅크,19.44,1111.0,1.55,17.67,20260824
071050,한국금융지주,4.56,40219.0,0.84,36.74,20260824
005940,NH투자증권,7.28,3565.0,0.98,13.45,20260824
003490,대한항공,-,-693.0,0.88,22.58,20260824
047050,포스코인터내셔널,11.38,4709.0,1.31,7.91,20260824
443060,HD현대마린솔루션,27.68,7459.0,10.38,30.36,20260824
006260,LS,21.3,13543.0,1.49,16.53,20260824
028050,삼성E&A,14.22,3150.0,1.83,38.71,20260824
161390,한국타이어앤테크놀로지,6.82,9792.0,0.61,39.57,20260824
090430,아모레퍼시픽,40.99,3413.0,1.76,26.32,20260824
180640,한진칼,52.76,2303.0,2.39,18.88,20260824
016360,삼성증권,6.39,13546.0,0.95,25.95,20260824
352820,하이브,-,-10817.0,2.24,18.72,20260824
007660,이수페타시스,42.41,2372.0,9.27,16.34,20260824
009830,한화솔루션,-,-881.0,0.63,12.62,20260824
039490,키움증권,5.38,49724.0,1.01,29.21,20260824
064400,LG씨엔에스,14.55,4969.0,2.3,5.18,20260824
128940,한미약품,40.8,13235.0,5.27,13.94,20260824
021240,코웨이,10.2,9563.0,1.79,54.48,20260824
005387,현대차2우B,6.36,30697.0,0.42,55.02,20260824
326030,SK바이오팜,16.88,5120.0,6.62,12.48,20260824
000100,유한양행,28.8,2927.0,2.64,20.35,20260824
047040,대우건설,-,-1362.0,1.71,11.56,20260824
032640,LG유플러스,11.93,1246.0,0.7,41.61,20260824
267270,HD건설기계,9.82,12944.0,1.24,16.64,20260824
377300,카카오페이,69.03,649.0,3.14,28.62,20260824
000880,한화,9.74,8601.0,0.55,21.07,20260824
241560,두산밥캣,11.55,5197.0,0.73,39.08,20260824
029780,삼성카드,8.68,5332.0,0.56,5.3,20260824
001440,대한전선,101.91,262.0,3.13,11.98,20260824
353200,대덕전자,35.43,2952.0,5.52,14.67,20260824
175330,JB금융지주,7.3,3731.0,0.86,34.44,20260824
271560,오리온,12.1,10602.0,1.25,38.89,20260824
062040,산일전기,33.76,4891.0,8.48,17.45,20260824
010060,OCI홀딩스,134.77,1996.0,1.22,14.89,20260824
066970,엘앤에프,-,-8250.0,6.18,19.32,20260824
036570,NC,14.1,16023.0,1.24,38.14,20260824
034220,LG디스플레이,-,-2704.0,0.76,29.29,20260824
051900,LG생활건강,-,-6520.0,0.95,31.57,20260824
000500,가온전선,72.95,2159.0,8.84,1.48,20260824
088980,맥쿼리인프라,-,-,-,8.76,20260824
005385,현대차우,6.38,30697.0,0.42,56.46,20260824
088350,한화생명,6.15,852.0,0.26,9.04,20260824
454910,두산로보틱스,-,-856.0,13.25,5.39,20260824
001450,현대해상,4.3,11772.0,0.71,38.75,20260824
011790,SKC,-,-20562.0,1.95,11.69,20260824
002380,KCC,2.35,192585.0,0.41,20.35,20260824
008930,한미사이언스,25.6,2207.0,3.83,0.54,20260824
000990,DB하이텍,11.04,7886.0,1.61,29.37,20260824
004170,신세계,22.74,17615.0,0.65,29.29,20260824
082740,한화엔진,18.08,2483.0,6.14,15.57,20260824
004020,현대제철,-,-136.0,0.19,16.44,20260824
001040,CJ,96.58,1317.0,0.8,17.94,20260824
018880,한온시스템,-,-6.0,0.88,6.96,20260824
085620,미래에셋생명,32.18,811.0,1.18,0.69,20260824
052690,한전기술,95.96,941.0,5.8,15.09,20260824
161890,한국콜마,27.04,5299.0,3.61,40.39,20260824
028670,팬오션,9.98,633.0,0.53,17.89,20260824
111770,영원무역,6.83,11109.0,0.75,29.38,20260824
036460,한국가스공사,5.93,6152.0,0.27,12.73,20260824
192820,코스맥스,17.62,16236.0,5.02,36.83,20260824
103590,일진전기,22.41,2949.0,4.82,10.78,20260824
251270,넷마블,9.02,4204.0,0.54,27.43,20260824
022100,포스코DX,98.1,210.0,5.55,3.6,20260824
009420,한올바이오파마,-,-477.0,18.71,3.55,20260824
035250,강원랜드,9.74,1487.0,0.76,9.22,20260824
011780,금호석유화학,6.87,17465.0,0.45,28.38,20260824
012750,에스원,16.88,4699.0,1.6,55.83,20260824
302440,SK바이오사이언스,-,-1080.0,1.71,5.95,20260824
031210,서울보증보험,9.74,4390.0,0.6,7.01,20260824
483650,달바글로벌,26.42,8801.0,11.46,40.84,20260824
006360,GS건설,22.23,1525.0,0.59,19.65,20260824
017800,현대엘리베이터,10.97,6703.0,2.79,22.12,20260824
097950,CJ제일제당,-,-41473.0,0.41,12.93,20260824
007340,DN오토모티브,7.21,6628.0,1.04,6.12,20260824
004370,농심,14.07,32367.0,0.88,25.09,20260824
023530,롯데쇼핑,15.03,6401.0,0.18,15.48,20260824
139130,iM금융지주,6.27,2727.0,0.44,45.45,20260824
450080,에코프로머티,39.36,949.0,2.44,14.31,20260824
375500,DL이앤씨,7.95,8625.0,0.53,25.8,20260824
026960,동서,18.12,1449.0,1.51,3.67,20260824
004800,효성,5.62,27590.0,0.96,21.47,20260824
336260,두산퓨얼셀,-,-2308.0,10.69,16.87,20260824
001720,신영증권,14.1,11002.0,0.6,6.26,20260824
003690,코리안리,6.34,2267.0,0.67,26.51,20260824
489790,한화비전,21.33,2358.0,2.67,23.24,20260824
282330,BGF리테일,11.72,12452.0,1.91,39.67,20260824
005850,에스엘,6.52,8208.0,0.95,16.06,20260824
383220,F&F,6.1,10404.0,1.2,12.98,20260824
204320,HL만도,14.19,3600.0,0.82,18.26,20260824
011170,롯데케미칼,-,-42003.0,0.18,21.39,20260824
103140,풍산,15.65,5251.0,0.96,13.79,20260824
004990,롯데지주,-,-5026.0,0.27,9.97,20260824
181710,NHN,32.96,2124.0,1.43,11.93,20260824
000240,한국앤컴퍼니,5.74,4167.0,0.44,9.1,20260824
007070,GS리테일,17.41,1551.0,0.67,13.76,20260824
279570,케이뱅크,16.18,343.0,0.93,1.7,20260824
081660,미스토홀딩스,8.7,4864.0,1.03,40.4,20260824
009970,영원무역홀딩스,5.36,32086.0,0.64,23.3,20260824
014680,한솔케미칼,15.01,13662.0,2.01,42.8,20260824
030000,제일기획,9.99,1913.0,1.2,18.56,20260824
018670,SK가스,7.02,33341.0,0.56,5.93,20260824
005440,현대지에프홀딩스,5.17,2259.0,0.34,9.97,20260824
073240,금호타이어,4.33,1659.0,0.85,10.79,20260824
002790,아모레퍼시픽홀딩스,20.2,1312.0,0.68,14.42,20260824
069960,현대백화점,9.08,10322.0,0.43,28.44,20260824
139480,이마트,14.75,4921.0,0.17,24.02,20260824
112610,씨에스윈드,457.77,103.0,1.53,17.2,20260824
051600,한전KPS,15.3,2885.0,1.48,8.51,20260824
457190,이수스페셜티케미컬,293.15,219.0,14.01,5.78,20260824
462870,시프트업,10.26,3100.0,1.86,36.96,20260824
439260,대한조선,6.14,7925.0,1.55,1.91,20260824
475150,SK이터닉스,241.82,220.0,6.74,2.87,20260824
395400,SK리츠,-,-,-,8.22,20260824
071970,HD현대마린엔진,8.73,5740.0,3.26,13.02,20260824
020150,롯데에너지머티리얼즈,-,-1556.0,0.98,8.62,20260824
006040,동원산업,3.9,9808.0,0.44,4.49,20260824
000120,CJ대한통운,7.56,9773.0,0.35,15.88,20260824
089860,롯데렌탈,13.0,3553.0,1.08,6.4,20260824
008770,호텔신라,-,-3458.0,1.41,21.47,20260824
023590,다우기술,3.39,11260.0,0.45,27.51,20260824
011210,현대위아,46.89,1288.0,0.44,19.88,20260824
000155,두산우,93.33,4286.0,3.24,9.72,20260824
006280,녹십자,-,-1189.0,1.21,23.91,20260824
001800,오리온홀딩스,11.44,2243.0,0.61,10.07,20260824
097230,HJ중공업,10.59,1588.0,2.02,5.59,20260824
120110,코오롱인더,11.44,4397.0,0.38,18.45,20260824
001430,세아베스틸지주,20.87,2003.0,0.77,7.28,20260824
001120,LX인터내셔널,12.35,3088.0,0.46,26.41,20260824
020560,아시아나항공,-,-5754.0,10.98,3.46,20260824
069620,대웅제약,7.39,16871.0,1.35,15.13,20260824
294870,IPARK현대산업개발,9.12,2400.0,0.43,17.46,20260824
322000,HD현대에너지솔루션,16.57,7532.0,2.96,6.55,20260824
298020,효성티앤씨,12.21,26006.0,0.78,21.06,20260824
001740,SK네트웍스,12.33,550.0,0.62,18.04,20260824
009155,삼성전기우,35.58,12984.0,3.41,26.56,20260824
007310,오뚜기,18.28,18216.0,0.54,11.2,20260824
005070,코스모신소재,-,-216.0,2.45,6.88,20260824
007810,코리아써키트,17.88,3092.0,3.1,5.21,20260824
229640,LS에코에너지,29.65,1447.0,5.23,6.68,20260824
093370,후성,35.94,340.0,3.59,10.45,20260824
082640,동양생명,12.89,640.0,0.7,46.84,20260824
281820,케이씨텍,15.26,4260.0,2.23,12.18,20260824
012630,HDC,4.22,5038.0,0.35,24.1,20260824
361610,SK아이이테크놀로지,-,-19576.0,0.97,4.13,20260824
192080,더블유게임즈,6.99,8407.0,0.85,21.05,20260824
415640,KB발해인프라,-,-,-,1.29,20260824
003540,대신증권,9.22,2816.0,0.46,9.84,20260824
000815,삼성화재우,9.75,41543.0,0.71,34.04,20260824
280360,롯데웰푸드,14.12,9215.0,0.51,14.5,20260824
300720,한일시멘트,11.49,1411.0,0.64,4.31,20260824
066575,LG전자우,11.93,5777.0,0.46,42.97,20260824
004000,롯데정밀화학,5.85,7792.0,0.46,23.63,20260824
017960,한국카본,11.5,1978.0,1.75,13.26,20260824
030610,교보증권,7.14,1401.0,0.52,1.06,20260824
330590,롯데리츠,-,-,-,7.39,20260824
000080,하이트진로,23.45,661.0,0.94,7.39,20260824
003530,한화투자증권,12.66,383.0,0.52,6.4,20260824
032350,롯데관광개발,19.61,662.0,2.75,21.04,20260824
006340,대원전선,81.01,159.0,7.13,2.7,20260824
192400,쿠쿠홀딩스,5.71,4922.0,0.64,10.95,20260824
003240,태광산업,29.14,30640.0,0.19,3.34,20260824
451800,한화리츠,-,-,-,0.86,20260824
003570,SNT다이내믹스,20.2,1478.0,0.8,14.02,20260824
003090,대웅,5.53,3086.0,0.58,5.07,20260824
000210,DL,7.53,6229.0,0.26,21.68,20260824
001820,삼화콘덴서,50.22,1840.0,3.44,3.99,20260824
185750,종근당,12.14,5691.0,0.89,16.15,20260824
051915,LG화학우,-,-20768.0,0.28,46.36,20260824
077970,STX엔진,13.91,1682.0,2.45,4.69,20260824
009450,경동나비엔,5.88,10869.0,1.04,8.21,20260824
030190,NICE평가정보,10.72,1463.0,1.9,32.64,20260824
009240,한샘,77.22,507.0,1.6,13.21,20260824
005300,롯데칠성,15.07,6503.0,0.63,16.44,20260824
195870,해성디에스,16.72,3152.0,1.55,20.25,20260824
006120,SK디스커버리,5.5,9280.0,0.26,13.91,20260824
006110,삼아알미늄,-,-1515.0,4.01,39.78,20260824
005090,SGC에너지,-,-3306.0,1.27,3.53,20260824
003470,유안타증권,6.26,727.0,0.49,68.75,20260824
034230,파라다이스,11.68,808.0,0.47,7.9,20260824
079160,CJ CGV,-,-500.0,2.22,5.67,20260824
071055,한국금융지주우,3.67,40219.0,0.68,21.18,20260824
285130,SK케미칼,131.4,379.0,0.39,11.33,20260824
071320,지역난방공사,2.39,30546.0,0.34,3.13,20260824
000370,한화손해보험,4.08,1747.0,0.38,13.38,20260824
005180,빙그레,9.57,9194.0,0.99,21.17,20260824
100090,SK오션플랜트,16.62,782.0,0.97,5.3,20260824
004490,세방전지,5.58,10225.0,0.47,24.37,20260824
137310,에스디바이오센서,-,-3868.0,0.33,6.16,20260824
499790,GS피앤엘,23.96,1630.0,0.89,10.97,20260824
003850,보령,7.32,1229.0,0.87,5.93,20260824
214320,이노션,5.91,3196.0,0.66,20.13,20260824
365550,ESR켄달스퀘어리츠,-,-,-,39.42,20260824
298050,HS효성첨단소재,-,-4830.0,0.88,8.68,20260824
036530,SNT홀딩스,7.44,6104.0,0.48,12.34,20260824
000670,영풍,7.07,5576.0,0.18,16.05,20260824
456040,OCI,83.02,966.0,0.6,11.25,20260824
064960,SNT모티브,8.47,3122.0,0.61,12.89,20260824
093050,LF,6.95,3382.0,0.38,13.48,20260824
005880,대한해운,3.86,549.0,0.29,12.83,20260824
317450,명인제약,7.14,6431.0,0.82,1.03,20260824
094800,맵스리얼티,-,-,-,2.74,20260824
005690,파미셀,14.34,775.0,4.65,8.18,20260824
268280,미원에스씨,7.59,17499.0,1.3,0.58,20260824
002960,한국쉘석유,12.86,39410.0,5.98,58.41,20260824
069260,TKG휴켐스,10.13,1577.0,0.65,8.09,20260824
033240,자화전자,5.78,5167.0,1.2,12.8,20260824
293940,신한알파리츠,-,-,-,11.39,20260824
001060,JW중외제약,6.79,4067.0,1.75,7.85,20260824
003160,디아이,22.07,1031.0,2.94,15.43,20260824
002350,넥센타이어,4.41,1480.0,0.31,11.03,20260824
001570,금양,-,-983.0,1.41,5.08,20260824
017940,E1,5.63,16440.0,0.26,6.88,20260824
001680,대상,-,-8325.0,0.6,16.52,20260824
014820,동원시스템즈,9.94,2163.0,0.69,13.87,20260824
383800,LX홀딩스,4.67,1744.0,0.31,13.14,20260824
453340,현대그린푸드,5.98,3198.0,0.82,15.94,20260824
000640,동아쏘시오홀딩스,7.28,12662.0,0.53,16.6,20260824
248070,솔루엠,65.23,199.0,1.24,19.44,20260824
006380,카프로,-,-130.0,9.27,0.08,20260824
001510,SK증권,12.9,207.0,0.9,0.53,20260824
000400,롯데손해보험,30.2,65.0,0.86,0.66,20260824
108320,LX세미콘,10.24,3570.0,0.53,29.64,20260824
002840,미원상사,11.85,11119.0,1.38,2.89,20260824
075580,세진중공업,8.97,1127.0,2.34,2.45,20260824
114090,GKL,12.11,762.0,1.26,12.13,20260824
001270,부국증권,18.21,3004.0,0.59,1.09,20260824
058650,세아홀딩스,5.27,25184.0,0.24,1.34,20260824
003300,한일홀딩스,10.27,1771.0,0.33,3.82,20260824
025540,한국단자,5.34,10383.0,0.47,28.63,20260824
002990,금호건설,7.16,2074.0,1.92,0.0,20260824
019170,신풍제약,-,-15.0,2.04,5.79,20260824
100840,SNT에너지,5.01,5307.0,1.31,2.99,20260824
007700,F&F홀딩스,3.34,4209.0,0.23,0.44,20260824
178920,PI첨단소재,13.41,1391.0,1.47,14.65,20260824
005810,풍산홀딩스,5.25,7211.0,0.44,11.97,20260824
090460,비에이치,6.67,2424.0,0.66,10.83,20260824
016380,KG스틸,2.93,1856.0,0.25,6.14,20260824
003620,KG모빌리티,5.79,462.0,0.35,18.13,20260824
006650,대한유화,7.31,11337.0,0.27,14.03,20260824
001530,DI동일,82.08,307.0,0.99,4.42,20260824
336370,솔루스첨단소재,16.71,441.0,0.94,2.77,20260824
284740,쿠쿠홈시스,3.72,6138.0,0.45,9.47,20260824
377740,바이오노트,-,-1232.0,0.32,0.63,20260824
039130,하나투어,12.65,2538.0,3.3,11.46,20260824
448730,삼성FN리츠,-,-,-,0.37,20260824
003545,대신증권우,7.12,2816.0,0.35,12.91,20260824
010780,아이에스동서,5.92,2715.0,0.34,6.94,20260824
005250,녹십자홀딩스,-,-1812.0,0.54,8.17,20260824
034310,NICE,12.98,1015.0,0.61,9.12,20260824
008060,대덕,13.94,1107.0,0.79,14.94,20260824
001500,현대차증권,7.53,1036.0,0.3,2.91,20260824
079900,전진건설로봇,13.76,2402.0,2.94,0.74,20260824
249420,일동제약,10.92,1387.0,1.85,9.4,20260824
090435,아모레퍼시픽우,13.26,3413.0,0.57,48.48,20260824
009410,태영건설,4.63,347.0,0.78,0.49,20260824
004690,삼천리,3.83,33965.0,0.25,12.63,20260824
145990,삼양사,-,-29341.0,0.28,4.97,20260824
161000,애경케미칼,-,-61.0,0.65,0.16,20260824
000070,삼양홀딩스,-,-24252.0,0.22,8.08,20260824
460860,동국제강,31.89,291.0,0.24,26.48,20260824
002240,고려제강,9.38,1800.0,0.24,6.79,20260824
005389,현대차3우B,6.23,30697.0,0.41,8.97,20260824
005945,NH투자증권우,6.54,3565.0,0.88,6.86,20260824
072710,농심홀딩스,3.33,28466.0,0.31,4.27,20260824
017900,광전자,39.27,192.0,1.55,18.3,20260824
417310,코람코더원리츠,-,-,-,2.56,20260824
004700,조광피혁,43.73,1500.0,0.38,0.63,20260824
003280,흥아해운,18.24,98.0,1.55,2.4,20260824
002810,삼영무역,6.45,3633.0,0.65,20.17,20260824
009900,명신산업,4.78,1696.0,0.5,5.63,20260824
014830,유니드,4.82,12871.0,0.34,12.46,20260824
403550,쏘카,-,-461.0,1.87,0.29,20260824
357120,코람코라이프인프라리츠,-,-,-,1.62,20260824
003030,세아제강지주,-,-28326.0,0.19,8.23,20260824
005420,코스모화학,-,-505.0,1.77,5.06,20260824
092230,KPX홀딩스,5.21,18774.0,0.35,28.5,20260824
484870,엠앤씨솔루션,9.63,1561.0,2.2,8.69,20260824
001200,유진투자증권,3.68,1148.0,0.33,10.9,20260824
003000,부광약품,27.16,153.0,1.23,7.32,20260824
029530,신도리코,10.56,3901.0,0.32,11.6,20260824
317400,자이에스앤디,11.21,916.0,0.85,4.78,20260824
344820,KCC글라스,-,-5237.0,0.29,4.74,20260824
002030,아세아,14.26,13450.0,0.26,5.43,20260824
016610,DB증권,4.38,2121.0,0.34,9.47,20260824
016590,신대양제지,12.02,812.0,0.47,1.94,20260824
306200,세아제강,13.05,10577.0,0.35,3.36,20260824
029460,케이씨,10.59,3305.0,0.41,13.37,20260824
001940,KISCO홀딩스,-,-1544.0,0.29,7.79,20260824
271940,일진하이솔루스,-,-4.0,1.21,3.34,20260824
015360,INVENI,4.86,2869.0,0.45,5.01,20260824
027410,BGF,5.69,693.0,0.21,5.58,20260824
452260,한화갤러리아,14.62,133.0,0.45,2.2,20260824
008730,율촌화학,75.0,202.0,1.31,5.41,20260824
194370,제이에스코퍼레이션,4.58,2810.0,0.66,2.88,20260824
496020,WON 전단채플러스액티브,-,-,-,0.0,20260824
170900,동아에스티,62.23,609.0,0.56,19.49,20260824
017810,풀무원,8.42,1148.0,1.06,1.16,20260824
950210,프레스티지바이오파마,-,-954.0,0.78,63.62,20260824
105630,한세실업,10.26,882.0,0.48,5.65,20260824
104700,한국철강,-,-425.0,0.42,5.64,20260824
183190,아세아시멘트,22.21,452.0,0.33,4.29,20260824
031430,신세계인터내셔날,85.12,121.0,0.43,6.77,20260824
004710,한솔테크닉스,-,-336.0,0.85,6.59,20260824
060980,HL홀딩스,17.72,2221.0,0.32,12.44,20260824
130660,한전산업,98.64,110.0,3.71,4.75,20260824
126560,현대퓨처넷,47.5,68.0,0.49,0.89,20260824
006220,제주은행,22.83,407.0,0.55,0.74,20260824
007690,국도화학,6.58,5703.0,0.37,19.94,20260824
024720,콜마홀딩스,14.76,683.0,0.54,22.82,20260824
097520,엠씨넥스,7.66,2592.0,0.82,13.26,20260824
089590,제주항공,-,-1318.0,1.44,2.41,20260824
015860,일진홀딩스,-,-472.0,0.5,8.66,20260824
005610,삼립,-,-289.0,0.68,1.99,20260824
011760,현대코퍼레이션,3.43,7470.0,0.4,10.4,20260824
006405,삼성SDI우,453.06,458.0,0.72,16.69,20260824
020000,한섬,7.55,2061.0,0.23,25.27,20260824
474590,WON 반도체밸류체인액티브,-,-,-,0.6,20260824
200880,서연이화,5.5,2220.0,0.26,6.82,20260824
005720,넥센,3.03,2046.0,0.22,2.6,20260824
011930,신성이엔지,-,-226.0,1.48,0.04,20260824
026890,스틱인베스트먼트,14.93,556.0,1.16,48.81,20260824
091810,트리니티항공,-,-1332.0,2.85,0.88,20260824
009160,SIMPAC,13.75,355.0,0.4,1.31,20260824
145720,덴티움,12.54,2938.0,0.51,13.54,20260824
005950,이수화학,3.73,3233.0,2.73,6.36,20260824
002020,코오롱,-,-9331.0,0.17,14.1,20260824
123890,한국자산신탁,6.61,387.0,0.29,5.15,20260824
016800,퍼시스,5.17,5239.0,0.38,20.1,20260824
192650,드림텍,4720.0,1.0,0.85,59.31,20260824
108670,LX하우시스,-,-1098.0,0.39,15.03,20260824
092790,넥스틸,8.57,1386.0,0.66,1.94,20260824
009290,광동제약,14.55,426.0,0.48,16.33,20260824
002310,아세아제지,11.65,667.0,0.33,5.13,20260824
001230,동국홀딩스,2.69,720.0,0.15,13.11,20260824
018250,애경산업,19.81,576.0,0.7,1.92,20260824
126720,수산인더스트리,3.97,5279.0,0.51,2.89,20260824
096760,JW홀딩스,5.11,791.0,1.03,3.39,20260824
272450,진에어,-,-1640.0,1.65,1.15,20260824
078520,에이블씨엔씨,12.51,915.0,3.52,9.83,20260824
381970,케이카,39.35,155.0,1.64,7.56,20260824
244920,에이플러스에셋,9.69,1356.0,1.62,11.82,20260824
001750,한양증권,4.77,4084.0,0.4,10.29,20260824
000157,두산2우B,76.06,4286.0,2.64,3.03,20260824
025860,남해화학,24.68,237.0,0.51,2.2,20260824
012030,DB,4.24,338.0,0.54,5.93,20260824
033270,유나이티드제약,3.84,4701.0,0.58,8.65,20260824
002900,TYM,4.01,1728.0,0.58,20.06,20260824
001390,KG케미칼,3.95,1091.0,0.28,11.86,20260824
010690,화신,3.92,2081.0,0.46,1.84,20260824
475560,더본코리아,-,-445.0,1.22,0.31,20260824
034830,한국토지신탁,12.64,89.0,0.24,4.2,20260824
010820,퍼스텍,19.36,298.0,3.18,11.87,20260824
003960,사조대림,-,-22436.0,0.4,1.71,20260824
037710,광주신세계,5.87,6231.0,0.32,4.32,20260824
286940,롯데이노베이트,16.1,1143.0,0.65,1.65,20260824
058430,포스코스틸리온,15.65,294.0,0.7,2.94,20260824
084690,대상홀딩스,-,-2878.0,0.44,3.95,20260824
003120,일성아이에스,49.28,417.0,0.39,0.32,20260824
002710,TCC스틸,-,-662.0,1.11,5.34,20260824
217590,티엠씨,-,-22.0,2.41,4.7,20260824
004430,송원산업,5.78,1945.0,0.33,15.38,20260824
010955,S-Oil우,5.13,13069.0,0.77,18.63,20260824
017390,서울가스,12.12,4490.0,0.19,2.78,20260824
122900,아이마켓코리아,12.81,627.0,0.67,4.43,20260824
084010,대한제강,33.53,232.0,0.28,3.68,20260824
003350,한국화장품제조,8.29,1413.0,1.74,3.73,20260824
003650,미창석유,2.13,70773.0,0.4,30.79,20260824
334890,이지스밸류플러스리츠,-,-,-,2.23,20260824
008490,서흥,6.66,3384.0,0.48,6.48,20260824
005430,한국공항,5.63,14487.0,0.58,13.05,20260824
298690,에어부산,-,-1347.0,3.15,0.9,20260824
004360,세방,4.87,2721.0,0.24,12.6,20260824
472920,HK 종합채권(AA-이상)액티브,-,-,-,0.0,20260824
136490,선진,2.92,3595.0,0.4,7.62,20260824
003200,일신방직,5.3,2048.0,0.25,10.76,20260824
000430,대원강업,3.47,1156.0,0.41,2.58,20260824
003070,코오롱글로벌,-,-6608.0,0.36,1.04,20260824
007160,사조산업,-,-20569.0,0.5,1.1,20260824
005680,삼영전자,57.15,214.0,0.38,40.22,20260824
003920,남양유업,26.68,1606.0,0.35,6.72,20260824
105840,우진,21.02,568.0,1.23,11.22,20260824
001790,대한제당,-,-932.0,0.54,0.0,20260824
900140,엘브이엠씨홀딩스,14.81,84.0,0.44,11.73,20260824
005500,삼진제약,10.51,1716.0,0.82,3.71,20260824
134380,미원화학,5.84,1869.0,1.08,0.45,20260824
025000,KPX케미칼,5.12,10548.0,0.34,29.59,20260824
404990,신한서부티엔디리츠,-,-,-,0.77,20260824
092200,디아이씨,-,-222.0,1.59,1.15,20260824
001460,BYC,13.88,2702.0,0.54,4.93,20260824
002320,한진,-,-708.0,0.16,5.29,20260824
348950,제이알글로벌리츠,-,-,-,13.02,20260824
030210,다올투자증권,6.22,615.0,0.39,4.72,20260824
298000,효성화학,8.43,7274.0,0.33,2.43,20260824
000680,LS네트웍스,-,-94.0,0.26,0.83,20260824
051905,LG생활건강우,-,-6520.0,0.33,44.48,20260824
034120,SBS,120.88,102.0,0.25,0.0,20260824
226320,잇츠한불,13.64,762.0,0.46,1.09,20260824
044450,KSS해운,2.09,4826.0,0.35,7.7,20260824
000050,경방,4.3,1909.0,0.26,2.77,20260824
001340,PKC,29.88,167.0,0.99,1.31,20260824
044820,코스맥스비티아이,7.68,3041.0,0.77,5.94,20260824
000320,노루홀딩스,6.06,2751.0,0.35,3.01,20260824
003720,삼영,10.81,602.0,2.24,4.46,20260824
000540,흥국화재,7.13,483.0,0.24,1.63,20260824
009680,모토닉,9.95,1019.0,0.46,11.28,20260824
003520,영진약품,-,-34.0,2.55,2.86,20260824
000490,대동,-,-652.0,0.33,3.28,20260824
033920,무학,6.5,1177.0,0.34,2.57,20260824
432320,KB스타리츠,-,-,-,2.5,20260824
000650,천일고속,-,-5338.0,27.83,0.46,20260824
001250,GS글로벌,14.18,183.0,0.38,5.41,20260824
000480,CR홀딩스,-,-634.0,0.33,1.11,20260824
035150,백산,6.15,1726.0,0.77,6.14,20260824
003555,LG우,14.46,4813.0,0.36,37.24,20260824
017860,DS단석,-,-689.0,0.75,2.7,20260824
005010,휴스틸,-,-301.0,0.19,2.64,20260824
037270,YG PLUS,9.07,353.0,1.05,5.39,20260824
011500,한농화성,52.31,247.0,1.14,4.35,20260824
088260,이리츠코크렙,-,-,-,3.32,20260824
025560,미래산업,6.55,1097.0,1.25,10.42,20260824
100250,진양홀딩스,1.59,1965.0,0.41,1.88,20260824
004980,성신양회,6.54,1241.0,0.35,4.26,20260824
013580,계룡건설,1.97,11193.0,0.2,9.65,20260824
001130,대한제분,-,-2395.0,0.19,7.64,20260824
095570,AJ네트웍스,6.22,699.0,0.42,6.6,20260824
039570,HDC랩스,16.02,472.0,0.66,4.27,20260824
001630,종근당홀딩스,3.64,10714.0,0.29,3.28,20260824
028100,동아지질,10.92,1593.0,0.89,7.46,20260824
053210,스카이라이프,47.59,85.0,0.36,6.35,20260824
377190,디앤디플랫폼리츠,-,-,-,3.45,20260824
339770,교촌에프앤비,10.8,351.0,1.05,2.11,20260824
020120,키다리스튜디오,15.36,332.0,0.89,3.5,20260824
004310,현대약품,45.04,131.0,1.27,1.39,20260824
003547,대신증권2우B,6.93,2816.0,0.34,5.35,20260824
000140,하이트진로홀딩스,-,-107.0,0.3,7.24,20260824
016580,환인제약,9.13,1100.0,0.44,12.75,20260824
102460,이연제약,-,-1594.0,0.88,1.21,20260824
117580,대성에너지,6.33,1062.0,0.51,2.03,20260824
035510,신세계 I&C,6.7,1968.0,0.4,5.6,20260824
102260,동성케미컬,4.34,833.0,0.37,4.0,20260824
007860,서연,2.02,3853.0,0.18,6.75,20260824
016450,한세예스24홀딩스,-,-827.0,0.39,1.83,20260824
033530,SJG세종,2.71,2471.0,0.32,7.04,20260824
128820,대성산업,-,-1062.0,0.25,2.89,20260824
002100,경농,11.97,771.0,0.59,1.02,20260824
053690,한미글로벌,12.14,1352.0,0.76,4.88,20260824
213500,한솔제지,8.04,928.0,0.24,5.57,20260824
234080,JW생명과학,6.82,1643.0,0.77,14.53,20260824
003610,방림,15.49,355.0,0.93,0.07,20260824
241590,화승엔터프라이즈,-,-506.0,0.39,5.58,20260824
003220,대원제약,66.75,117.0,0.63,13.13,20260824
003460,유화증권,12.52,246.0,0.35,1.9,20260824
000300,DH오토넥스,1400.0,3.0,4.82,2.09,20260824
002150,도화엔지니어링,19.65,260.0,0.68,0.95,20260824
006805,미래에셋증권우,3.84,3187.0,0.51,10.66,20260824
004560,현대비앤지스틸,8.94,1274.0,0.33,5.1,20260824
004380,삼익THK,-,-736.0,1.13,37.72,20260824
000390,SP삼화,12.55,498.0,0.49,20.76,20260824
005960,동부건설,2.12,3460.0,0.29,8.02,20260824
010580,에스엠벡셀,-,-8.0,2.39,0.77,20260824
487570,HS효성,6.06,7467.0,0.31,4.93,20260824
002170,SYTS,6.69,8383.0,0.33,4.07,20260824
097955,CJ제일제당 우,-,-41473.0,0.27,34.25,20260824
000700,유수홀딩스,10.88,592.0,0.5,22.25,20260824
014710,사조씨푸드,-,-1637.0,0.83,4.49,20260824
016880,웅진,3.28,634.0,0.9,6.07,20260824
015230,대창단조,4.39,1392.0,0.44,8.64,20260824
403790,MIDAS 코스피액티브,-,-,-,0.01,20260824
090350,노루페인트,5.1,1602.0,0.38,5.23,20260824
000860,강남제비스코,-,-188.0,0.26,5.16,20260824
101530,해태제과식품,6.97,800.0,0.48,1.16,20260824
013890,지누스,-,-4037.0,0.25,7.49,20260824
001045,CJ우,53.53,1317.0,0.44,13.34,20260824
001780,알루코,8.2,200.0,0.46,4.53,20260824
007570,일양약품,9.38,885.0,0.6,5.68,20260824
494220,UNICORN SK하이닉스밸류체인액티브,-,-,-,0.64,20260824
400760,NH올원리츠,-,-,-,1.44,20260824
011785,금호석유화학우,2.93,17465.0,0.19,19.51,20260824
460850,동국씨엠,-,-1770.0,0.16,21.51,20260824
462520,조선내화,-,-266.0,0.72,0.54,20260824
000970,한국주철관,9.0,748.0,0.4,2.62,20260824
003830,대한화섬,9.86,11704.0,0.17,0.48,20260824
293480,하나제약,8.61,983.0,0.45,0.02,20260824
025820,이구산업,6.14,730.0,0.9,4.45,20260824
272550,삼양패키징,7.35,1352.0,0.38,2.52,20260824
152870,파워 200,-,-,-,0.03,20260824
071840,롯데하이마트,-,-1044.0,0.16,2.79,20260824
077500,유니퀘스트,4.92,1401.0,0.54,58.28,20260824
271980,제일약품,15.93,634.0,0.72,1.65,20260824
004970,신라교역,3.12,2966.0,0.23,4.06,20260824
009470,삼화전기,23.71,932.0,1.24,26.36,20260824
000020,동화약품,7.96,647.0,0.36,3.36,20260824
107590,미원홀딩스,5.43,11280.0,0.47,0.43,20260824
004090,한국석유,9.52,1166.0,0.69,5.31,20260824
002210,동성제약,-,-259.0,1.47,0.86,20260824
001080,만호제강,54.45,73.0,0.32,0.2,20260824
094280,효성ITX,9.65,1243.0,1.93,1.27,20260824
015890,태경산업,5.09,931.0,0.43,2.72,20260824
003010,혜인,7.65,1416.0,0.78,4.54,20260824
004150,한솔홀딩스,27.38,122.0,0.24,5.56,20260824
006060,화승인더,4.58,537.0,0.35,5.35,20260824
003480,한진중공업홀딩스,2.02,2270.0,0.25,2.82,20260824
000520,삼일제약,-,-1734.0,1.06,4.02,20260824
004080,신흥,24.87,567.0,1.12,2.17,20260824
081000,일진다이아,8.98,1028.0,0.31,4.66,20260824
012610,경인양행,6.47,484.0,0.5,6.05,20260824
008350,남선알미늄,-,-85.0,0.45,6.96,20260824
002390,한독,-,-681.0,0.48,2.28,20260824
214420,토니모리,11.53,463.0,1.06,2.75,20260824
448100,WON 200,-,-,-,0.12,20260824
024090,디씨엠,11.48,979.0,0.36,5.3,20260824
007540,샘표,13.81,3219.0,0.41,4.65,20260824
014280,금강공업,-,-580.0,0.33,3.08,20260824
267290,경동도시가스,3.43,6290.0,0.26,8.66,20260824
488720,WON 종합채권(AA-이상)액티브,-,-,-,0.01,20260824
210540,디와이파워,3.93,2898.0,0.37,13.28,20260824
009270,신원,27.82,39.0,0.42,2.46,20260824
037560,LG헬로비전,-,-55.0,0.27,4.81,20260824
004960,한신공영,1.49,7220.0,0.14,4.43,20260824
214390,경보제약,24.55,211.0,0.84,2.43,20260824
350520,이지스레지던스리츠,-,-,-,1.62,20260824
018470,조일알미늄,6.8,143.0,0.54,2.45,20260824
013520,화승코퍼레이션,1.65,1481.0,0.38,7.44,20260824
089470,HDC현대EP,3.69,1039.0,0.28,3.19,20260824
078000,텔코웨어,7.63,1727.0,0.58,1.54,20260824
498180,파워 종합채권(AA-이상)액티브,-,-,-,0.0,20260824
005800,신영와코루,74.2,181.0,0.31,25.94,20260824
079430,현대리바트,21.86,274.0,0.29,3.63,20260824
002620,제일파마홀딩스,14.2,528.0,0.36,9.89,20260824
001360,삼성제약,-,-1457.0,0.92,3.08,20260824
011280,태림포장,-,-107.0,0.39,1.0,20260824
009070,KCTC,4.18,950.0,0.37,6.92,20260824
227840,현대코퍼레이션홀딩스,2.22,5827.0,0.32,4.91,20260824
034590,인천도시가스,5.92,4491.0,0.45,2.37,20260824
011690,와이투솔루션,-,-262.0,1.16,5.18,20260824
001520,동양,10.9,98.0,0.14,2.88,20260824
083420,그린케미칼,5.68,839.0,0.81,1.91,20260824
002780,진흥기업,-,-86.0,0.46,1.87,20260824
014530,극동유화,10.12,321.0,0.54,4.62,20260824
013570,디와이,5.01,857.0,0.27,4.15,20260824
016710,대성홀딩스,4.52,1542.0,0.24,2.66,20260824
023450,동남합성,9.35,3391.0,1.8,0.21,20260824
078935,GS우,2.53,24679.0,0.36,17.45,20260824
017550,수산세보틱스,5.96,297.0,0.53,2.03,20260824
011810,STX,-,-7878.0,-,2.2,20260824
001290,상상인증권,45.91,22.0,0.53,1.08,20260824
035000,HS애드,5.93,1132.0,0.54,23.7,20260824
006660,삼성공조,9.45,1413.0,0.37,2.47,20260824
012320,경동인베스트,6.02,7589.0,0.2,4.12,20260824
001210,금호전기,-,-4.0,3.97,12.82,20260824
012800,대창,4.75,248.0,0.31,4.67,20260824
010100,한국무브넥스,4.9,719.0,0.25,3.09,20260824
004250,NPC,7.76,375.0,0.24,1.18,20260824
008970,KBI동양철관,-,-45.0,0.76,2.52,20260824
248170,샘표식품,4.16,5588.0,0.39,7.68,20260824
014580,태경비케이,3.83,1005.0,0.43,4.1,20260824
012200,계양전기,-,-1299.0,4.93,0.17,20260824
002460,HS화성,4.21,2468.0,0.23,2.08,20260824
027970,한국제지,-,-2263.0,0.29,0.49,20260824
120030,조선선재,7.74,10778.0,0.45,0.95,20260824
070960,모나용평,-,-895.0,0.29,2.12,20260824
267850,아시아나IDT,7.4,1262.0,0.59,0.88,20260824
009580,무림P&P,-,-1598.0,0.2,2.51,20260824
465780,마이티 26-09 특수채(AAA)액티브,-,-,-,0.0,20260824
006840,AK홀딩스,6.13,1254.0,0.2,5.61,20260824
123690,한국화장품,115.27,55.0,2.92,1.69,20260824
264900,크라운제과,10.57,769.0,0.45,3.13,20260824
119650,KC코트렐,-,-130.0,1.71,0.11,20260824
067830,세이브존I&C,12.91,189.0,0.19,9.54,20260824
021820,세원정공,2.42,4128.0,0.15,3.27,20260824
008260,NI스틸,5.36,646.0,0.35,1.37,20260824
002450,삼익악기,2.38,458.0,0.25,1.87,20260824
092220,KEC,-,-708.0,0.31,3.6,20260824
013700,까뮤이앤씨,3.4,481.0,0.77,2.19,20260824
032560,황금에스티,3.69,1557.0,0.24,5.54,20260824
019180,티에이치엔,1.27,4212.0,0.36,8.27,20260824
007210,벽산,6.83,213.0,0.27,2.85,20260824
036580,팜스코,-,-439.0,0.47,0.87,20260824
016740,두올,4.56,723.0,0.32,3.43,20260824
014790,HL D&I,5.79,429.0,0.2,2.91,20260824
014440,영보화학,5.08,915.0,0.46,52.51,20260824
008700,아남전자,-,-6.0,0.65,1.28,20260824
008040,사조동아원,-,-1164.0,0.72,1.02,20260824
004100,태양금속,5.72,436.0,0.56,3.67,20260824
058850,KTcs,4.01,548.0,0.38,6.79,20260824
001275,부국증권우,10.05,3004.0,0.33,10.57,20260824
486240,DAISHIN AI반도체&인프라액티브,-,-,-,0.02,20260824
025620,차AI헬스케어,8.52,576.0,1.1,0.26,20260824
023000,삼원강재,6.77,330.0,0.34,0.72,20260824
058860,KTis,2.42,1053.0,0.33,6.99,20260824
004140,동방,12.42,147.0,0.49,4.87,20260824
001020,페이퍼코리아,-,-329.0,0.33,0.25,20260824
444490,WON 미국S&P500,-,-,-,0.01,20260824
004890,동일산업,24.64,1461.0,0.18,4.04,20260824
363280,티와이홀딩스,-,-1638.0,0.1,1.13,20260824
002200,한국수출포장,-,-243.0,0.32,2.58,20260824
139990,아주스틸,-,-942.0,0.64,14.85,20260824
109070,주성코퍼레이션,34.85,46.0,2.75,0.93,20260824
005740,크라운해태홀딩스,5.04,1128.0,0.24,3.15,20260824
096775,SK이노베이션우,-,-13182.0,0.48,14.42,20260824
023800,인지컨트롤스,3.49,1515.0,0.32,3.34,20260824
000105,유한양행우,24.05,2927.0,2.2,0.81,20260824
210980,SK디앤디,-,-4553.0,0.17,1.2,20260824
006090,사조오양,8.13,1074.0,0.32,4.46,20260824
007980,TP,2.42,724.0,0.26,8.18,20260824
004840,DRB동일,22.86,185.0,0.19,1.34,20260824
111380,동인기연,3.2,4158.0,0.47,2.04,20260824
002600,조흥,36.99,3660.0,0.55,0.0,20260824
019680,대교,-,-350.0,0.31,2.21,20260824
000850,화천기공,3.92,9307.0,0.23,10.22,20260824
001470,삼부토건,0.45,768.0,-,1.93,20260824
003580,HLB글로벌,-,-30.0,1.12,2.03,20260824
013360,일성건설,21.23,69.0,1.08,64.7,20260824
069730,DSR제강,2.34,2327.0,0.39,9.74,20260824
015590,DKME,-,-83.0,0.56,0.0,20260824
163560,동일고무벨트,7.35,767.0,0.32,4.15,20260824
000590,CS홀딩스,3.34,20345.0,0.2,4.93,20260824
458030,WON 국공채머니마켓액티브,-,-,-,0.02,20260824
009180,한솔로지스틱스,6.59,417.0,0.51,4.64,20260824
063160,종근당바이오,-,-526.0,0.61,1.52,20260824
000230,일동홀딩스,3.5,1877.0,0.44,3.01,20260824
007590,동방아그로,8.29,671.0,0.38,30.9,20260824
031820,아이티센씨티에스,0.97,6391.0,0.3,2.01,20260824
014160,대영포장,-,-2.0,0.37,2.01,20260824
002220,한일철강,-,-70.0,0.41,1.38,20260824
434960,DAISHIN K200,-,-,-,0.0,20260824
001260,남광토건,13.75,549.0,0.57,0.5,20260824
000180,성창기업지주,-,-1173.0,0.11,0.63,20260824
013870,지엠비코리아,3.44,1120.0,0.24,56.52,20260824
004720,팜젠사이언스,-,-6513.0,0.52,1.72,20260824
010960,삼호개발,5.38,566.0,0.29,7.05,20260824
011700,한신기계,-,-8.0,0.84,7.2,20260824
011150,CJ씨푸드,41.53,49.0,0.83,2.39,20260824
005750,대림바스,4.47,975.0,0.41,2.19,20260824
002720,국제약품,14.39,236.0,0.72,3.49,20260824
009770,삼정펄프,4.65,6077.0,0.25,17.32,20260824
095720,웅진씽크빅,-,-254.0,0.28,2.12,20260824
007610,선도전기,-,-76.0,1.97,1.96,20260824
085310,엔케이,-,-523.0,0.41,0.0,20260824
001560,제일연마,12.58,728.0,0.56,6.39,20260824
084670,동양고속,-,-20.0,1.2,3.88,20260824
155660,DSR,2.19,1971.0,0.26,2.99,20260824
338100,NH프라임리츠,-,-,-,0.75,20260824
214330,금호에이치티,-,-1571.0,0.21,0.74,20260824
002795,아모레퍼시픽홀딩스우,8.18,1312.0,0.28,47.24,20260824
120115,코오롱인더우,5.61,4397.0,0.19,7.14,20260824
018500,동원모빌리티,1.43,1016.0,0.35,4.03,20260824
017370,우신시스템,4.93,749.0,0.36,0.79,20260824
079980,휴비스,-,-359.0,0.26,1.5,20260824
002700,신일전자,12.12,80.0,0.76,1.59,20260824
010040,한국내화,8.47,190.0,0.37,0.56,20260824
016090,대현,5.94,249.0,0.24,6.59,20260824
007280,한국특강,-,-132.0,0.32,1.09,20260824
491700,HK 200,-,-,-,0.0,20260824
055490,테이팩스,7.03,1903.0,0.4,4.7,20260824
100220,비상교육,3.0,1638.0,0.27,5.11,20260824
084680,이월드,-,-101.0,0.3,2.65,20260824
009200,무림페이퍼,-,-1528.0,0.17,1.97,20260824
068290,삼성출판사,8.3,754.0,0.43,1.66,20260824
009190,대양금속,12.7,113.0,0.8,2.66,20260824
058730,다스코,-,-256.0,0.41,1.38,20260824
004770,써니전자,19.67,89.0,0.73,5.74,20260824
004440,삼일씨엔에스,15.44,316.0,0.23,1.85,20260824
005870,휴니드,-,-378.0,0.36,27.92,20260824
072130,유엔젤,9.7,504.0,0.91,4.04,20260824
396690,미래에셋글로벌리츠,-,-,-,1.35,20260824
071090,하이스틸,67.0,45.0,0.41,2.32,20260824
002760,보락,23.9,42.0,1.21,4.05,20260824
006890,태경케미컬,8.37,615.0,0.35,1.58,20260824
111110,호전실업,5.0,1315.0,0.3,2.08,20260824
000220,유유제약,5.9,639.0,0.48,3.04,20260824
010660,화천기계,10.85,248.0,0.41,4.05,20260824
000950,전방,116.17,300.0,0.17,1.04,20260824
092440,기신정기,-,-15.0,0.24,63.22,20260824
378850,화승알앤에이,1.64,1852.0,0.31,2.96,20260824
001465,BYC우,9.9,2702.0,0.39,4.73,20260824
075180,새론오토모티브,5.56,534.0,0.22,65.99,20260824
090080,평화산업,3.63,286.0,0.81,3.76,20260824
000725,현대건설우,13.48,3992.0,0.66,5.53,20260824
003925,남양유업우,18.68,1606.0,0.24,9.6,20260824
129260,인터지스,5.76,331.0,0.19,6.04,20260824
440910,WON 미국우주항공방산,-,-,-,0.12,20260824
002630,오리엔트바이오,24.03,39.0,0.81,0.29,20260824
011300,우성머티리얼스,-,-539.0,1.67,0.08,20260824
020760,일진디스플,-,-65.0,1.53,0.88,20260824
004450,삼화왕관,11.16,2303.0,0.41,5.16,20260824
001550,조비,21.62,493.0,0.9,0.94,20260824
024900,디와이덕양,21.14,80.0,0.48,1.93,20260824
007460,에이프로젠,-,-3403.0,0.02,0.0,20260824
003465,유화증권우,12.5,246.0,0.35,0.0,20260824
003475,유안타증권우,5.75,727.0,0.45,6.53,20260824
025530,SJM홀딩스,6.36,564.0,0.28,1.94,20260824
101140,인바이오젠,-,-2063.0,0.38,0.78,20260824
010770,평화홀딩스,1.16,3137.0,0.38,16.35,20260824
123700,SJM,3.85,888.0,0.22,7.63,20260824
002410,범양건영,-,-2035.0,-,1.14,20260824
021050,서원,5.82,192.0,0.32,6.52,20260824
023810,인팩,9.41,560.0,0.39,0.0,20260824
012690,모나리자,24.81,58.0,0.61,2.66,20260824
006880,신송홀딩스,7.31,605.0,0.44,3.03,20260824
005305,롯데칠성우,10.32,6503.0,0.43,13.53,20260824
007815,코리아써우,5.63,3092.0,0.98,6.95,20260824
011390,부산산업,-,-1910.0,0.41,1.27,20260824
002140,고려산업,7.0,293.0,0.42,1.76,20260824
372910,한컴라이프케어,-,-15.0,0.39,3.88,20260824
004830,덕성,15.26,212.0,0.5,3.99,20260824
014990,인디에프,32.43,103.0,1.27,0.66,20260824
004410,서울식품,-,-23.0,1.87,3.35,20260824
011230,삼화전자,-,-405.0,2.93,2.96,20260824
003780,진양산업,8.49,445.0,0.74,3.93,20260824
011000,진원생명과학,-,-2809.0,1.34,0.0,20260824
084870,TBH글로벌,-,-6.0,0.81,2.35,20260824
009320,아진전자부품,32.73,30.0,1.41,0.94,20260824
006370,대구백화점,-,-3043.0,0.32,4.65,20260824
006125,SK디스커버리우,4.21,9280.0,0.2,7.04,20260824
004920,씨아이테크,2.74,336.0,0.61,0.65,20260824
006980,우성,34.16,454.0,0.21,1.08,20260824
001620,케이비아이동국실업,1.01,2118.0,0.16,1.1,20260824
011330,유니켐,-,-1523.0,0.35,0.02,20260824
357250,미래에셋맵스리츠,-,-,-,0.53,20260824
041650,상신브레이크,10.07,218.0,0.19,2.25,20260824
000910,유니온,0.78,3850.0,0.34,5.48,20260824
140950,파워 코스피100,-,-,-,0.03,20260824
069460,대호에이엘,-,-2559.0,0.6,1.51,20260824
004910,조광페인트,-,-1047.0,0.18,1.72,20260824
442260,마이티 다이나믹퀀트액티브,-,-,-,0.05,20260824
002920,유성기업,-,-1165.0,0.17,9.0,20260824
005030,부산주공,-,-6.0,2.07,3.68,20260824
004540,깨끗한나라,-,-1011.0,0.29,1.07,20260824
074610,이엔플러스,-,-929.0,2.41,2.29,20260824
003080,SB성보,-,-683.0,0.28,1.1,20260824
004060,SG세계물산,11.37,194.0,0.17,0.06,20260824
092780,DYP,5.67,592.0,0.28,2.79,20260824
442090,에셋플러스 코리아대장장이액티브,-,-,-,0.01,20260824
008420,문배철강,5.6,383.0,0.23,3.19,20260824
480370,씨케이솔루션,-,-1051.0,0.72,1.33,20260824
481850,신한글로벌액티브리츠,-,-,-,0.19,20260824
009835,한화솔루션우,-,-881.0,0.33,3.9,20260824
027740,마니커,-,-62.0,1.11,2.57,20260824
007110,일신석재,-,-9.0,0.71,3.26,20260824
026940,부국철강,19.4,108.0,0.31,4.12,20260824
023350,한국종합기술,4.9,780.0,0.23,3.39,20260824
019490,엑시큐어하이트론,-,-369.0,3.84,0.64,20260824
017180,명문제약,21.7,56.0,0.41,2.34,20260824
014910,성문전자,13.38,141.0,0.83,2.54,20260824
047400,유니온머티리얼,8.17,120.0,2.26,3.29,20260824
017040,광명전기,-,-1344.0,-,4.96,20260824
011420,갤럭시아에스엠,10.92,136.0,0.7,5.35,20260824
000760,이화산업,-,-423.0,0.3,0.34,20260824
012160,영흥,-,-2583.0,0.26,1.45,20260824
012280,영화금속,3.12,257.0,0.45,2.26,20260824
472840,IBK 200,-,-,-,0.04,20260824
134790,시디즈,10.12,1955.0,0.5,1.65,20260824
009460,한창제지,-,-483.0,0.29,1.45,20260824
008870,금비,-,-63.0,0.45,0.34,20260824
446070,유니드비티플러스,-,-317.0,0.2,1.72,20260824
000215,DL우,3.71,6229.0,0.13,8.27,20260824
023960,에쓰씨엔지니어링,-,-302.0,0.95,1.38,20260824
145270,케이탑리츠,-,-,-,11.81,20260824
049800,우진플라임,14.33,125.0,0.33,3.03,20260824
002880,디와이에이,25.97,29.0,0.7,3.14,20260824
005820,원림,7.61,1998.0,0.24,1.88,20260824
004365,세방우,3.42,2721.0,0.17,23.67,20260824
000890,보해양조,9.78,129.0,0.38,4.11,20260824
407830,에셋플러스 글로벌플랫폼액티브,-,-,-,0.05,20260824
013000,세우글로벌,8.2,145.0,0.61,1.72,20260824
009140,경인전자,5.06,4282.0,0.34,9.83,20260824
002870,신풍,3.89,248.0,0.33,2.13,20260824
143210,핸즈코퍼레이션,-,-5406.0,0.37,1.27,20260824
133820,화인베스틸,-,-158.0,0.67,1.61,20260824
002420,세기상사,-,-132.0,1.36,1.24,20260824
007120,미래아이앤지,-,-104.0,0.65,2.34,20260824
001070,대한방직,752.5,8.0,0.14,1.86,20260824
069640,한세엠케이,-,-1960.0,2.13,0.84,20260824
010400,우진아이엔에스,7.51,554.0,0.36,2.63,20260824
426150,WON 대한민국국고채액티브,-,-,-,0.03,20260824
308170,씨티알모빌리티,-,-495.0,0.37,1.38,20260824
019175,신풍제약우,-,-15.0,3.07,0.56,20260824
003680,한성기업,8.87,567.0,0.4,6.43,20260824
003060,에이프로젠바이오로직스,-,-5828.0,0.14,0.05,20260824
024070,WISCOM,9.73,207.0,0.34,1.93,20260824
036420,콘텐트리중앙,-,-4374.0,0.28,1.23,20260824
003535,한화투자증권우,16.71,383.0,0.68,2.56,20260824
090370,메타랩스,-,-236.0,0.35,0.01,20260824
023150,MH에탄올,-,-589.0,0.42,1.79,20260824
025750,한솔홈데코,-,-1370.0,0.3,3.47,20260824
192720,파워 고배당저변동성,-,-,-,0.1,20260824
009810,플레이그램,-,-359.0,0.41,0.27,20260824
008250,이건산업,-,-1167.0,0.15,5.44,20260824
118000,메타케어,-,-92.0,0.23,0.79,20260824
001380,SG글로벌,7.96,162.0,0.18,4.48,20260824
014130,한익스프레스,-,-1020.0,0.37,3.12,20260824
002690,동일제강,36.13,39.0,0.18,1.61,20260824
010640,진양폴리,8.47,198.0,0.61,2.91,20260824
006570,대림통상,-,-869.0,0.78,2.47,20260824
025890,한국주강,-,-26.0,0.81,4.91,20260824
011090,에넥스,-,-895.0,0.8,1.8,20260824
357430,마스턴프리미어리츠,-,-,-,0.24,20260824
030720,동원수산,2.54,2286.0,0.41,7.0,20260824
006490,프리티,-,-778.0,1.19,0.0,20260824
005110,한창,-,-497.0,2.21,14.74,20260824
489290,WON 미국빌리어네어,-,-,-,0.05,20260824
088790,진도,3.62,581.0,0.23,4.21,20260824
006345,대원전선우,62.08,159.0,5.46,1.37,20260824
004870,티웨이홀딩스,-,-2636.0,0.43,0.54,20260824
033250,체시스,3.83,1044.0,0.52,2.15,20260824
002355,넥센타이어1우B,2.63,1480.0,0.19,5.45,20260824
005320,온타이드,-,-151.0,0.27,1.59,20260824
005360,모나미,-,-574.0,0.33,2.39,20260824
006740,블루산업개발,-,-854.0,0.28,1.38,20260824
465770,STX그린로지스,-,-5201.0,0.66,1.71,20260824
483570,KCGI 미국S&P500 TOP10,-,-,-,0.0,20260824
093240,형지엘리트,2.09,187.0,0.2,3.74,20260824
003495,대한항공우,-,-693.0,0.73,1.48,20260824
159800,마이티 코스피100,-,-,-,0.0,20260824
071950,코아스,-,-2468.0,0.61,0.89,20260824
009310,참엔지니어링,-,-1596.0,0.28,1.47,20260824
000040,KR모터스,0.77,1718.0,0.31,29.56,20260824
008775,호텔신라우,-,-3458.0,0.97,2.72,20260824
004270,남성,4.22,1142.0,0.18,1.41,20260824
002070,비비안,-,-7194.0,0.25,0.0,20260824
433220,에셋플러스 글로벌대장장이액티브,-,-,-,0.06,20260824
051630,진양화학,12.3,83.0,0.55,1.68,20260824
001685,대상우,-,-8325.0,0.48,3.78,20260824
015020,이스타코,-,-171.0,0.51,2.73,20260824
108675,LX하우시스우,-,-1098.0,0.21,7.72,20260824
001420,태원물산,-,-395.0,0.46,2.87,20260824
009440,KC그린홀딩스,-,-1806.0,0.16,0.86,20260824
008600,윌비스,-,-10385.0,0.41,2.13,20260824
002360,SH에너지화학,-,-479.0,0.24,33.93,20260824
477490,에셋플러스 글로벌일등기업포커스10액티브,-,-,-,0.05,20260824
474920,에셋플러스 차이나일등기업포커스10액티브,-,-,-,0.01,20260824
006200,한국전자홀딩스,-,-367.0,0.11,3.75,20260824
002820,SUN&L,2.21,642.0,0.08,1.97,20260824
005257,녹십자홀딩스2우,-,-1812.0,0.96,0.21,20260824
391670,HK 베스트일레븐액티브,-,-,-,0.0,20260824
005725,넥센우,0.0,2046.0,0.0,10.39,20260824
012170,아센디오,-,-388.0,0.8,1.0,20260824
024890,대원화성,4.3,425.0,0.33,0.97,20260824
488290,MIDAS 일본테크액티브,-,-,-,0.07,20260824
002025,코오롱우,-,-9331.0,0.09,18.51,20260824
413930,WON AI ESG액티브,-,-,-,0.05,20260824
491510,파워 K-주주가치액티브,-,-,-,0.0,20260824
000087,하이트진로2우B,18.68,661.0,0.75,3.15,20260824
001770,SHD,20.36,553.0,0.25,0.0,20260824
001795,대한제당우,-,-932.0,0.41,4.32,20260824
496130,TRUSTON 코리아밸류업액티브,-,-,-,0.05,20260824
015260,에이엔피,-,-263.0,0.7,0.04,20260824
472720,TRUSTON 주주가치액티브,-,-,-,0.19,20260824
145995,삼양사우,-,-29341.0,0.2,3.89,20260824
019685,대교우B,-,-350.0,0.18,3.03,20260824
044380,주연테크,63.77,13.0,0.28,2.69,20260824
451150,에셋플러스 글로벌영에이지액티브,-,-,-,0.0,20260824
084695,대상홀딩스우,-,-2878.0,0.7,1.44,20260824
407820,에셋플러스 코리아플랫폼액티브,-,-,-,0.04,20260824
003075,코오롱글로벌우,-,-6608.0,0.5,0.44,20260824
001067,JW중외제약2우B,11.51,4067.0,2.96,0.19,20260824
004255,NPC우,4.91,375.0,0.15,1.5,20260824
004105,태양금속우,6.66,436.0,0.66,3.15,20260824
145210,다이나믹디자인,-,-2434.0,0.2,0.0,20260824
001755,한양증권우,4.82,4084.0,0.4,0.78,20260824
001515,SK증권우,21.74,207.0,1.52,0.77,20260824
215620,HK S&P코리아로우볼,-,-,-,0.0,20260824
462340,에셋플러스 글로벌다이나믹시니어액티브,-,-,-,0.0,20260824
000225,유유제약1우,5.71,639.0,0.46,1.86,20260824
480460,WON 한국부동산TOP3플러스,-,-,-,0.0,20260824
001065,JW중외제약우,5.63,4067.0,1.45,0.46,20260824
438740,MIDAS 중소형액티브,-,-,-,0.0,20260824
012205,계양전기우,-,-1299.0,7.5,1.43,20260824
000325,노루홀딩스우,9.78,2751.0,0.56,2.79,20260824
004835,덕성우,20.61,212.0,0.68,2.55,20260824
004985,성신양회우,6.62,1241.0,0.35,1.84,20260824
002995,금호건설우,9.96,2074.0,2.67,0.08,20260824
470310,UNICORN 생성형AI강소기업액티브,-,-,-,0.0,20260824
433250,UNICORN R&D 액티브,-,-,-,0.0,20260824
090355,노루페인트우,7.22,1602.0,0.54,0.76,20260824
000145,하이트진로홀딩스우,-,-107.0,0.36,2.11,20260824
000545,흥국화재우,11.35,483.0,0.39,11.21,20260824
009415,태영건설우,18.65,347.0,3.14,2.52,20260824
005965,동부건설우,4.94,3460.0,0.67,18.6,20260824
014825,동원시스템즈우,6.47,2163.0,0.45,0.38,20260824
007575,일양약품우,8.88,885.0,0.57,1.07,20260824
014285,금강공업우,-,-580.0,0.42,0.42,20260824
005745,크라운해태홀딩스우,4.69,1128.0,0.22,3.08,20260824
476000,UNICORN 포스트IPO액티브,-,-,-,0.0,20260824
196170,알테오젠,172.5,1858.0,44.59,14.92,20260824
086520,에코프로,194.47,452.0,5.41,19.06,20260824
247540,에코프로비엠,290.32,403.0,6.41,14.8,20260824
277810,레인보우로보틱스,6945.31,64.0,64.88,5.36,20260824
036930,주성엔지니어링,1152.78,144.0,12.93,7.89,20260824
240810,원익IPS,47.14,2257.0,5.27,16.03,20260824
028300,HLB,-,-1473.0,12.12,20.1,20260824
058470,리노공업,26.21,2465.0,6.31,31.69,20260824
039030,이오테크닉스,64.58,6008.0,6.76,27.91,20260824
214450,파마리서치,27.32,15228.0,6.9,8.85,20260824
087010,펩트론,-,-713.0,31.26,3.8,20260824
298380,에이비엘바이오,-,-1420.0,24.75,13.06,20260824
000250,삼천당제약,390.14,436.0,13.35,4.4,20260824
222800,심텍,-,-1410.0,6.06,11.38,20260824
141080,리가켐바이오,-,-3772.0,8.1,11.87,20260824
319660,피에스케이,36.44,3439.0,6.4,21.9,20260824
108490,로보티즈,-,-444.0,10.16,4.92,20260824
403870,HPSP,44.57,986.0,12.19,32.7,20260824
095340,ISC,46.86,3291.0,5.82,30.1,20260824
257720,실리콘투,17.61,2808.0,6.58,6.56,20260824
145020,휴젤,20.46,12242.0,2.7,56.7,20260824
440110,파두,-,-1985.0,48.63,26.99,20260824
084370,유진테크,54.87,2473.0,6.4,37.44,20260824
310210,보로노이,-,-2751.0,33.45,6.8,20260824
214370,케어젠,124.6,435.0,12.35,4.41,20260824
131290,티에스이,37.69,6513.0,6.38,10.81,20260824
095610,테스,32.25,4136.0,5.06,7.35,20260824
357780,솔브레인,30.5,10820.0,2.32,29.52,20260824
347850,디앤디파마텍,-,-535.0,33.67,5.57,20260824
319400,현대무벡스,254.44,90.0,16.24,1.77,20260824
064760,티씨케이,34.76,6545.0,4.82,66.99,20260824
080220,제주반도체,10.87,6698.0,5.49,0.02,20260824
031980,피에스케이홀딩스,24.72,4458.0,4.66,5.56,20260824
178320,서진시스템,-,-2170.0,2.74,14.19,20260824
067310,하나마이크론,22.3,1547.0,4.87,20.11,20260824
237690,에스티팜,32.7,3370.0,3.75,11.9,20260824
214150,클래시스,16.11,2073.0,4.17,68.73,20260824
226950,올릭스,-,-577.0,15.74,6.52,20260824
005290,동진쎄미켐,16.63,2525.0,1.9,12.61,20260824
010170,대한광통신,-,-192.0,17.63,2.89,20260824
058610,에스피지,220.14,427.0,7.81,4.35,20260824
032820,우리기술,58.42,202.0,12.23,7.81,20260824
263750,펄어비스,13.88,2320.0,2.06,5.0,20260824
140410,메지온,-,-1222.0,126.86,24.63,20260824
068760,셀트리온제약,47.4,903.0,4.36,4.94,20260824
098460,고영,68.64,397.0,5.24,25.97,20260824
140860,파크시스템스,75.2,3524.0,8.03,38.93,20260824
950160,코오롱티슈진,-,-3467.0,13.71,4.28,20260824
089030,테크윙,379.27,123.0,8.16,16.85,20260824
083650,비에이치아이,28.03,1991.0,9.44,10.39,20260824
096530,씨젠,25.58,1257.0,1.43,18.89,20260824
041510,에스엠,12.52,5743.0,1.65,32.51,20260824
060370,LS마린솔루션,118.6,258.0,2.49,2.41,20260824
475830,오름테라퓨틱,-,-2264.0,13.85,5.4,20260824
089970,브이엠,23.0,2544.0,5.99,13.24,20260824
007390,네이처셀,-,-43.0,24.11,7.12,20260824
241710,코스메카코리아,27.14,5159.0,5.88,23.05,20260824
030530,원익홀딩스,77.0,250.0,1.47,5.86,20260824
039200,오스코텍,26.34,1452.0,8.18,11.95,20260824
323280,태성,581.71,82.0,11.04,3.89,20260824
131970,두산테스나,55.1,1363.0,3.26,11.56,20260824
035900,JYP Ent.,11.37,3469.0,2.09,14.39,20260824
082920,비츠로셀,19.45,1573.0,3.83,28.9,20260824
078600,대주전자재료,65.62,1335.0,5.22,14.01,20260824
290650,엘앤씨바이오,-,-5531.0,6.14,22.71,20260824
420770,기가비스,80.96,1292.0,6.58,5.34,20260824
043260,성호전자,3.07,5841.0,2.19,2.9,20260824
183300,코미코,26.96,942.0,4.58,25.36,20260824
127120,제이에스링크,-,-525.0,13.24,3.14,20260824
195940,HK이노엔,14.85,2973.0,0.94,13.48,20260824
218410,RFHIC,36.93,1251.0,3.28,22.94,20260824
003380,하림지주,7.32,1494.0,0.31,8.06,20260824
347700,스피어,26.22,879.0,10.7,8.8,20260824
204270,제이앤티씨,-,-1417.0,4.4,3.28,20260824
437730,삼현,189.12,170.0,8.02,1.96,20260824
166090,하나머티리얼즈,15.68,3246.0,1.6,20.46,20260824
115180,큐리언트,-,-871.0,35.8,5.04,20260824
293490,카카오게임즈,-,-1469.0,0.7,4.51,20260824
445680,큐리옥스바이오시스템즈,-,-1563.0,17.78,8.4,20260824
036830,솔브레인홀딩스,1.87,23806.0,0.51,6.58,20260824
036540,SFA반도체,-,-63.0,1.84,5.34,20260824
124500,아이티센글로벌,12.42,3051.0,5.35,2.43,20260824
491000,리브스메드,-,-975.0,5.0,3.47,20260824
476830,알지노믹스,-,-1087.0,18.84,9.63,20260824
101490,에스앤에스텍,13.91,2941.0,2.57,12.52,20260824
086450,동국제약,13.16,1460.0,1.28,13.44,20260824
041830,인바디,21.21,2965.0,2.55,33.3,20260824
056190,SFA,13.74,1710.0,0.7,12.84,20260824
100790,미래에셋벤처투자,15.61,1017.0,2.07,4.23,20260824
083450,GST,14.97,2982.0,2.59,22.87,20260824
065350,신성델타테크,35.28,832.0,3.17,3.75,20260824
232140,와이씨,36.41,270.0,2.12,7.45,20260824
119850,지엔씨에너지,18.45,2656.0,3.24,8.83,20260824
252990,샘씨엔에스,36.03,370.0,4.32,8.09,20260824
458870,씨어스,19.1,1102.0,11.73,4.88,20260824
356860,티엘비,21.97,1536.0,4.97,6.17,20260824
038500,삼표시멘트,16.05,456.0,1.01,5.13,20260824
213420,덕산네오룩스,11.04,2872.0,1.6,10.68,20260824
251970,펌텍코리아,21.46,2955.0,2.61,13.65,20260824
281740,레이크머티리얼즈,63.74,187.0,5.63,10.18,20260824
388720,유일로보틱스,-,-2797.0,8.38,15.51,20260824
090710,휴림로봇,-,-140.0,6.29,7.7,20260824
031330,에스에이엠티,2.55,3059.0,1.05,7.34,20260824
099320,쎄트렉아이,83.45,852.0,3.15,11.01,20260824
085660,차바이오텍,48.27,168.0,1.82,8.39,20260824
090360,로보스타,-,-211.0,8.66,3.34,20260824
032190,다우데이타,2.97,6597.0,0.45,13.53,20260824
950260,인제니아테라퓨틱스(Reg.S),-,-622.0,49.03,0.0,20260824
417200,LS머트리얼즈,1226.67,9.0,4.07,9.22,20260824
033100,제룡전기,13.56,3421.0,3.01,5.33,20260824
122870,와이지엔터테인먼트,20.17,1953.0,1.43,11.4,20260824
093320,케이아이엔엑스,34.2,4348.0,3.48,43.69,20260824
041960,코미팜,-,-35.0,9.83,4.23,20260824
035760,CJ ENM,7.34,4455.0,0.24,11.45,20260824
137400,피엔티,9.21,3242.0,1.03,5.58,20260824
094170,동운아나텍,124.72,271.0,10.23,3.78,20260824
189300,인텔리안테크,20.02,3267.0,2.39,22.46,20260824
328130,루닛,-,-864.0,2.08,11.74,20260824
074600,원익QnC,29.36,889.0,1.35,12.1,20260824
466100,클로봇,-,-56.0,11.48,5.41,20260824
388210,씨엠티엑스,-,-3244.0,3.48,7.16,20260824
476060,온코닉테라퓨틱스,26.79,542.0,7.69,0.17,20260824
006730,서부T&D,7.71,1320.0,0.61,16.24,20260824
171090,선익시스템,7.67,8340.0,3.34,2.01,20260824
253450,스튜디오드래곤,44.41,483.0,0.85,9.09,20260824
048410,현대바이오,-,-297.0,6.22,6.92,20260824
014620,성광벤드,19.24,1258.0,1.16,35.54,20260824
102710,이엔에프테크놀로지,11.11,4007.0,1.32,22.07,20260824
053800,안랩,12.72,4472.0,1.37,27.03,20260824
032500,케이엠더블유,-,-656.0,4.13,6.18,20260824
456160,지투지바이오,-,-961.0,4.57,6.06,20260824
060250,NHN KCP,11.97,1284.0,1.92,10.17,20260824
327260,RF머트리얼즈,49.49,692.0,7.13,15.57,20260824
122640,예스티,97.43,292.0,4.13,4.82,20260824
222080,SFA넥셀,14.57,540.0,1.15,11.07,20260824
161580,필옵틱스,-,-1071.0,5.72,1.32,20260824
225570,넥슨게임즈,-,-781.0,2.71,2.96,20260824
079940,가비아,35.11,1293.0,3.28,42.84,20260824
121600,나노신소재,81.62,604.0,2.3,6.91,20260824
174900,앱클론,-,-862.0,11.67,8.78,20260824
059090,미코,86.93,199.0,3.41,23.09,20260824
044490,태웅,68.63,408.0,0.91,3.25,20260824
052400,코나아이,5.98,6586.0,1.99,3.7,20260824
160190,하이젠알앤엠,-,-230.0,5.12,2.03,20260824
023160,태광,7.01,3054.0,0.86,21.77,20260824
295310,에이치브이엠,34.65,1296.0,5.65,5.19,20260824
046890,서울반도체,-,-467.0,0.84,14.63,20260824
050890,쏠리드,10.11,896.0,1.45,18.0,20260824
397030,에이프릴바이오,-,-390.0,4.82,10.33,20260824
019210,와이지-원,11.34,1260.0,1.15,20.76,20260824
052020,에스티큐브,-,-353.0,8.29,5.86,20260824
112040,위메이드,20.53,758.0,1.36,8.28,20260824
053610,프로텍,13.51,4331.0,1.45,6.29,20260824
358570,지아이이노베이션,-,-546.0,4.86,8.52,20260824
399720,가온칩스,-,-886.0,9.48,0.37,20260824
425420,티에프이,25.85,1625.0,4.03,2.65,20260824
037460,삼지전자,2.66,11908.0,0.75,6.04,20260824
211050,인카금융서비스,6.74,1556.0,2.33,2.29,20260824
099190,아이센스,-,-209.0,1.54,25.6,20260824
033500,동성화인텍,8.01,2133.0,1.94,15.72,20260824
045100,한양이엔지,8.04,3580.0,0.7,19.69,20260824
009520,포스코엠텍,114.06,106.0,4.34,7.03,20260824
033790,피노,63.26,95.0,3.81,41.73,20260824
025980,아난티,-,-551.0,0.69,4.64,20260824
383310,에코프로에이치엔,35.3,670.0,1.62,8.91,20260824
041190,우리기술투자,4.48,1310.0,0.58,1.15,20260824
086900,메디톡스,34.06,1979.0,1.24,15.09,20260824
036810,에프에스티,-,-687.0,1.83,8.2,20260824
490470,세미파이브,-,-1349.0,2.1,5.27,20260824
015750,성우하이텍,2.97,2011.0,0.27,6.3,20260824
477850,마키나락스,-,-944.0,32.82,0.79,20260824
460930,현대힘스,18.89,702.0,1.79,0.84,20260824
365340,성일하이텍,-,-6364.0,4.17,3.19,20260824
376900,로킷헬스케어,-,-282.0,39.09,5.91,20260824
034950,한국기업평가,18.12,5635.0,4.51,80.82,20260824
126340,비나텍,-,-771.0,3.57,11.19,20260824
101160,월덱스,9.7,2831.0,1.24,19.63,20260824
082270,젬백스,-,-93.0,5.57,7.06,20260824
056080,유진로봇,-,-227.0,17.84,20.27,20260824
035890,서희건설,3.99,539.0,0.37,3.93,20260824
278280,천보,-,-6381.0,1.0,4.09,20260824
253590,네오셈,75.3,134.0,3.47,0.11,20260824
033640,네패스,62.44,307.0,3.57,10.7,20260824
368770,파이버프로,32.65,411.0,8.74,3.22,20260824
067160,SOOP,4.35,8802.0,0.9,27.91,20260824
475960,토모큐브,-,-255.0,11.46,1.8,20260824
018290,브이티,11.27,1112.0,1.64,8.0,20260824
214430,아이쓰리시스템,24.99,2385.0,3.0,4.33,20260824
376300,디어유,17.26,1061.0,2.05,3.36,20260824
077360,덕산하이메탈,-,-1937.0,1.89,5.0,20260824
064290,인텍플러스,1721.05,19.0,8.92,0.27,20260824
439960,코스모로보틱스,-,-843.0,29.39,0.11,20260824
024850,HLB이노베이션,-,-1094.0,1.75,0.0,20260824
144960,뉴파워프라즈마,24.53,391.0,1.3,8.87,20260824
030520,한컴,12.41,1388.0,1.13,5.13,20260824
104830,원익머트리얼즈,8.1,4045.0,0.77,16.48,20260824
092190,서울바이오시스,72.36,123.0,4.46,2.45,20260824
336570,원텍,12.17,375.0,2.49,3.05,20260824
332570,PS일렉트로닉스,14.69,590.0,2.93,0.0,20260824
272290,이녹스첨단소재,7.65,2652.0,0.94,9.31,20260824
027360,아주IB투자,29.17,114.0,1.5,7.23,20260824
042000,카페24,11.26,1480.0,1.5,18.5,20260824
219130,타이거일렉,54.62,1159.0,6.53,4.5,20260824
348370,엔켐,-,-6298.0,0.83,3.11,20260824
389470,인벤티지랩,132.89,225.0,4.58,11.42,20260824
125490,한라캐스트,94.78,115.0,3.67,1.92,20260824
064260,다날,-,-826.0,1.28,3.8,20260824
236200,슈프리마,7.74,7336.0,1.32,29.4,20260824
078130,국일제지,-,-22.0,3.31,0.01,20260824
095660,네오위즈,6.77,2696.0,0.67,21.33,20260824
486990,노타,-,-770.0,16.36,0.65,20260824
078340,컴투스,21.48,1478.0,0.37,11.85,20260824
089890,코세스,30.6,750.0,4.25,1.39,20260824
468530,프로티나,-,-1044.0,14.9,1.69,20260824
215200,메가스터디교육,4.47,8157.0,0.78,27.09,20260824
092730,네오팜,12.82,1829.0,1.91,28.65,20260824
170920,엘티씨,17.09,2054.0,2.47,3.49,20260824
025900,동화기업,-,-590.0,0.41,50.44,20260824
114810,한솔아이원스,17.74,733.0,1.64,4.78,20260824
078020,LS증권,10.81,608.0,0.42,2.4,20260824
013030,하이록코리아,6.9,4487.0,0.8,29.73,20260824
003800,에이스침대,5.95,5515.0,0.45,1.85,20260824
372320,큐로셀,-,-3336.0,14.62,1.88,20260824
089010,켐트로닉스,70.82,305.0,1.62,7.59,20260824
241770,메카로,26.8,1323.0,1.69,2.64,20260824
025320,시노펙스,76.67,51.0,2.01,0.4,20260824
060280,큐렉소,64.18,134.0,3.52,5.45,20260824
101730,위메이드맥스,-,-537.0,0.78,9.17,20260824
204620,글로벌텍스프리,10.22,491.0,2.32,16.99,20260824
348210,넥스틴,-,-710.0,2.35,14.51,20260824
036620,감성코퍼레이션,9.15,420.0,2.46,14.96,20260824
078160,메디포스트,-,-2061.0,1.43,2.95,20260824
067630,HLB생명과학,-,-272.0,1.22,5.52,20260824
033160,엠케이전자,14.94,944.0,0.79,10.28,20260824
080580,오킨스전자,29.14,555.0,5.39,7.84,20260824
069080,웹젠,11.84,914.0,0.46,28.96,20260824
900290,GRT,4.27,939.0,0.3,65.54,20260824
036800,나이스정보통신,7.52,977.0,0.8,28.37,20260824
206650,유바이오로직스,11.4,791.0,1.8,6.79,20260824
200710,에이디테크놀로지,56.06,437.0,2.32,1.84,20260824
199800,툴젠,-,-4189.0,6.17,1.25,20260824
107640,한중엔시에스,57.92,625.0,3.4,4.34,20260824
356680,엑스게이트,61.84,185.0,6.69,2.9,20260824
006910,보성파워텍,13.52,491.0,2.83,5.44,20260824
121440,골프존홀딩스,18.8,401.0,0.4,6.34,20260824
098120,마이크로컨텍솔,18.06,2151.0,3.76,13.6,20260824
290550,디케이티,9.81,1644.0,1.45,5.44,20260824
078350,한양디지텍,10.32,2034.0,1.58,4.54,20260824
069540,빛과전자,-,-340.0,3.56,1.95,20260824
215600,신라젠,-,-175.0,2.99,3.19,20260824
101930,인화정공,9.18,742.0,0.92,0.93,20260824
455900,엔젤로보틱스,-,-645.0,10.04,1.72,20260824
448900,한국피아이엠,-,-67.0,5.29,1.45,20260824
393890,더블유씨피,-,-5233.0,0.34,3.55,20260824
092460,한라IMS,11.48,1548.0,1.56,0.64,20260824
228760,지노믹트리,-,-328.0,2.44,2.03,20260824
330860,네패스아크,41.93,595.0,1.77,5.97,20260824
093520,매커스,12.02,2092.0,1.63,32.54,20260824
039440,에스티아이,17.37,1111.0,1.02,3.68,20260824
348340,뉴로메카,-,-2080.0,9.82,2.69,20260824
352480,씨앤씨인터내셔널,16.68,1313.0,0.83,0.64,20260824
079370,제우스,-,-358.0,0.89,7.76,20260824
243070,휴온스,9.7,2562.0,0.78,15.45,20260824
025770,한국정보통신,8.07,979.0,0.84,63.38,20260824
110990,디아이티,7.58,2066.0,1.19,6.59,20260824
054950,제이브이엠,10.43,2330.0,1.2,19.78,20260824
138080,오이솔루션,-,-1483.0,3.59,3.73,20260824
117730,티로보틱스,-,-1918.0,4.99,1.4,20260824
234340,헥토파이낸셜,21.5,965.0,1.63,3.43,20260824
084110,휴온스글로벌,12.14,1878.0,0.51,7.46,20260824
287840,인투셀,-,-764.0,13.55,4.67,20260824
043150,바텍,6.82,2846.0,0.56,22.65,20260824
377450,리파인,27.34,608.0,1.28,4.33,20260824
482630,삼양엔씨켐,14.09,933.0,2.18,3.5,20260824
035810,이지홀딩스,10.43,427.0,0.46,6.55,20260824
051500,CJ프레시웨이,5.55,4350.0,0.63,18.39,20260824
265520,AP시스템,7.57,2494.0,0.75,15.61,20260824
472850,폰드그룹,7.6,645.0,1.18,0.82,20260824
441270,파인엠텍,-,-230.0,1.47,4.11,20260824
439090,마녀공장,22.59,760.0,2.18,2.86,20260824
200670,휴메딕스,5.48,4573.0,0.9,7.01,20260824
136480,하림,15.29,173.0,0.84,5.33,20260824
091700,파트론,8.46,654.0,0.53,25.55,20260824
376270,HEM파마,-,-3608.0,192.57,1.04,20260824
017890,한국알콜,7.2,1856.0,0.47,23.39,20260824
035600,KG이니시스,5.64,1774.0,0.52,8.35,20260824
160980,싸이맥스,20.64,1221.0,1.42,4.17,20260824
389650,넥스트바이오메디컬,1187.5,28.0,5.6,2.51,20260824
200130,콜마비앤에이치,-,-60.0,0.7,3.49,20260824
424870,이뮨온시아,-,-346.0,10.33,3.24,20260824
168360,펨트론,2026.67,6.0,5.19,3.44,20260824
036200,유니셈,26.08,339.0,1.05,17.11,20260824
099440,스맥,-,-500.0,2.86,3.94,20260824
448280,에코아이,50.78,179.0,2.15,0.43,20260824
036890,진성티이씨,6.81,1797.0,0.79,13.52,20260824
049070,인탑스,9.22,1855.0,0.4,7.53,20260824
488900,비츠로넥스텍,-,-263.0,5.03,0.33,20260824
309710,아이티켐,-,-1505.0,4.3,0.0,20260824
294570,쿠콘,11.17,2377.0,1.5,2.44,20260824
098070,한텍,7.22,3325.0,1.6,4.38,20260824
159010,아스플로,36.28,551.0,4.39,5.09,20260824
092870,엑시콘,23.23,878.0,1.35,7.01,20260824
061970,LB세미콘,-,-2169.0,1.05,31.67,20260824
182400,엔케이젠바이오텍코리아,-,-18.0,40.33,0.0,20260824
417840,저스템,21.73,531.0,3.72,3.1,20260824
267980,매일유업,4.12,8340.0,0.39,14.01,20260824
042520,한스바이오메드,-,-1411.0,3.36,6.69,20260824
151860,KG에코솔루션,2.77,1968.0,0.16,2.73,20260824
180400,DXVX,-,-456.0,2.91,4.96,20260824
121800,비덴트,-,-534.0,0.42,1.48,20260824
481070,에이유브랜즈,23.52,755.0,3.43,1.96,20260824
340570,티앤엘,12.97,2406.0,2.42,13.94,20260824
377460,큐에이드,16.32,250.0,4.58,0.02,20260824
108860,셀바스AI,-,-179.0,2.29,0.55,20260824
091580,상신이디피,29.86,631.0,1.51,8.17,20260824
023410,유진기업,5.5,590.0,0.24,5.09,20260824
200470,에이팩트,24.08,245.0,3.06,1.61,20260824
484590,삼양컴텍,9.89,613.0,1.5,4.51,20260824
047920,HLB제약,90.24,84.0,1.9,0.0,20260824
018000,유니슨,-,-105.0,2.29,1.29,20260824
461300,아이스크림미디어,3.41,5422.0,0.98,7.0,20260824
389500,에스비비테크,-,-2573.0,10.43,4.45,20260824
365270,큐라클,-,-913.0,5.77,1.86,20260824
060720,KH바텍,15.39,653.0,0.8,7.35,20260824
304360,에스바이오메딕스,-,-684.0,28.97,2.27,20260824
100120,뷰웍스,8.71,3042.0,0.94,30.33,20260824
394280,오픈엣지테크놀로지,-,-1304.0,24.43,2.81,20260824
456010,아이씨티케이,-,-1039.0,5.02,3.95,20260824
094480,갤럭시아머니트리,27.85,214.0,1.95,2.68,20260824
053030,바이넥스,-,-393.0,1.26,7.07,20260824
064820,케이프,2.97,2540.0,0.75,2.29,20260824
043370,피에이치에이,4.7,2353.0,0.25,15.2,20260824
237880,클리오,13.14,975.0,0.91,2.45,20260824
064550,바이오니아,-,-226.0,1.13,5.26,20260824
068930,디지털대성,9.21,904.0,1.67,3.79,20260824
089980,상아프론테크,23.33,616.0,1.07,4.64,20260824
071200,인피니트헬스케어,5.64,1666.0,1.13,13.34,20260824
036030,케이티알파,5.17,903.0,0.76,1.16,20260824
085910,네오티스,25.56,649.0,3.03,10.23,20260824
389260,대명에너지,21.46,594.0,1.35,0.86,20260824
123330,제닉,8.73,3271.0,4.0,2.53,20260824
073490,LIG아큐버,22.32,1335.0,1.31,8.13,20260824
206640,바디텍메드,9.22,1118.0,0.93,3.75,20260824
061090,세나테크놀로지,9.54,4330.0,1.16,2.5,20260824
950170,JTC,-,-42.0,1.34,16.14,20260824
065710,서호전기,10.83,4026.0,2.19,2.19,20260824
024840,KBI메탈,11.09,469.0,1.31,1.57,20260824
445090,에이직랜드,-,-2443.0,3.02,0.89,20260824
378340,필에너지,-,-662.0,1.81,2.02,20260824
493280,아이엠바이오로직스,29.53,509.0,1.77,4.52,20260824
307180,아이엘,-,-348.0,5.24,1.5,20260824
114190,강원에너지,-,-283.0,6.64,1.05,20260824
241520,DSC인베스트먼트,10.61,787.0,1.68,7.28,20260824
298830,슈어소프트테크,19.3,215.0,2.0,4.92,20260824
314130,지놈앤컴퍼니,-,-142.0,1.79,4.34,20260824
304100,솔트룩스,-,-806.0,3.37,1.09,20260824
314930,바이오다인,151.84,49.0,4.95,4.32,20260824
005710,대원산업,3.1,3537.0,0.37,15.34,20260824
254490,미래반도체,4.45,3412.0,1.44,3.22,20260824
094360,칩스앤미디어,27.55,372.0,2.51,2.07,20260824
011560,세보엠이씨,5.75,3775.0,0.77,11.79,20260824
144510,지씨셀,-,-16327.0,1.14,3.14,20260824
215000,골프존,10.38,3354.0,0.48,16.75,20260824
452430,사피엔반도체,-,-45.0,15.43,3.95,20260824
217730,강스템바이오텍,-,-256.0,3.82,2.31,20260824
475400,씨메스로보틱스,-,-1503.0,4.19,1.83,20260824
095500,미래나노텍,14.54,474.0,0.62,2.61,20260824
067390,아스트,42.17,12.0,0.66,1.93,20260824
318060,그래피,-,-1034.0,11.52,4.19,20260824
019010,베뉴지,1.51,2898.0,0.4,0.43,20260824
014940,오리엔탈정공,10.04,462.0,1.53,4.52,20260824
023760,한국캐피탈,2.07,323.0,0.27,0.73,20260824
484810,티엑스알로보틱스,-,-1071.0,4.01,0.92,20260824
042370,비츠로테크,41.44,194.0,0.83,8.21,20260824
036710,심텍홀딩스,-,-344.0,13.68,23.32,20260824
099430,바이오플러스,14.93,228.0,1.18,3.34,20260824
317330,덕산테코피아,-,-3700.0,1.9,2.24,20260824
353810,이지바이오,6.25,1010.0,1.82,6.09,20260824
419530,SAMG엔터,6.62,3081.0,2.37,3.96,20260824
045390,대아티아이,11.48,256.0,1.32,3.99,20260824
290690,아리바이오홀딩스,-,-234.0,2.27,0.51,20260824
380540,옵티코어,-,-993.0,9.94,0.19,20260824
446540,메가터치,56.35,126.0,2.61,37.44,20260824
052330,코텍,7.02,1655.0,0.39,12.56,20260824
086390,유니테스트,-,-805.0,2.04,8.79,20260824
203650,드림시큐리티,25.25,80.0,1.61,3.94,20260824
036190,금화피에스시,6.85,4996.0,0.51,23.87,20260824
484120,도우인시스,8.21,2276.0,1.1,1.06,20260824
194700,노바렉스,4.83,2304.0,0.76,7.24,20260824
416180,신성에스티,-,-287.0,1.92,1.67,20260824
450950,아스테라시스,25.91,208.0,4.59,1.11,20260824
462860,더즌,17.33,163.0,2.67,0.54,20260824
112290,와이씨켐,62.58,159.0,4.09,2.45,20260824
452280,한선엔지니어링,89.91,116.0,2.19,4.46,20260824
065680,우주일렉트로,8.89,2434.0,0.64,10.21,20260824
102940,코오롱생명과학,5.44,2799.0,0.25,3.03,20260824
067080,대화제약,44.96,238.0,2.42,0.21,20260824
402030,코난테크놀로지,-,-867.0,8.0,0.6,20260824
018310,삼목에스폼,21.55,626.0,0.3,1.89,20260824
272110,케이엔제이,8.22,3005.0,1.87,6.96,20260824
036560,KZ정밀,13.04,964.0,0.32,4.39,20260824
013120,동원개발,7.44,291.0,0.18,3.06,20260824
462350,이노스페이스,-,-2903.0,4.15,3.22,20260824
243840,신흥에스이씨,30.48,166.0,0.63,7.85,20260824
216080,제테마,-,-141.0,2.67,3.01,20260824
125020,티씨머티리얼즈,40.96,135.0,2.34,4.11,20260824
354320,알멕,90.72,334.0,1.25,8.8,20260824
053300,한국정보인증,10.29,463.0,0.92,1.95,20260824
459510,나우로보틱스,-,-701.0,14.61,0.69,20260824
084850,아이티엠반도체,-,-3817.0,1.86,2.27,20260824
039830,오로라,7.57,2355.0,0.95,6.26,20260824
425040,티이엠씨,12.63,693.0,0.93,5.92,20260824
042420,네오위즈홀딩스,6.09,3870.0,0.42,4.0,20260824
034810,해성산업,-,-1818.0,0.28,1.56,20260824
058970,엠로,-,-53.0,2.05,3.17,20260824
119830,아이텍,-,-515.0,1.0,1.83,20260824
066620,국보디자인,4.17,6085.0,0.52,13.74,20260824
064850,에프앤가이드,11.79,1412.0,2.47,10.15,20260824
138610,나이벡,25.84,646.0,4.04,3.82,20260824
187660,페니트리움바이오,-,-246.0,6.21,2.44,20260824
214180,헥토이노베이션,6.33,2285.0,0.82,15.34,20260824
046970,우리로,51.57,83.0,4.43,3.22,20260824
016790,현대사료,71.0,14.0,2.67,2.38,20260824
143240,사람인,2.04,8564.0,0.67,23.41,20260824
190510,나무가,9.37,1403.0,1.09,6.13,20260824
086820,바이오솔루션,263.7,27.0,4.38,2.4,20260824
192440,슈피겐코리아,5.23,5671.0,0.31,11.9,20260824
204610,티쓰리,11.02,298.0,1.8,3.81,20260824
220100,퓨쳐켐,-,-484.0,3.47,6.32,20260824
049430,코메론,7.82,2571.0,0.71,22.25,20260824
194480,데브시스터즈,-,-1191.0,1.08,2.03,20260824
357550,석경에이티,39.98,828.0,3.84,1.5,20260824
126600,BGF에코머티리얼즈,12.49,227.0,0.42,1.01,20260824
115450,HLB테라퓨틱스,-,-203.0,1.22,4.21,20260824
176750,듀켐바이오,25.47,245.0,3.53,0.95,20260824
078150,HB테크놀러지,3.65,508.0,0.55,2.04,20260824
082800,비보존 제약,-,-636.0,1.79,1.59,20260824
264850,이랜시스,38.53,150.0,3.19,1.06,20260824
293780,압타바이오,-,-743.0,4.24,1.51,20260824
230240,에치에프알,-,-1333.0,1.27,10.95,20260824
270660,에브리봇,-,-1025.0,2.83,0.04,20260824
054210,이랜텍,4.21,1626.0,0.6,6.57,20260824
394800,쓰리빌리언,54.95,99.0,6.1,13.11,20260824
143160,아이디스,10.6,1518.0,0.65,2.34,20260824
126700,하이비젼시스템,-,-1625.0,0.6,12.05,20260824
068790,DMS,1.4,5432.0,0.39,4.5,20260824
222040,코스맥스엔비티,6.15,1351.0,1.85,5.75,20260824
080160,모두투어,13.79,652.0,1.77,10.53,20260824
092130,이크레더블,12.95,1089.0,3.96,9.86,20260824
464080,에스오에스랩,-,-1120.0,8.28,1.53,20260824
012860,모베이스전자,6.99,329.0,0.65,4.78,20260824
308430,셀비온,21.78,597.0,4.92,3.67,20260824
179290,엠아이텍,8.65,599.0,1.32,6.32,20260824
012210,삼미금속,69.9,104.0,1.6,0.58,20260824
245620,EDGC,0.34,2199.0,1.88,0.47,20260824
256840,한국비엔씨,-,-48.0,0.73,5.21,20260824
083930,아바코,5.36,2121.0,0.75,5.35,20260824
108380,대양전기공업,6.33,2751.0,0.59,7.17,20260824
038390,레드캡투어,6.95,1434.0,0.82,7.09,20260824
094820,일진파워,7.42,1486.0,1.1,4.47,20260824
417030,니어스랩,-,-4142.0,25.31,0.99,20260824
041920,메디아나,27.22,327.0,1.19,5.42,20260824
403850,더핑크퐁컴퍼니,7.92,1448.0,0.86,5.12,20260824
052710,아모텍,33.41,337.0,1.24,8.4,20260824
382800,지앤비에스 에코,7.58,679.0,1.27,9.43,20260824
083310,엘오티베큠,-,-237.0,0.6,8.76,20260824
372170,윤성에프앤씨,-,-2401.0,0.92,1.18,20260824
950140,잉글우드랩,4.99,1632.0,0.89,11.59,20260824
388050,지투파워,21.52,400.0,3.81,1.83,20260824
049630,재영솔루텍,5.6,1233.0,1.35,0.0,20260824
123860,아나패스,55.06,241.0,2.09,4.23,20260824
475040,스트라드비젼,-,-1143.0,1.86,0.36,20260824
153890,져스텍,-,-147.0,5.14,0.63,20260824
066410,버킷스튜디오,-,-400.0,1.34,0.5,20260824
093190,빅솔론,5.61,1475.0,0.57,9.65,20260824
046070,코다코,-,-141.0,14.2,0.11,20260824
023910,대한약품,5.89,4496.0,0.52,20.1,20260824
032620,GC메디아이,4.57,663.0,1.08,2.18,20260824
289080,SV인베스트먼트,-,-18.0,2.04,3.09,20260824
119610,인터로조,10.81,1279.0,1.15,5.09,20260824
199820,제일일렉트릭,22.26,318.0,1.0,3.36,20260824
101970,우양에이치씨,72.81,146.0,0.83,0.44,20260824
072870,메가스터디,5.75,2290.0,0.46,18.89,20260824
489460,바이오비쥬,24.57,433.0,2.46,0.33,20260824
011040,경동제약,13.49,378.0,0.62,2.01,20260824
126730,코칩,21.98,812.0,2.41,0.67,20260824
260970,에스앤디,6.93,7810.0,1.79,5.58,20260824
104480,티케이케미칼,2.53,676.0,0.12,4.27,20260824
234690,녹십자웰빙,82.0,105.0,1.43,3.44,20260824
024800,유성티엔에스,3.16,1387.0,0.27,1.33,20260824
123410,코리아에프티,3.69,1498.0,0.57,45.1,20260824
122990,와이솔,-,-460.0,0.53,10.96,20260824
054800,아이디스홀딩스,3.37,4412.0,0.33,0.17,20260824
046440,KG파이낸셜,6.63,609.0,0.41,4.63,20260824
039840,디오,7.26,1569.0,0.79,15.07,20260824
078070,유비쿼스홀딩스,5.93,1509.0,0.54,2.86,20260824
126640,화신정공,8.5,512.0,1.18,4.0,20260824
007330,푸른저축은행,7.12,1415.0,0.37,1.71,20260824
024060,흥구석유,374.44,27.0,1.8,1.98,20260824
264450,유비쿼스,4.68,2208.0,0.74,5.96,20260824
042600,새로닉스,8.18,1489.0,1.43,4.65,20260824
065660,안트로젠,-,-162.0,1.87,4.32,20260824
086670,비엠티,7.59,1992.0,1.02,3.09,20260824
114840,아이패밀리에스씨,8.14,1103.0,1.34,5.15,20260824
355150,코스텍시스,201.89,95.0,5.23,16.71,20260824
092070,디엔에프,68.25,189.0,0.97,4.84,20260824
187870,디바이스,5.28,2054.0,0.87,7.81,20260824
138360,앤로보틱스,10.34,164.0,1.49,4.94,20260824
089600,KT나스미디어,19.88,648.0,0.73,5.27,20260824
023600,삼보판지,5.73,1609.0,0.24,4.08,20260824
048870,시너지이노베이션,24.06,69.0,0.68,14.47,20260824
039860,나노엔텍,50.13,76.0,1.57,1.23,20260824
494120,큐리오시스,-,-550.0,5.87,5.96,20260824
445180,퓨릿,7.9,1066.0,1.25,7.18,20260824
338840,와이바이오로직스,-,-2961.0,6.36,6.87,20260824
036170,에이치엠넥스,12.24,192.0,1.03,3.76,20260824
041020,폴라리스오피스,24.33,119.0,1.59,2.85,20260824
474650,링크솔루션,-,-1682.0,4.15,6.41,20260824
095700,제넥신,-,-709.0,0.72,3.73,20260824
049960,쎌바이오텍,10.68,1426.0,0.78,4.29,20260824
054450,텔레칩스,-,-3777.0,0.96,2.32,20260824
310200,애니플러스,14.32,190.0,1.15,2.79,20260824
189330,씨이랩,-,-609.0,6.77,7.31,20260824
046120,오르비텍,8.36,500.0,1.37,7.32,20260824
382900,범한퓨얼셀,-,-7.0,0.87,3.1,20260824
079960,동양이엔피,3.09,6059.0,0.31,7.72,20260824
093640,케이알엠,-,-407.0,2.03,0.02,20260824
067280,멀티캠퍼스,6.07,3929.0,0.63,4.07,20260824
389020,자람테크놀로지,-,-877.0,2.84,2.69,20260824
005990,매일홀딩스,3.92,2682.0,0.3,1.1,20260824
001540,안국약품,8.6,1247.0,0.72,5.01,20260824
199430,케이엔알시스템,-,-804.0,5.49,1.36,20260824
405100,큐알티,26.5,428.0,1.54,5.53,20260824
013990,아가방컴퍼니,10.76,393.0,0.63,3.93,20260824
300080,플리토,24.69,341.0,7.29,6.88,20260824
040350,크레오에스지,-,-382.0,2.93,0.04,20260824
418550,제이오,-,-257.0,0.76,1.97,20260824
060150,인선이엔티,-,-78.0,0.43,3.94,20260824
469610,이노테크,14.97,1029.0,2.0,0.37,20260824
003100,선광,3.44,6068.0,0.3,8.17,20260824
293580,나우IB,-,-10.0,1.34,1.91,20260824
086890,이수앱지스,-,-54.0,1.19,1.89,20260824
134580,탑코미디어,139.25,20.0,3.8,1.78,20260824
051160,지어소프트,8.66,1023.0,0.77,18.51,20260824
069510,에스텍,3.52,3554.0,0.44,57.92,20260824
051370,인터플렉스,3.93,1490.0,0.42,7.36,20260824
334970,프레스티지바이오로직스,-,-456.0,1.27,41.73,20260824
205500,넥써쓰,-,-119.0,3.02,1.21,20260824
118990,모트렉스,7.81,709.0,0.46,3.31,20260824
038290,마크로젠,35.48,352.0,0.89,4.1,20260824
035080,그래디언트,-,-2093.0,0.3,3.44,20260824
274090,켄코아에어로스페이스,-,-1071.0,0.78,9.48,20260824
101360,에코앤드림,-,-520.0,0.62,4.15,20260824
251370,와이엠티,-,-8.0,0.67,4.71,20260824
408920,메쎄이상,7.82,399.0,1.67,3.1,20260824
084990,헬릭스미스,-,-7.0,0.95,3.9,20260824
035610,솔본,4.32,1136.0,0.62,1.27,20260824
005160,동국산업,-,-398.0,0.36,1.84,20260824
041520,이엘씨,8.04,1357.0,0.73,2.59,20260824
049720,고려신용정보,10.03,921.0,2.15,3.79,20260824
147830,제룡산업,9.38,704.0,1.47,4.64,20260824
088800,에이스테크,-,-337.0,2.34,0.0,20260824
080420,모다이노칩,-,-139.0,0.37,0.08,20260824
255220,SG,-,-136.0,1.08,2.43,20260824
394420,리센스메디컬,-,-2058.0,6.09,5.06,20260824
264660,씨앤지하이테크,6.48,2045.0,0.85,2.95,20260824
489500,엘케이켐,20.73,965.0,2.0,2.32,20260824
136540,윈스테크넷,6.96,1496.0,0.61,8.78,20260824
340450,지씨지놈,27.09,199.0,1.61,3.06,20260824
094840,슈프리마에이치큐,8.56,1513.0,0.5,14.51,20260824
192410,오늘이엔엠,-,-4510.0,22.9,0.24,20260824
263860,지니언스,14.6,953.0,1.95,26.53,20260824
212560,네오오토,7.12,1314.0,0.79,1.33,20260824
146320,비씨엔씨,47.95,205.0,1.58,3.41,20260824
036690,코맥스,-,-503.0,3.81,0.21,20260824
322510,제이엘케이,-,-556.0,3.24,1.74,20260824
122450,KX,6.18,452.0,0.34,2.3,20260824
473980,노머스,8.9,1289.0,1.17,2.51,20260824
102120,어보브반도체,13.51,518.0,0.95,5.32,20260824
285490,노바텍,6.91,1699.0,0.78,4.99,20260824
106190,하이텍팜,13.75,849.0,0.96,46.34,20260824
009780,엠에스씨,5.33,1322.0,0.64,2.19,20260824
322310,오로스테크놀로지,-,-1191.0,2.08,8.71,20260824
052260,현대바이오랜드,9.92,416.0,0.89,2.83,20260824
048550,SM C&C,-,-16.0,1.54,3.09,20260824
115310,인포바인,20.17,413.0,0.65,8.55,20260824
032580,피델릭스,7.97,467.0,2.09,36.02,20260824
321550,티움바이오,-,-492.0,3.51,4.33,20260824
140670,알에스오토메이션,-,-332.0,2.15,4.06,20260824
388790,라이콤,-,-9.0,5.86,1.34,20260824
086980,쇼박스,28.46,69.0,0.98,2.23,20260824
226590,엠디바이스,9.22,1236.0,2.3,2.73,20260824
232680,라온로보틱스,26.02,354.0,2.47,3.63,20260824
228850,레이언스,316.96,23.0,0.48,3.4,20260824
142210,유니트론텍,5.22,1115.0,0.8,2.86,20260824
148150,세경하이테크,3.99,850.0,0.68,1.51,20260824
432720,퀄리타스반도체,-,-1326.0,3.93,2.5,20260824
457550,우진엔텍,19.46,665.0,2.3,4.63,20260824
240550,동방메디컬,8.61,669.0,0.92,1.18,20260824
297890,HB솔루션,3.23,507.0,0.46,1.63,20260824
095190,신화프리텍,-,-59.0,1.09,1.08,20260824
413630,씨피시스템,29.77,110.0,2.68,1.27,20260824
027710,팜스토리,5.17,207.0,0.43,2.11,20260824
220260,켐트로스,50.2,74.0,1.18,2.41,20260824
267320,나인테크,-,-252.0,1.28,1.98,20260824
021320,KCC건설,2.48,2222.0,0.2,3.24,20260824
163730,핑거,-,-18.0,2.03,4.61,20260824
101170,우림피티에스,54.38,160.0,1.39,2.96,20260824
211270,AP위성,-,-260.0,1.08,2.14,20260824
047770,코데즈컴바인,12.48,248.0,1.51,1.05,20260824
265740,엔에프씨,8.7,753.0,1.64,3.05,20260824
417500,제이아이테크,10.71,333.0,1.4,6.21,20260824
308080,바이젠셀,-,-807.0,2.84,2.94,20260824
036630,세종텔레콤,23.11,360.0,0.5,0.37,20260824
330350,위더스제약,15.98,552.0,1.14,2.34,20260824
059120,아진엑스텍,23.52,270.0,2.69,1.2,20260824
149950,아바텍,14.86,572.0,0.78,2.51,20260824
307750,국전,-,-36.0,1.03,1.81,20260824
041590,플래스크,52.67,45.0,2.79,1.55,20260824
246710,티앤알바이오팹,-,-819.0,5.4,2.64,20260824
361390,제노코,-,-223.0,1.78,21.2,20260824
053080,케이엔솔,-,-4522.0,0.92,0.98,20260824
090850,현대이지웰,5.41,945.0,1.03,17.33,20260824
451760,컨텍,-,-150.0,1.12,4.69,20260824
458650,성우,24.66,309.0,0.51,1.21,20260824
396300,세아메카닉스,13.8,313.0,1.44,0.9,20260824
339950,아이비김영,5.35,475.0,1.88,2.4,20260824
217270,넵튠,-,-871.0,0.34,2.05,20260824
418420,라온텍,-,-247.0,8.48,2.89,20260824
256940,킵스파마,-,-120.0,1.7,2.89,20260824
333430,일승,8.62,428.0,2.15,0.55,20260824
049520,유아이엘,5.4,680.0,0.56,5.91,20260824
108230,톱텍,-,-79.0,0.28,3.04,20260824
311320,지오엘리먼트,15.52,576.0,1.79,3.3,20260824
452450,피아이이,-,-752.0,2.56,1.72,20260824
950190,고스트스튜디오,14.7,589.0,0.71,28.95,20260824
067290,JW신약,11.46,175.0,2.61,0.67,20260824
073010,케이에스피,14.19,197.0,1.28,2.54,20260824
282880,코윈테크,66.14,145.0,0.63,2.92,20260824
259630,엠플러스,3.87,2367.0,0.97,6.32,20260824
478340,나라스페이스테크놀로지,-,-783.0,2.49,3.86,20260824
063570,NICE인프라,12.77,256.0,0.55,2.63,20260824
056090,시지메드텍,16.86,64.0,1.18,4.2,20260824
242040,나무에이엑스,355.56,9.0,2.67,5.51,20260824
008830,대동기어,-,-282.0,1.13,4.12,20260824
038540,상상인,-,-2028.0,0.28,4.11,20260824
158430,아톤,107.14,42.0,1.06,3.89,20260824
290720,푸드나무,-,-87.0,3.49,0.43,20260824
067900,와이엔텍,3.52,1716.0,0.32,3.56,20260824
366030,나인앤컴퍼니,10.09,479.0,1.28,0.81,20260824
018120,진로발효,9.86,1677.0,1.27,0.54,20260824
041440,현대에버다임,15.64,392.0,0.57,3.58,20260824
037350,성도이엔지,3.42,2101.0,0.37,4.8,20260824
051360,토비스,3.56,3179.0,0.59,15.59,20260824
299030,하나기술,-,-951.0,1.12,0.48,20260824
474170,루미르,265.22,23.0,1.77,3.98,20260824
123040,엠에스오토텍,-,-1607.0,0.51,1.23,20260824
053700,삼보모터스,11.5,353.0,0.23,0.12,20260824
105330,케이엔더블유,-,-366.0,0.89,1.27,20260824
074430,아미노로직스,47.19,26.0,1.89,2.41,20260824
017510,세명전기,8.63,820.0,1.14,4.55,20260824
054920,한컴위드,18.48,207.0,0.65,2.72,20260824
054050,NH농우바이오,8.8,764.0,0.38,2.37,20260824
453450,그리드위즈,50.19,270.0,0.82,1.3,20260824
051980,중앙첨단소재,-,-34.0,1.03,4.18,20260824
120240,대정화금,7.38,2019.0,0.58,3.15,20260824
067990,도이치모터스,29.28,125.0,0.29,3.85,20260824
166480,코아스템켐온,-,-729.0,2.01,1.31,20260824
037070,파세코,34.61,154.0,1.3,0.29,20260824
039340,한국경제TV,19.42,249.0,0.53,1.28,20260824
073560,우리손에프앤지,4.12,372.0,0.33,4.14,20260824
109740,디에스케이,-,-550.0,1.0,0.95,20260824
402490,그린리소스,7.49,836.0,1.36,7.4,20260824
059210,메타바이오메드,10.89,358.0,0.83,5.44,20260824
047310,파워로직스,12.44,232.0,0.49,5.83,20260824
006620,동구바이오제약,3.19,1160.0,0.71,1.64,20260824
488280,에스투더블유,-,-615.0,4.85,1.57,20260824
021080,에이티넘인베스트,3.91,559.0,0.5,9.37,20260824
950220,네오이뮨텍,-,-816.0,1.85,0.24,20260824
141000,비아트론,22.45,383.0,0.48,4.07,20260824
115500,케이씨에스,39.18,220.0,5.79,2.88,20260824
336680,탑런토탈솔루션,43.92,60.0,0.54,0.81,20260824
297090,씨에스베어링,9.15,412.0,0.96,2.92,20260824
032940,원익,10.83,521.0,0.36,4.0,20260824
100700,세운메디칼,8.11,288.0,0.64,2.62,20260824
338220,뷰노,-,-463.0,2.49,2.18,20260824
066590,스모트로닉,-,-141.0,1.22,2.56,20260824
309960,LB인베스트먼트,7.85,556.0,0.81,2.52,20260824
091440,한울소재과학,-,-1012.0,2.92,0.66,20260824
475580,에이럭스,-,-809.0,2.23,1.27,20260824
131030,옵투스제약,7.51,758.0,0.56,3.94,20260824
071280,로체시스템즈,8.38,778.0,0.71,46.32,20260824
417010,나노팀,207.08,24.0,2.08,2.31,20260824
396470,워트,19.56,316.0,1.47,1.16,20260824
331920,셀레믹스,-,-960.0,4.15,1.55,20260824
246720,아스타,-,-223.0,5.47,1.07,20260824
039560,다산네트웍스,-,-192.0,0.35,6.56,20260824
053260,금강철강,182.07,29.0,0.66,0.54,20260824
362320,청담글로벌,17.34,273.0,0.94,0.01,20260824
052860,아이앤씨,19.03,288.0,2.49,1.63,20260824
475230,엔알비,-,-292.0,1.08,7.81,20260824
066790,씨씨에스,-,-234.0,3.81,0.31,20260824
474610,RF시스템즈,14.81,455.0,1.77,8.15,20260824
086710,선진뷰티사이언스,19.61,406.0,1.14,1.51,20260824
063170,서울옥션,-,-342.0,0.94,2.8,20260824
352090,스톰테크,9.28,388.0,1.12,1.76,20260824
036220,오상헬스케어,-,-305.0,0.33,1.1,20260824
068240,다원시스,-,-3748.0,-,5.43,20260824
298540,더네이쳐홀딩스,-,-142.0,0.28,8.68,20260824
042500,링네트,8.31,515.0,0.76,5.75,20260824
083500,에프엔에스테크,10.54,1088.0,0.99,15.7,20260824
049950,미래컴퍼니,-,-361.0,0.79,3.17,20260824
129920,대성하이텍,-,-1464.0,1.83,9.24,20260824
079650,서산,-,-11.0,1.36,0.63,20260824
029480,광무,3.11,510.0,0.39,1.23,20260824
040300,YTN,-,-274.0,0.42,0.73,20260824
307930,컴퍼니케이,9.41,645.0,1.13,1.38,20260824
348350,위드텍,9.79,986.0,0.74,2.03,20260824
005860,한일사료,17.19,139.0,0.58,3.72,20260824
013310,아진산업,2.46,982.0,0.25,3.37,20260824
017650,대림제지,25.24,424.0,0.33,3.38,20260824
380550,뉴로핏,-,-2107.0,4.89,7.34,20260824
107600,새빗켐,-,-2291.0,2.01,1.42,20260824
255440,야스,17.98,396.0,0.61,5.87,20260824
089230,THE E&M,-,-1224.0,3.92,1.16,20260824
323990,박셀바이오,-,-632.0,1.62,5.45,20260824
317770,엑스페릭스,-,-430.0,1.0,1.78,20260824
002230,피에스텍,6.38,788.0,0.6,8.28,20260824
357880,SKAI,-,-438.0,4.61,1.08,20260824
282620,기도산업,2.19,7134.0,0.52,0.93,20260824
052460,아이크래프트,9.92,637.0,1.77,7.28,20260824
387690,레메디,15.41,777.0,5.52,1.68,20260824
125210,아모그린텍,14.91,371.0,1.09,7.58,20260824
156100,엘앤케이바이오,-,-352.0,1.54,7.79,20260824
040420,정상제이엘에스,12.26,473.0,1.0,4.78,20260824
205100,엑셈,7.94,170.0,0.78,6.98,20260824
088130,동아엘텍,2.03,2556.0,0.48,10.34,20260824
099750,이지케어텍,13.15,505.0,1.99,1.16,20260824
217820,원익피앤이,-,-298.0,0.88,3.35,20260824
023900,풍국주정,9.61,746.0,0.53,1.61,20260824
187790,나노,36.56,80.0,2.22,2.11,20260824
493330,지에프아이,-,-24.0,1.3,1.41,20260824
263720,디앤씨미디어,11.42,635.0,0.93,1.86,20260824
419050,삼기에너지솔루션즈,-,-75.0,1.24,1.09,20260824
487400,케이앤에스아이앤씨,-,-362.0,5.75,0.38,20260824
093920,서원인텍,11.74,411.0,0.42,3.65,20260824
235980,메드팩토,-,-413.0,2.27,4.39,20260824
053580,웹케시,7.14,966.0,0.78,2.55,20260824
250060,모비스,-,-50.0,2.71,3.2,20260824
290660,다이나믹솔루션,-,-552.0,1.61,0.0,20260824
322180,LS티라유텍,-,-358.0,1.59,2.79,20260824
009300,삼아제약,8.44,1655.0,0.37,2.83,20260824
172670,에이엘티,-,-816.0,0.97,7.25,20260824
052420,오성첨단소재,1.78,5113.0,0.28,0.03,20260824
209640,와이제이링크,-,-109.0,1.14,4.84,20260824
330730,스톤브릿지벤처스,3.62,1338.0,0.83,2.37,20260824
357230,에이치피오,9.2,232.0,0.58,1.2,20260824
048530,인트론바이오,-,-272.0,1.37,2.51,20260824
078140,대봉엘에스,12.02,659.0,0.62,5.41,20260824
036010,아비코전자,7.82,844.0,0.73,19.87,20260824
047560,이스트소프트,-,-1204.0,1.51,3.95,20260824
226400,오스테오닉,9.23,455.0,1.2,6.73,20260824
109610,에스와이,-,-281.0,0.5,2.16,20260824
130580,나이스디앤비,6.25,896.0,0.76,44.66,20260824
096240,크레버스,14.27,590.0,1.41,2.89,20260824
282720,금양그린파워,-,-78.0,0.77,1.0,20260824
032300,한국파마,-,-71.0,1.17,1.92,20260824
004650,창해에탄올,6.52,1435.0,0.5,2.2,20260824
042510,라온시큐어,20.86,371.0,1.62,2.98,20260824
044990,에이치엔에스하이텍,7.03,1591.0,0.75,2.86,20260824
072020,중앙백신,12.03,768.0,0.8,2.55,20260824
065450,빅텍,18.68,155.0,1.39,2.94,20260824
033290,로젠,4.76,319.0,0.2,0.0,20260824
289930,웨이비스,1.58,4095.0,0.81,8.4,20260824
063080,컴투스홀딩스,18.9,684.0,0.38,1.97,20260824
053350,이니텍,124.84,31.0,0.57,1.32,20260824
337930,젝시믹스,7.21,398.0,0.73,5.12,20260824
149980,하이로닉,34.86,142.0,1.09,1.21,20260824
302550,리메드,41.67,66.0,2.14,0.0,20260824
270520,앱튼,-,-1743.0,0.91,0.0,20260824
039980,폴라리스AI,-,-60.0,0.89,0.0,20260824
182360,큐브엔터,-,-575.0,0.53,3.65,20260824
950130,엑세스바이오,-,-2204.0,0.16,4.92,20260824
025950,동신건설,49.61,203.0,0.87,0.85,20260824
413390,엠오티,23.78,307.0,1.42,2.03,20260824
076610,해성옵틱스,-,-3.0,3.24,0.74,20260824
217190,제너셈,456.43,14.0,1.7,5.64,20260824
049180,셀루메드,-,-41.0,3.52,1.71,20260824
183490,엔지켐생명과학,-,-213.0,0.56,2.8,20260824
038680,에스넷,9.6,438.0,0.73,4.64,20260824
066980,한성크린텍,-,-46.0,1.36,1.14,20260824
019550,SBI인베스트먼트,6.24,165.0,0.55,5.99,20260824
223250,드림씨아이에스,240.0,14.0,1.1,50.29,20260824
007820,엠엑스로보틱스,-,-491.0,1.53,1.8,20260824
201490,미투온,279.44,9.0,0.52,1.3,20260824
058820,CMG제약,-,-57.0,0.41,7.55,20260824
185490,아이진,-,-468.0,1.52,1.53,20260824
306620,지아이에스,-,-80.0,1.42,1.42,20260824
215100,로보로보,-,-110.0,2.83,1.85,20260824
102370,케이옥션,-,-158.0,0.78,1.4,20260824
037030,파워넷,6.57,487.0,0.53,7.29,20260824
054670,대한뉴팜,5.2,1092.0,0.58,0.32,20260824
950250,테라뷰,-,-285.0,2.27,0.02,20260824
175250,아이큐어,-,-849.0,3.14,3.4,20260824
452190,한빛레이저,22.82,149.0,2.57,4.32,20260824
412540,제일엠앤에스,-,-569.0,-,0.77,20260824
037760,쎄니트,-,-109.0,0.9,0.34,20260824
253840,수젠텍,-,-1461.0,1.02,1.86,20260824
418470,KT밀리의서재,5.29,1780.0,0.91,7.4,20260824
086960,MDS테크,7.74,245.0,0.51,2.49,20260824
137950,제이씨케미칼,-,-15.0,0.55,4.15,20260824
263800,데이타솔루션,26.81,185.0,2.35,4.24,20260824
036640,HRS,4.91,1003.0,0.59,3.44,20260824
066430,아이로보틱스,33.69,61.0,1.81,3.72,20260824
066700,테라젠이텍스,8.24,262.0,0.6,2.27,20260824
389030,지니너스,-,-509.0,2.92,4.05,20260824
214680,디알텍,-,-148.0,1.0,1.5,20260824
487580,폴레드,7.21,441.0,1.68,6.38,20260824
054540,삼영엠텍,5.35,1147.0,0.85,5.15,20260824
040910,아이씨디,55.51,79.0,0.75,3.16,20260824
104460,디와이피엔에프,4.22,1794.0,0.49,3.6,20260824
053280,예스24,-,-601.0,0.45,1.11,20260824
011370,서한,4.14,189.0,0.15,4.36,20260824
012700,리드코프,4.05,743.0,0.18,2.83,20260824
033560,블루콤,17.67,260.0,0.4,1.61,20260824
067000,조이시티,-,-143.0,0.9,3.07,20260824
038110,에코플라스틱,-,-152.0,0.21,1.88,20260824
131370,알서포트,91.94,16.0,0.8,19.49,20260824
381620,제닉스로보틱스,-,-584.0,1.71,1.22,20260824
101330,모베이스,2.55,1318.0,0.19,3.33,20260824
251120,바이오에프디엔씨,11.64,767.0,1.07,10.98,20260824
045970,코아시아,-,-228.0,0.87,4.98,20260824
078890,가온그룹,10.42,402.0,0.58,7.16,20260824
432470,케이엔에스,-,-287.0,1.35,0.88,20260824
331380,포커스에이아이,-,-409.0,2.7,0.97,20260824
045660,에이텍,-,-1471.0,0.69,6.39,20260824
124560,태웅로직스,-,-150.0,0.26,3.54,20260824
212710,아이에스티이,-,-130.0,3.22,7.78,20260824
040160,누리플렉스,-,-468.0,1.01,27.88,20260824
052900,KX하이텍,7.19,139.0,0.47,7.02,20260824
100130,동국S&C,-,-312.0,0.44,2.37,20260824
198440,강동씨앤엘,125.5,10.0,0.58,0.96,20260824
058630,엠게임,5.32,765.0,0.57,11.66,20260824
900260,로스웰,2.42,686.0,0.25,57.46,20260824
463020,뉴엔AI,-,-73.0,1.41,0.96,20260824
483350,딜리셔스,18.54,188.0,3.55,1.64,20260824
073640,테라사이언스,-,-128.0,2.48,0.57,20260824
205470,휴마시스,-,-403.0,0.32,0.0,20260824
371950,풍원정밀,-,-981.0,8.78,0.4,20260824
347890,엠엑스온,44.21,101.0,0.97,1.15,20260824
115440,우리넷,-,-117.0,0.76,6.13,20260824
475430,키스트론,7.18,592.0,0.39,2.86,20260824
080010,이상네트웍스,5.31,1451.0,0.5,5.13,20260824
142280,녹십자엠에스,15.34,206.0,1.54,1.86,20260824
090470,제이스로보틱스,-,-1501.0,0.58,1.82,20260824
451250,삐아,10.79,686.0,1.58,1.55,20260824
024830,세원물산,4.17,2173.0,0.19,1.88,20260824
214260,라파스,-,-455.0,2.58,0.01,20260824
290740,액트로,7.26,1031.0,0.81,13.91,20260824
024880,케이피에프,4.21,895.0,0.27,4.78,20260824
047820,초록뱀미디어,280.0,11.0,0.28,0.02,20260824
377480,마음AI,-,-780.0,3.16,0.26,20260824
019540,일지테크,1.38,4020.0,0.35,8.43,20260824
017480,삼현철강,10.14,476.0,0.38,4.19,20260824
217330,싸이토젠,-,-456.0,2.23,2.46,20260824
091120,이엠텍,-,-684.0,0.35,6.26,20260824
091590,남화토건,6.38,994.0,0.44,0.92,20260824
170030,현대공업,3.22,1504.0,0.41,5.03,20260824
208140,정다운,12.31,184.0,0.59,1.89,20260824
128660,피제이메탈,9.71,307.0,1.03,2.49,20260824
265560,영화테크,3.08,2237.0,0.72,1.95,20260824
307870,비투엔,-,-165.0,2.0,0.4,20260824
234300,에스트래픽,50.94,53.0,0.75,2.22,20260824
950200,소마젠,-,-83.0,2.58,0.0,20260824
067370,선바이오,17.05,352.0,2.44,0.39,20260824
382840,원준,-,-1055.0,0.69,1.63,20260824
065510,휴비츠,-,-320.0,0.66,3.34,20260824
060590,씨티씨바이오,9.69,311.0,0.91,1.76,20260824
011320,유니크,5.46,690.0,0.52,2.68,20260824
000440,중앙에너비스,-,-161.0,1.05,3.5,20260824
004590,한국가구,5.07,957.0,0.37,4.0,20260824
054040,한국컴퓨터,2.9,1557.0,0.35,2.69,20260824
173130,오파스넷,5.54,1004.0,1.08,4.51,20260824
478560,블랙야크아이앤씨,-,-97.0,1.99,0.98,20260824
036000,예림당,0.52,6046.0,0.28,2.26,20260824
171120,라이온켐텍,4.87,414.0,0.51,3.21,20260824
010280,아이티센엔텍,1.7,3261.0,0.62,0.0,20260824
225530,HC보광산업,-,-60.0,0.81,0.59,20260824
030960,양지사,93.85,48.0,0.33,0.85,20260824
234920,자이글,-,-247.0,3.68,0.49,20260824
365330,에스와이스틸텍,-,-72.0,0.76,5.38,20260824
041930,SY동아,4.32,1092.0,0.36,2.23,20260824
303810,동국생명과학,8.24,272.0,0.54,2.25,20260824
105740,디케이락,9.71,724.0,0.53,8.41,20260824
228670,레이,19.87,230.0,0.89,0.84,20260824
012790,신일제약,10.26,580.0,0.45,3.13,20260824
389140,포바이포,-,-773.0,1.9,1.81,20260824
094860,네오리진,-,-296.0,1.04,62.16,20260824
457370,한켐,13.74,639.0,1.18,0.19,20260824
041910,폴라리스AI파마,8.15,654.0,0.5,1.35,20260824
067570,엔브이에이치코리아,-,-768.0,0.34,1.39,20260824
033130,디지틀조선,7.32,260.0,0.74,2.18,20260824
092040,아미코젠,-,-79.0,0.53,2.85,20260824
234030,싸이닉솔루션,37.85,79.0,1.84,4.46,20260824
104040,디에스엠,-,-14.0,0.63,0.47,20260824
088390,이녹스,3.32,2258.0,0.4,0.7,20260824
020710,시공테크,2.68,1309.0,0.37,0.0,20260824
079810,APS이노베이션,5.88,555.0,0.39,2.65,20260824
085670,뉴프렉스,7.33,390.0,0.65,3.49,20260824
064800,포니링크,-,-833.0,0.31,3.55,20260824
110790,크리스에프앤씨,-,-243.0,0.16,0.79,20260824
096350,대창솔루션,-,-124.0,2.12,3.23,20260824
054620,APS,11.71,324.0,0.31,2.64,20260824
006140,피제이전자,7.22,650.0,0.5,3.19,20260824
347000,센코,10.42,177.0,1.15,2.34,20260824
332370,아이디피,7.19,730.0,0.84,1.26,20260824
900300,오가닉티코스메틱,-,-24026.0,0.06,0.0,20260824
043610,KT지니뮤직,-,-458.0,0.48,1.32,20260824
048910,대원미디어,10.07,548.0,0.65,3.45,20260824
443670,에스피소프트,18.06,160.0,1.04,2.86,20260824
277880,티에스아이,7.7,453.0,0.64,2.92,20260824
049550,잉크테크,9.33,379.0,0.84,0.84,20260824
048430,유라테크,7.81,770.0,0.44,2.06,20260824
084730,팅크웨어,-,-2148.0,0.4,2.75,20260824
417790,트루엔,6.04,1094.0,0.6,3.81,20260824
196490,디에이테크놀로지,-,-1471.0,-,2.23,20260824
024740,한일단조,23.33,90.0,0.48,5.95,20260824
246960,SCL사이언스,-,-93.0,2.92,0.73,20260824
137080,나래나노텍,1.11,5806.0,0.51,2.36,20260824
072950,빛샘전자,6.12,1396.0,0.77,1.81,20260824
388870,파로스아이바이오,-,-733.0,7.07,1.76,20260824
067170,오텍,-,-755.0,0.62,0.99,20260824
294630,서남,-,-163.0,7.69,0.59,20260824
168330,내츄럴엔도텍,-,-73.0,2.82,1.27,20260824
153710,옵티팜,-,-144.0,2.76,0.87,20260824
058400,KNN,2.0,2576.0,0.27,0.0,20260824
038460,바이오스마트,6.15,438.0,0.44,7.21,20260824
321370,센서뷰,-,-320.0,4.85,0.35,20260824
140070,서플러스글로벌,-,-504.0,0.37,1.48,20260824
261780,아리바이오랩,-,-579.0,6.54,0.21,20260824
360070,탑머티리얼,-,-3714.0,0.61,0.02,20260824
299660,셀리드,-,-394.0,0.93,1.49,20260824
096250,와이즈넛,17.24,330.0,1.14,0.06,20260824
179530,애드바이오텍,-,-579.0,3.19,0.94,20260824
451220,아이엠티,22.33,382.0,2.08,3.59,20260824
460940,피앤에스로보틱스,28.95,172.0,1.58,1.64,20260824
062970,한국첨단소재,-,-209.0,1.76,0.09,20260824
419080,엔젯,-,-688.0,1.85,0.0,20260824
365660,레몬헬스케어,-,-187.0,81.23,0.07,20260824
002800,신신제약,5.96,735.0,0.86,4.46,20260824
032850,비트컴퓨터,9.01,443.0,0.82,4.98,20260824
041460,한국전자인증,12.29,284.0,0.98,3.63,20260824
081150,티플랙스,16.42,166.0,0.39,6.98,20260824
109860,동일금속,14.26,509.0,0.4,0.0,20260824
083790,CG인바이츠,-,-35.0,0.78,2.41,20260824
382480,지아이텍,15.5,108.0,0.76,3.62,20260824
061250,화일약품,13.85,563.0,0.31,0.0,20260824
070300,퀀텀레일,-,-278.0,1.59,4.81,20260824
204840,지엘팜텍,-,-7.0,3.3,0.96,20260824
323350,다원넥스뷰,15.52,527.0,3.33,7.5,20260824
123420,위메이드플레이,3.39,1861.0,0.24,3.57,20260824
039020,이건홀딩스,-,-294.0,0.35,1.77,20260824
026150,특수건설,-,-1962.0,0.74,2.23,20260824
100030,인지소프트,2.19,9106.0,0.65,0.71,20260824
066310,큐에스아이,14.3,493.0,0.72,8.98,20260824
417970,모델솔루션,7.97,1280.0,0.9,3.47,20260824
004780,대륙제관,5.88,697.0,0.41,4.75,20260824
456070,이엔셀,-,-1531.0,1.86,4.66,20260824
320000,한울반도체,-,-2893.0,2.12,0.02,20260824
221800,지구홀딩스,-,-133.0,1.19,3.99,20260824
443250,레뷰코퍼레이션,12.22,491.0,1.36,1.4,20260824
032540,TJ미디어,17.89,173.0,0.81,0.73,20260824
043650,국순당,11.12,325.0,0.24,1.6,20260824
014970,삼륭물산,11.74,370.0,1.15,1.81,20260824
162300,신스틸,-,-9.0,0.74,0.63,20260824
241690,유니테크노,-,-114.0,0.46,1.77,20260824
054300,팬스타엔터프라이즈,-,-19.0,0.72,1.09,20260824
222110,팬젠,56.67,84.0,2.09,7.18,20260824
039010,현대에이치티,8.95,831.0,0.56,3.29,20260824
147760,피엠티,-,-964.0,1.35,3.42,20260824
457600,벡트,-,-385.0,3.67,3.73,20260824
396270,넥스트칩,-,-521.0,4.43,3.0,20260824
111710,남화산업,9.45,328.0,0.35,0.8,20260824
049080,기가레인,-,-1317.0,1.66,0.0,20260824
216050,인크로스,5.56,937.0,0.48,6.03,20260824
424960,스마트레이더시스템,-,-132.0,2.01,3.58,20260824
208370,셀바스헬스케어,3.74,657.0,0.75,4.42,20260824
039420,케이엘넷,7.33,373.0,0.84,10.31,20260824
001840,이화공영,11.78,188.0,4.23,0.57,20260824
010240,흥국,4.65,1149.0,0.47,7.05,20260824
044340,위닉스,-,-5528.0,0.47,1.27,20260824
294090,이오플로우,1.28,1160.0,-,20.89,20260824
302430,이노메트리,-,-110.0,1.02,1.12,20260824
005670,푸드웰,4.62,1339.0,0.51,3.2,20260824
303360,프로티아,11.24,427.0,1.86,1.6,20260824
187420,HLB제넥스,6.08,310.0,1.14,1.13,20260824
059270,해성에어로보틱스,611.11,9.0,1.56,4.13,20260824
357580,아모센스,1733.33,3.0,1.29,7.76,20260824
411080,샌즈랩,174.57,23.0,1.2,1.74,20260824
203400,에이비온,-,-359.0,0.98,4.51,20260824
094850,참좋은여행,4.66,932.0,0.58,3.01,20260824
100590,머큐리,47.13,75.0,0.39,6.59,20260824
050960,수산아이앤티,12.73,704.0,0.66,1.45,20260824
024910,경창산업,-,-541.0,0.53,3.57,20260824
089850,유비벨록스,-,-413.0,0.44,3.4,20260824
464490,쿼드메디슨,-,-946.0,2.45,4.25,20260824
348150,고바이오랩,-,-245.0,2.11,2.85,20260824
136150,원일티엔아이,-,-256.0,1.26,1.08,20260824
291650,츌립앤사이언스,-,-490.0,1.55,20.07,20260824
191420,테고사이언스,-,-1593.0,1.36,1.74,20260824
318160,셀바이오휴먼텍,6.41,994.0,0.9,3.59,20260824
331740,아우토크립트,-,-1244.0,2.23,2.28,20260824
008370,원풍,7.36,672.0,0.55,1.31,20260824
225190,LK삼양,-,-295.0,1.95,1.27,20260824
439580,블루엠텍,-,-8.0,1.25,3.66,20260824
214270,FSN,-,-495.0,0.95,0.0,20260824
412350,레이저쎌,-,-1382.0,3.1,3.28,20260824
033230,인성정보,-,-28.0,0.68,6.26,20260824
066670,디티씨,10.9,289.0,0.29,1.16,20260824
036090,위지트,7.6,182.0,0.37,1.12,20260824
448710,코츠테크놀로지,8.12,1365.0,0.92,4.51,20260824
228340,동양파일,-,-219.0,0.5,1.98,20260824
053620,태양,3.24,2097.0,0.27,1.16,20260824
333620,엔시스,-,-183.0,1.03,1.27,20260824
099520,DGI,75.53,17.0,2.39,0.93,20260824
215360,우리산업,3.49,1821.0,0.47,3.38,20260824
049480,오픈베이스,5.93,310.0,0.58,5.54,20260824
459100,위츠,28.22,152.0,1.29,4.78,20260824
082210,옵트론텍,-,-655.0,0.89,9.61,20260824
003310,대주산업,9.14,178.0,0.51,9.81,20260824
126880,제이엔케이글로벌,13.55,183.0,0.37,2.53,20260824
067920,이글루,-,-44.0,0.77,4.92,20260824
175140,아고스,-,-819.0,1.36,1.73,20260824
033320,제이씨현시스템,7.35,408.0,0.48,3.54,20260824
045340,토탈소프트,5.67,1181.0,1.39,7.3,20260824
291230,컴투스엔,-,-656.0,0.94,36.33,20260824
263690,디알젬,5.94,848.0,0.58,15.7,20260824
007370,진양제약,2.43,1657.0,0.35,3.1,20260824
060310,3S,-,-113.0,1.28,2.6,20260824
459550,알트,-,-41.0,1.21,1.24,20260824
155650,와이엠씨,16.83,178.0,0.46,4.73,20260824
122350,삼기,-,-301.0,0.58,1.3,20260824
347740,피엔케이피부임상연구센타,14.88,127.0,0.68,1.71,20260824
065530,와이어블,10.68,111.0,0.74,1.49,20260824
061040,알에프텍,-,-5012.0,0.25,0.0,20260824
016250,SGC E&C,-,-8008.0,0.18,1.76,20260824
095270,웨이브일렉트로,45.7,86.0,0.94,5.88,20260824
024950,삼천리자전거,9.05,503.0,0.55,2.65,20260824
053160,프리엠스,62.47,150.0,0.64,0.47,20260824
027050,코리아나,-,-181.0,0.53,3.82,20260824
010470,오리콤,6.04,775.0,0.43,4.1,20260824
241790,티이엠씨씨엔에스,29.84,187.0,0.47,3.46,20260824
014470,부방,18.98,49.0,0.29,1.42,20260824
251630,브이원텍,-,-533.0,0.53,1.71,20260824
263600,덕우전자,2.4,1459.0,0.45,2.84,20260824
065170,비엘팜텍,-,-566.0,5.39,1.32,20260824
347860,알체라,-,-51.0,2.83,5.44,20260824
340930,성원에너텍,-,-505.0,1.22,1.81,20260824
025550,한국선재,-,-22.0,0.39,4.76,20260824
036120,서울평가정보,9.19,171.0,1.83,1.73,20260824
460870,에스엠씨지,13.89,198.0,1.23,2.35,20260824
036670,삼양케이씨아이,6.6,777.0,0.43,3.27,20260824
039610,화성밸브,-,-226.0,0.58,3.79,20260824
117670,알파칩스,118.29,70.0,1.32,0.89,20260824
288180,케이피항공산업,35.48,210.0,3.12,1.26,20260824
294140,레몬,-,-571.0,7.22,1.33,20260824
238090,앤디포스,12.5,144.0,0.49,1.09,20260824
452400,이닉스,75.5,80.0,0.43,1.54,20260824
217480,에스디생명공학,-,-63.0,2.02,1.67,20260824
037440,희림,7.6,516.0,0.58,6.45,20260824
408470,한패스,7.26,708.0,0.87,4.92,20260824
064240,홈캐스트,43.36,36.0,0.64,1.74,20260824
453860,에이에스텍,-,-156.0,0.76,13.29,20260824
273640,와이엠텍,26.11,189.0,0.81,2.51,20260824
033310,엠투엔,18.78,72.0,0.34,1.64,20260824
040610,SG&G,1.85,1711.0,0.12,3.11,20260824
060570,드림어스컴퍼니,-,-34.0,0.37,2.92,20260824
053270,구영테크,2.19,898.0,0.33,2.33,20260824
420570,제이투케이바이오,9.27,994.0,1.47,1.07,20260824
054930,유신,6.41,2802.0,0.35,3.51,20260824
104540,코렌텍,11.58,345.0,0.67,3.62,20260824
088910,동우팜투테이블,1.62,1286.0,0.22,6.19,20260824
092300,현우산업,4.35,610.0,0.42,6.91,20260824
435570,에르코스,-,-582.0,1.0,0.86,20260824
097800,윈팩,-,-520.0,0.88,0.76,20260824
192250,케이사인,15.62,480.0,0.57,4.06,20260824
053050,지에스이,15.99,110.0,0.52,4.93,20260824
170790,파이오링크,8.05,1023.0,0.63,4.41,20260824
370090,퓨런티어,-,-586.0,1.32,7.92,20260824
376290,씨유테크,4.87,612.0,0.43,70.26,20260824
094940,푸른로보틱스,-,-130.0,1.38,1.65,20260824
104620,노랑풍선,-,-46.0,1.25,2.77,20260824
046940,우원개발,1.07,2703.0,0.33,6.76,20260824
096610,알에프세미,43.6,68.0,3.19,5.0,20260824
039240,경남스틸,10.49,182.0,0.46,3.8,20260824
299170,더블유에스아이,-,-112.0,0.85,6.03,20260824
027830,대성창투,238.0,4.0,0.52,3.4,20260824
317530,에피소드컴퍼니,-,-470.0,1.5,0.3,20260824
311690,CJ 바이오사이언스,-,-1761.0,1.06,2.89,20260824
179900,유티아이,-,-2150.0,0.89,10.84,20260824
317830,에스피시스템스,-,-553.0,0.94,5.08,20260824
049470,비트플래닛,-,-867.0,0.94,14.49,20260824
015710,코콤,14.64,197.0,0.39,1.85,20260824
056360,코위버,17.98,287.0,0.3,3.4,20260824
393970,대진첨단소재,-,-2724.0,0.8,3.88,20260824
315640,딥노이드,-,-427.0,2.04,2.68,20260824
217500,러셀,-,-54.0,0.84,3.46,20260824
317870,엔바이오니아,-,-988.0,1.53,3.73,20260824
317690,퀀타매트릭스,-,-1038.0,1.4,18.3,20260824
314140,알피바이오,10.7,540.0,0.46,2.16,20260824
060560,HC홈센타,-,-1052.0,0.36,1.8,20260824
256630,포인트엔지니어링,-,-634.0,0.76,0.59,20260824
105760,포스뱅크,4.28,1146.0,0.54,3.9,20260824
043710,코스리거글로벌,-,-609.0,1.53,0.25,20260824
033340,좋은사람들,-,-133.0,0.89,3.47,20260824
463480,모티브링크,-,-94.0,1.38,1.52,20260824
038010,제일테크노스,4.18,1323.0,0.32,4.61,20260824
262260,에이프로,-,-504.0,0.67,4.65,20260824
042110,에스씨디,11.3,91.0,0.36,54.41,20260824
260930,씨티케이,-,-581.0,0.33,3.81,20260824
046210,HLB파나진,-,-80.0,0.66,1.48,20260824
143540,영우디에스피,4.81,231.0,1.39,2.54,20260824
037950,엘컴텍,14.7,199.0,0.59,0.5,20260824
277070,린드먼아시아,14.29,252.0,0.77,1.31,20260824
014950,삼익제약,-,-77.0,0.64,1.46,20260824
340810,시선AI,-,-1153.0,3.89,2.17,20260824
391710,코닉오토메이션,-,-35.0,1.97,0.88,20260824
071670,에이테크솔루션,-,-64.0,0.55,1.84,20260824
361570,알비더블유,-,-131.0,0.81,4.1,20260824
082660,코스나인,-,-210.0,10.21,0.71,20260824
122310,제노레이,218.67,15.0,0.5,1.92,20260824
384470,코어라인소프트,-,-794.0,2.94,3.79,20260824
418250,시큐레터,-,-384.0,14.24,0.62,20260824
053980,오상자이엘,5.08,493.0,0.43,1.78,20260824
373200,엑스플러스,-,-213.0,2.11,1.24,20260824
109080,옵티시스,11.74,713.0,0.66,2.28,20260824
023440,제이스코홀딩스,-,-394.0,0.92,1.48,20260824
145170,노브랜드,15.16,183.0,0.28,2.05,20260824
227950,엔투텍,10.53,129.0,0.38,0.27,20260824
340360,다보링크,-,-97.0,3.78,0.63,20260824
351320,넥사다이내믹스,-,-512.0,2.42,3.29,20260824
476040,오가노이드사이언스,-,-2498.0,2.29,7.24,20260824
063440,SM Life Design,9.01,114.0,0.67,2.45,20260824
440290,HB인베스트먼트,7.06,239.0,0.54,1.06,20260824
471820,셀로맥스사이언스,14.01,293.0,0.96,0.72,20260824
131400,이브이첨단소재,-,-234.0,0.45,0.73,20260824
136410,아셈스,7.08,590.0,0.6,2.48,20260824
382150,온코크로스,-,-774.0,3.68,2.31,20260824
198080,캐프,2.27,939.0,0.32,3.7,20260824
065130,탑엔지니어링,-,-1280.0,0.26,4.3,20260824
129890,앱코,6.9,146.0,0.8,2.57,20260824
094970,제이엠티,2.3,1185.0,0.3,5.64,20260824
321260,프로이천,4.82,336.0,0.93,6.55,20260824
019990,에너토크,-,-401.0,1.2,13.21,20260824
286750,나노실리칸첨단소재,-,-210.0,1.75,0.89,20260824
072470,우리산업홀딩스,3.12,775.0,0.31,1.86,20260824
084650,랩지노믹스,-,-858.0,0.31,1.64,20260824
224110,에이텍모빌리티,-,-80.0,0.67,4.22,20260824
189980,흥국에프엔비,6.87,164.0,0.45,2.89,20260824
068330,일신바이오,7.49,136.0,0.63,3.19,20260824
048770,TPC로보틱스,-,-70.0,1.23,5.82,20260824
051390,YW,9.19,430.0,0.38,2.38,20260824
053450,세코닉스,-,-25.0,0.31,6.12,20260824
050120,ES큐브,-,-46.0,0.48,2.61,20260824
072990,에이치시티,8.53,361.0,0.46,8.48,20260824
127710,아시아경제,38.96,26.0,0.42,0.16,20260824
081180,쎄크,-,-541.0,1.39,6.36,20260824
083550,케이엠,8.36,390.0,0.32,2.39,20260824
099410,동방선기,3.86,818.0,0.81,3.53,20260824
288330,파라택시스코리아,-,-345.0,1.06,51.77,20260824
178780,일월지엠엘,10.24,231.0,1.19,1.02,20260824
246690,TS인베스트먼트,5.47,338.0,0.47,0.51,20260824
307280,원바이오젠,6.34,976.0,1.01,2.25,20260824
222420,쎄노텍,11.17,81.0,1.04,4.2,20260824
066130,하츠,5.22,655.0,0.35,2.03,20260824
229000,젠큐릭스,-,-380.0,3.47,2.12,20260824
317850,대모,17.86,294.0,0.9,3.84,20260824
007680,대원,-,-477.0,0.16,0.79,20260824
114450,그린생명과학,14.44,151.0,1.08,2.72,20260824
082850,우리바이오,-,-138.0,0.2,5.95,20260824
352910,오비고,-,-214.0,1.31,0.85,20260824
460470,아이빔테크놀로지,-,-177.0,1.66,1.33,20260824
059100,아이컴포넌트,4.14,1480.0,0.79,8.59,20260824
208860,다산디엠씨,-,-165.0,0.74,1.07,20260824
238120,얼라인드,15.67,193.0,1.13,2.66,20260824
163280,에어레인,6.22,508.0,0.58,4.24,20260824
190650,코리아에셋투자증권,7.32,918.0,0.43,1.61,20260824
219550,디와이디,-,-227.0,2.42,6.08,20260824
073110,엘엠에스,-,-770.0,0.47,1.08,20260824
424980,마이크로투나노,-,-829.0,1.62,4.32,20260824
199550,레이저옵텍,-,-696.0,1.83,2.49,20260824
263020,디케이앤디,3.91,793.0,0.5,5.03,20260824
461030,아이엠비디엑스,-,-598.0,1.76,6.17,20260824
466410,사이냅소프트,7.18,1184.0,0.58,2.62,20260824
258610,케일럼,-,-50.0,0.91,1.52,20260824
273060,와이즈버즈,6.91,125.0,0.84,12.21,20260824
052790,액토즈소프트,1.19,3244.0,0.16,53.02,20260824
140520,대창스틸,6.49,309.0,0.28,0.94,20260824
226340,본느,-,-1682.0,1.27,0.0,20260824
261520,이지스,-,-591.0,0.87,2.27,20260824
218150,미래생명자원,-,-161.0,0.98,3.01,20260824
189690,포시에스,6.49,236.0,0.5,1.63,20260824
479960,위너스일렉,8.73,671.0,1.06,2.1,20260824
900250,크리스탈신소재,-,-120.0,0.08,22.86,20260824
159580,제로투세븐,12.25,169.0,0.5,2.94,20260824
065500,오리엔트정공,-,-28.0,0.95,5.09,20260824
196300,HLB펩,-,-343.0,1.8,1.23,20260824
052220,iMBC,-,-206.0,0.74,3.9,20260824
089790,제이티,11.17,358.0,0.55,8.13,20260824
450330,하스,-,-19.0,0.94,1.24,20260824
043340,에쎈테크,22.26,39.0,1.5,0.43,20260824
413640,비아이매트릭스,14.78,387.0,1.27,2.48,20260824
038070,서린바이오,44.75,99.0,0.47,2.05,20260824
355690,에이텀,-,-1480.0,-,1.32,20260824
056700,신화인터텍,-,-3.0,0.42,1.84,20260824
150900,파수AI,7.51,467.0,1.12,8.41,20260824
002290,삼일기업공사,6.16,536.0,0.57,5.28,20260824
123010,MSDI,-,-119.0,1.18,0.03,20260824
014190,원익큐브,10.28,112.0,0.36,4.44,20260824
086060,진바이오텍,11.27,417.0,0.73,2.97,20260824
278650,HLB바이오스텝,-,-1108.0,0.38,0.57,20260824
263810,상신전자,19.61,129.0,0.74,1.29,20260824
042940,상지건설,-,-2000.0,0.41,0.0,20260824
122690,서진오토모티브,-,-610.0,0.25,1.68,20260824
038060,루멘스,-,-16.0,0.36,5.21,20260824
064090,인크레더블버즈,-,-531.0,0.64,1.68,20260824
373160,데이원컴퍼니,8.27,347.0,0.86,0.68,20260824
037230,한국팩키지,7.42,179.0,0.36,2.19,20260824
088280,쏘닉스,-,-281.0,1.21,21.33,20260824
025880,케이씨피드,3.75,631.0,0.47,13.96,20260824
256150,한독크린텍,13.17,357.0,0.64,1.91,20260824
290670,대보마그네틱,-,-4688.0,2.31,1.47,20260824
250000,보라티알,118.57,49.0,0.46,2.32,20260824
261200,덴티스,27.87,89.0,0.68,3.42,20260824
049830,승일,15.56,410.0,0.25,0.87,20260824
234100,폴라리스세원,23.46,114.0,0.2,0.01,20260824
100660,서암기계공업,23.73,130.0,0.58,1.96,20260824
348080,큐라티스,-,-3492.0,0.77,0.74,20260824
189860,서전기전,5.16,775.0,1.13,3.75,20260824
060850,영림원소프트랩,4.73,1009.0,0.7,1.43,20260824
101240,씨큐브,3.72,919.0,0.33,15.34,20260824
104200,NHN벅스,-,-352.0,0.69,2.79,20260824
097870,효성오앤비,60.07,76.0,0.45,2.53,20260824
046310,백금T&A,13.55,173.0,0.51,4.45,20260824
199480,뱅크웨어글로벌,-,-135.0,2.19,7.61,20260824
019770,서연탑메탈,3.97,828.0,0.37,1.92,20260824
044960,이글벳,8.82,343.0,0.71,2.02,20260824
153460,네이블,43.01,136.0,1.1,0.0,20260824
042040,케이피엠테크,-,-6204.0,0.17,0.0,20260824
219420,링크제니시스,13.65,244.0,0.78,4.91,20260824
066900,디에이피,0.8,2084.0,0.26,0.31,20260824
051490,나라엠앤디,35.73,75.0,0.35,3.16,20260824
086040,바이오톡스텍,49.58,48.0,0.96,2.25,20260824
446840,지슨,-,-825.0,5.93,0.69,20260824
046390,삼화네트웍스,-,-51.0,0.59,0.72,20260824
090410,덕신이피씨,-,-14.0,0.3,2.66,20260824
397810,애드포러스,-,-380.0,0.83,1.29,20260824
186230,그린플러스,-,-933.0,0.91,2.74,20260824
014570,고려제약,25.33,135.0,0.47,2.77,20260824
171010,램테크놀러지,-,-558.0,0.92,3.76,20260824
393210,토마토시스템,150.0,16.0,1.36,2.94,20260824
221840,하이즈항공,9.57,209.0,0.56,1.37,20260824
065440,이루온,-,-3.0,0.72,12.07,20260824
263770,유에스티,14.74,107.0,0.45,1.39,20260824
221980,케이디켐,13.0,710.0,0.34,1.38,20260824
057540,옴니시스템,28.5,22.0,0.34,0.95,20260824
043910,자연과환경,-,-559.0,0.45,1.6,20260824
369370,블리츠웨이엔터테인먼트,-,-1373.0,2.23,6.17,20260824
263700,케어랩스,-,-350.0,0.54,2.96,20260824
177900,쓰리에이로직스,-,-313.0,0.77,3.11,20260824
215380,콜마바이오텍,-,-218.0,1.57,7.69,20260824
072770,멤레이비티,-,-537.0,0.77,0.43,20260824
050860,아세아텍,41.79,39.0,0.24,1.32,20260824
452200,민테크,-,-41.0,1.21,1.73,20260824
123570,이엠넷,17.8,92.0,0.36,27.71,20260824
206400,베노티앤알,-,-311.0,0.53,0.0,20260824
318410,비비씨,6.56,998.0,0.45,2.7,20260824
032960,동일기연,3.76,549.0,0.52,0.51,20260824
260660,알리코제약,-,-106.0,0.46,4.43,20260824
321820,아티스트컴퍼니,22.52,103.0,0.93,0.65,20260824
208710,포톤,28.25,97.0,0.72,3.96,20260824
270870,뉴트리,-,-295.0,0.34,0.72,20260824
045060,오공,5.81,366.0,0.29,3.64,20260824
024120,KB오토시스,5.98,523.0,0.3,7.37,20260824
284620,카이노스메드,-,-209.0,-,9.84,20260824
057030,YBM넷,25.0,88.0,0.69,2.66,20260824
196450,코아시아씨엠,14.91,53.0,0.54,1.75,20260824
068940,셀피글로벌,-,-236.0,4.18,1.75,20260824
204020,그리티,10.77,170.0,0.43,2.51,20260824
332290,누보,11.8,76.0,0.97,3.01,20260824
203450,유니온바이오메트릭스,25.25,100.0,0.74,8.74,20260824
290120,DH오토리드,2.52,890.0,0.32,1.26,20260824
432430,와이랩,-,-440.0,1.4,8.77,20260824
263050,유틸렉스,-,-591.0,2.8,12.58,20260824
081580,성우전자,2.85,797.0,0.3,3.07,20260824
064480,브리지텍,8.87,332.0,0.82,7.16,20260824
052600,한네트,9.1,334.0,0.91,2.74,20260824
184230,SGA솔루션즈,1.66,1122.0,1.01,0.0,20260824
148930,에이치와이티씨,5.42,631.0,0.49,0.73,20260824
026040,제이에스티나,47.84,44.0,0.73,3.12,20260824
173940,에프엔씨엔터,-,-399.0,1.51,1.58,20260824
035460,기산텔레콤,2.98,776.0,0.58,5.96,20260824
352700,씨앤투스,-,-287.0,0.21,1.56,20260824
317240,TS트릴리온,-,-40.0,1.05,0.0,20260824
133750,메가엠디,7.09,208.0,0.49,3.19,20260824
475460,미트박스,14.91,409.0,0.91,4.11,20260824
006920,모헨즈,-,-212.0,1.16,1.8,20260824
363250,진시스템,-,-1645.0,3.2,1.0,20260824
318020,포인트모바일,2.45,1138.0,0.58,3.13,20260824
016600,큐캐피탈,15.64,157.0,0.25,0.0,20260824
220180,폴라리스AI핸디,18.08,79.0,0.42,1.0,20260824
045510,정원엔시스,15.07,72.0,0.71,0.98,20260824
033540,파라텍,-,-2931.0,0.37,0.0,20260824
387570,파인메딕스,-,-107.0,1.72,1.32,20260824
025440,DH오토웨어,-,-2013.0,0.53,11.35,20260824
476080,M83,-,-469.0,0.75,1.8,20260824
376980,원티드랩,36.6,94.0,0.83,1.52,20260824
128540,에코캡,13.23,95.0,0.29,2.84,20260824
296640,이노에이엑스,13.34,485.0,0.97,1.89,20260824
007530,와이엠,11.23,134.0,0.57,0.34,20260824
159910,에코글로우,-,-430.0,1.61,1.0,20260824
419120,산돌,11.82,198.0,0.59,3.08,20260824
064520,테크엘,-,-201.0,0.35,0.54,20260824
021650,한국큐빅,7.9,257.0,0.34,4.45,20260824
469750,아이비젼웍스,-,-3.0,0.92,1.75,20260824
464280,티디에스팜,6.55,914.0,0.72,3.48,20260824
465480,인스피언,3.98,820.0,0.55,1.71,20260824
452300,캡스톤파트너스,13.79,169.0,0.96,6.22,20260824
105550,엣지파운드리,13.41,157.0,0.23,1.24,20260824
037330,인지디스플레,10.14,74.0,0.18,4.98,20260824
068050,팬엔터테인먼트,-,-248.0,0.46,3.44,20260824
080520,오디텍,-,-46.0,0.26,2.06,20260824
263920,휴엠앤씨,15.05,222.0,0.74,0.74,20260824
075130,플랜티넷,34.91,58.0,0.45,3.5,20260824
109820,진매트릭스,-,-9.0,1.78,1.8,20260824
039290,인포뱅크,-,-455.0,0.48,0.38,20260824
106240,파인테크닉스,-,-1211.0,0.39,0.41,20260824
071850,캐스텍코리아,-,-717.0,0.54,1.68,20260824
348030,모비릭스,-,-708.0,0.64,1.25,20260824
121890,에스디시스템,-,-41.0,3.1,16.0,20260824
127980,화인써키트,-,-49.0,0.84,1.24,20260824
200780,비씨월드제약,-,-272.0,0.44,1.24,20260824
089140,넥스턴앤롤코리아,-,-489.0,0.23,1.75,20260824
099220,SDN,-,-33.0,0.43,2.78,20260824
335810,프리시젼바이오,-,-531.0,0.74,0.2,20260824
099390,브레인즈컴퍼니,6.32,619.0,0.57,4.65,20260824
066360,체리부로,1.32,507.0,0.32,2.08,20260824
417860,오브젠,-,-808.0,3.09,1.26,20260824
053950,경남제약,-,-521.0,0.24,0.08,20260824
038950,파인디지털,-,-38.0,0.28,6.4,20260824
207760,미스터블루,-,-280.0,0.75,3.09,20260824
232830,아이티센피엔에스,-,-259.0,2.06,1.82,20260824
239890,피엔에이치테크,12.77,249.0,0.59,3.23,20260824
089150,케이씨티,11.42,162.0,0.92,4.35,20260824
311390,네오크레마,16.31,153.0,0.43,3.57,20260824
101670,하이드로리튬,-,-1172.0,1.09,3.81,20260824
031510,오스템,2.65,424.0,0.37,2.05,20260824
462310,뉴키즈온,-,-511.0,0.72,1.2,20260824
434480,모니터랩,16.28,156.0,0.79,3.42,20260824
131090,시큐브,7.33,557.0,0.64,5.77,20260824
290090,트윔,-,-339.0,0.47,0.59,20260824
408900,스튜디오미르,-,-28.0,0.82,3.83,20260824
271830,팸텍,-,-198.0,0.53,2.06,20260824
258830,세종메디칼,-,-19.0,1.3,1.68,20260824
187270,신화콘텍,29.29,105.0,0.39,2.22,20260824
065950,웰크론,-,-643.0,0.8,2.08,20260824
193250,링크드,-,-348.0,0.52,1.49,20260824
087600,픽셀플러스,-,-442.0,0.3,0.0,20260824
022220,티케이지애강,-,-243.0,0.37,1.26,20260824
020180,대신정보통신,2.49,1614.0,0.64,1.95,20260824
012620,원일특강,4.21,1662.0,0.18,2.72,20260824
033830,티비씨,10.12,160.0,0.24,0.0,20260824
091970,LSK아이로봇,-,-451.0,1.3,0.08,20260824
060540,에스에이티,7.55,155.0,0.29,1.47,20260824
360350,코셈,-,-224.0,1.73,6.61,20260824
088340,유라클,-,-1544.0,1.47,5.23,20260824
037370,EG,-,-120.0,0.51,2.8,20260824
458350,에스팀,14.6,239.0,1.01,2.99,20260824
246250,에스엘에스바이오,-,-368.0,4.42,1.06,20260824
464580,닷밀,51.22,32.0,0.92,1.66,20260824
297570,아틀라스링크,5.11,170.0,0.62,1.13,20260824
290560,파라택시스이더리움,8.25,163.0,0.92,16.65,20260824
079170,한창산업,7.14,805.0,0.4,7.69,20260824
197140,디지캡,-,-31.0,0.54,1.04,20260824
013720,청보,-,-1085.0,0.54,0.0,20260824
007720,소노스퀘어,-,-217.0,0.6,1.9,20260824
053290,NE능률,-,-765.0,0.43,1.95,20260824
452160,제이엔비,-,-252.0,0.79,1.17,20260824
363260,모비데이즈,17.96,51.0,0.74,2.46,20260824
388610,지에프씨생명과학,27.11,204.0,1.18,2.66,20260824
450520,인스웨이브,-,-146.0,0.77,2.29,20260824
305090,마이크로디지탈,-,-869.0,1.27,7.15,20260824
069140,누리플랜,51.18,38.0,0.64,1.7,20260824
066910,손오공,3.01,634.0,0.49,0.04,20260824
093380,풍강,5.45,545.0,0.37,1.52,20260824
096630,에스코넥,1.51,1221.0,0.32,1.42,20260824
075970,동국알앤에스,25.58,62.0,0.37,2.48,20260824
239610,에이치엘사이언스,-,-2095.0,0.34,0.87,20260824
050110,캠시스,-,-1055.0,0.22,2.3,20260824
254120,자비스,-,-134.0,1.2,2.54,20260824
033170,시그네틱스,-,-122.0,0.58,1.75,20260824
215090,솔디펜스,13.73,91.0,0.56,1.47,20260824
109960,앱토크롬,0.58,3299.0,0.08,0.0,20260824
310870,디와이씨,6.52,202.0,0.48,1.34,20260824
262840,아이퀘스트,3.58,762.0,0.49,1.38,20260824
365590,하이딥,-,-508.0,-,3.6,20260824
318010,팜스빌,9.63,377.0,0.42,0.87,20260824
119500,포메탈,14.02,173.0,0.56,7.08,20260824
069410,엔텔스,9.43,297.0,0.49,3.16,20260824
351330,이삭엔지니어링,-,-1010.0,0.91,4.22,20260824
367000,플래티어,-,-469.0,0.88,0.76,20260824
008470,부스타,-,-22.0,0.36,1.79,20260824
078590,휴림에이텍,-,-2052.0,0.38,0.06,20260824
038620,위즈코프,3.7,509.0,0.28,3.35,20260824
115480,씨유메디칼,8.92,263.0,0.46,0.03,20260824
043220,티에스넥스젠,-,-2008.0,1.56,0.0,20260824
079000,와토스코리아,-,-442.0,0.36,1.68,20260824
364950,에이아이코리아,10.01,339.0,0.47,3.59,20260824
103840,우양,13.99,123.0,0.61,4.8,20260824
031310,아이즈비전,2.47,382.0,0.15,2.95,20260824
160550,NEW,20.51,49.0,0.31,8.63,20260824
376180,피코그램,-,-59.0,0.72,2.16,20260824
407400,꿈비,-,-563.0,0.58,3.98,20260824
276730,한울앤제주,-,-1523.0,1.06,0.4,20260824
237820,플레이디,4.99,436.0,0.31,2.47,20260824
032860,더라미,-,-144.0,0.54,0.77,20260824
068100,케이웨더,-,-1.0,1.52,2.51,20260824
444530,심플랫폼,-,-589.0,2.22,1.72,20260824
096690,에이루트,-,-3949.0,0.28,0.72,20260824
016920,카스,-,-92.0,0.38,2.48,20260824
049120,파인디앤씨,-,-2160.0,0.54,0.05,20260824
026910,광진실업,-,-606.0,1.27,0.81,20260824
900070,글로벌에스엠,5.2,197.0,-,6.9,20260824
080530,코디,5.69,437.0,0.46,2.2,20260824
057680,티사이언티픽,20.96,83.0,0.15,0.95,20260824
017000,신원종합개발,5.23,450.0,0.23,4.95,20260824
188260,세니젠,-,-485.0,2.27,0.43,20260824
139670,키네마스터,6.52,298.0,0.98,1.7,20260824
226330,신테카바이오,-,-690.0,0.97,0.25,20260824
044480,빌리언스,-,-455.0,0.63,0.0,20260824
131220,대한과학,8.23,444.0,0.61,2.93,20260824
058110,멕아이씨에스,25.48,66.0,0.7,5.47,20260824
123840,뉴온,-,-7174.0,0.12,0.4,20260824
290270,휴네시온,5.2,538.0,0.54,3.11,20260824
328380,솔트웨어,93.45,42.0,1.16,1.45,20260824
045300,성우테크론,5.1,499.0,0.34,2.95,20260824
195500,마니커에프앤지,11.12,151.0,0.34,2.86,20260824
900310,컬러레이,-,-38.0,0.09,67.68,20260824
070590,인티큐브,-,-248.0,2.78,1.34,20260824
021880,메이슨캐피탈,-,-47.0,0.33,1.38,20260824
356890,싸이버원,-,-76.0,0.67,5.88,20260824
336060,웨이버스,14.79,187.0,0.65,0.02,20260824
138070,신진에스엠,21.71,70.0,0.33,2.32,20260824
475660,에스켐,-,-271.0,0.73,1.91,20260824
225220,제놀루션,-,-467.0,0.36,1.38,20260824
462980,아이지넷,8.85,164.0,1.17,2.35,20260824
067010,이씨에스,9.46,257.0,0.5,2.51,20260824
130500,GH신소재,-,-171.0,0.31,1.55,20260824
406820,뷰티스킨,-,-167.0,0.88,0.42,20260824
038530,케이바이오랩스,-,-101.0,0.44,4.1,20260824
048470,대동스틸,8.72,313.0,0.35,3.27,20260824
115530,씨엔플러스,-,-386.0,3.32,0.1,20260824
430690,한싹,-,-176.0,0.82,1.93,20260824
001810,무림SP,-,-184.0,0.13,0.57,20260824
215790,이노인스트루먼트,-,-201.0,0.74,5.93,20260824
033050,제이엠아이,4.0,205.0,0.42,1.14,20260824
462510,라메디텍,-,-1309.0,4.55,1.86,20260824
027040,서울전자통신,-,-121.0,2.86,1.13,20260824
032750,삼진,7.46,386.0,0.23,4.07,20260824
373170,엠아이큐브솔루션,17.73,97.0,1.18,0.97,20260824
134060,이퓨쳐,18.07,301.0,0.89,1.2,20260824
177830,파버나인,-,-338.0,0.35,1.54,20260824
288620,에스프리즘,-,-3320.0,0.61,4.95,20260824
019570,GMI벤처,541.0,5.0,0.48,0.0,20260824
007770,한일화학,-,-4878.0,0.29,2.39,20260824
301300,바이브컴퍼니,-,-1283.0,0.64,2.52,20260824
039310,세중,-,-161.0,0.26,3.9,20260824
060380,동양에스텍,37.14,35.0,0.23,1.46,20260824
236810,엔비티,-,-74.0,1.23,1.77,20260824
054780,키이스트,-,-135.0,0.67,8.77,20260824
035200,프럼파스트,50.65,54.0,0.56,3.4,20260824
073540,에프알텍,92.08,24.0,0.43,2.31,20260824
091340,S&K폴리텍,4.32,498.0,0.23,2.8,20260824
198940,한주라이트메탈,-,-95.0,0.53,9.4,20260824
083640,인콘,19.07,57.0,0.22,0.15,20260824
318000,KBG,8.73,327.0,0.53,4.05,20260824
333050,이노테나,12.92,391.0,1.01,0.93,20260824
146060,율촌,11.75,88.0,0.45,0.96,20260824
114630,폴라리스우노,5.85,246.0,0.19,1.91,20260824
076080,웰크론한텍,-,-1923.0,2.36,1.28,20260824
267790,배럴,3.13,1025.0,0.55,1.2,20260824
227610,아우딘퓨쳐스,-,-204.0,1.05,0.01,20260824
085810,알티캐스트,-,-202.0,0.46,0.01,20260824
238490,힘스,-,-1242.0,0.44,1.49,20260824
368970,오에스피,-,-478.0,0.53,1.21,20260824
054090,삼진엘앤디,6.53,150.0,0.62,2.72,20260824
290520,신도기연,7.42,209.0,0.41,1.38,20260824
038870,에코심플렉스,-,-165.0,0.34,2.09,20260824
331520,밸로프,5.49,452.0,0.68,2.74,20260824
222980,한국맥널티,-,-115.0,0.7,1.86,20260824
440320,오픈놀,-,-626.0,0.68,2.12,20260824
039740,한국정보공학,5.54,545.0,0.45,2.42,20260824
065150,대산F&B,2.46,618.0,0.94,0.42,20260824
298060,풍전약품,-,-248.0,0.65,1.97,20260824
169330,엠브레인,66.0,20.0,0.89,21.66,20260824
044780,에이치케이,3.98,327.0,0.37,4.13,20260824
097780,에코볼트,-,-646.0,0.14,0.16,20260824
355390,크라우드웍스,-,-1623.0,1.06,1.57,20260824
051380,피씨디렉트,7.78,201.0,0.56,2.2,20260824
053060,세동,3.35,404.0,0.55,7.57,20260824
090150,아이윈,2.45,2319.0,0.46,0.42,20260824
464500,아이언디바이스,-,-265.0,0.95,4.64,20260824
063760,이엘피,4.16,613.0,0.33,3.89,20260824
188040,바이오포트,-,-313.0,0.56,3.29,20260824
109670,씨싸이트,-,-305.0,0.44,1.0,20260824
036480,대성미생물,36.05,172.0,0.67,2.75,20260824
038880,아이에이,-,-3846.0,0.4,0.0,20260824
016670,디모아,1.57,1467.0,0.25,1.02,20260824
377030,비트맥스,-,-11273.0,-,0.0,20260824
130740,티피씨글로벌,1.42,1461.0,0.27,2.99,20260824
033200,모아텍,-,-44.0,0.34,79.87,20260824
095910,에스에너지,-,-495.0,0.55,3.46,20260824
200350,아티스트스튜디오,-,-455.0,0.47,2.31,20260824
289220,자이언트스텝,-,-817.0,0.5,3.74,20260824
257370,피엔티엠에스,-,-563.0,1.06,1.41,20260824
351870,차이커뮤니케이션,209.0,10.0,0.44,1.02,20260824
403490,우듬지팜,-,-145.0,0.67,5.04,20260824
123750,알톤,69.83,24.0,1.05,0.86,20260824
208350,지란지교시큐리티,15.19,188.0,0.44,5.91,20260824
032790,엠젠솔루션,-,-726.0,0.8,1.13,20260824
047080,한빛소프트,3.06,304.0,1.15,3.76,20260824
237750,피앤씨테크,-,-2742.0,0.54,1.26,20260824
154040,다산솔루에타,1.85,578.0,0.37,2.42,20260824
018680,서울제약,31.89,62.0,0.56,2.19,20260824
013810,스페코,44.91,35.0,0.51,4.3,20260824
101680,한국정밀기계,-,-834.0,0.7,1.92,20260824
187220,디티앤씨,2.86,696.0,0.23,2.05,20260824
195990,루트K,-,-3062.0,0.35,0.11,20260824
238200,비피도,9.89,280.0,0.47,0.85,20260824
032080,아즈텍WB,26.18,40.0,0.21,1.11,20260824
241840,에이스토리,-,-741.0,0.46,4.17,20260824
405920,나라셀라,-,-80.0,0.35,0.46,20260824
359090,씨엔알리서치,9.17,211.0,0.46,0.79,20260824
415380,스튜디오삼익,9.69,199.0,0.61,2.71,20260824
258790,소프트캠프,8.1,544.0,1.48,2.37,20260824
215480,토박스코리아,683.33,3.0,0.54,12.41,20260824
352940,인바이오,38.21,53.0,0.49,1.32,20260824
032280,삼일,19.65,69.0,0.33,1.08,20260824
052300,오션인더블유,-,-90.0,0.08,1.84,20260824
900110,딥커머스,0.93,1282.0,0.04,0.01,20260824
131180,딜리,8.11,458.0,0.33,16.21,20260824
192390,윈하이텍,-,-855.0,0.29,1.36,20260824
054940,엑사이엔씨,5.09,644.0,0.3,0.21,20260824
432980,엠에프씨,96.92,26.0,0.69,1.2,20260824
398120,에스지헬스케어,15.23,120.0,0.83,3.05,20260824
080720,한국유니온제약,-,-3860.0,-,1.81,20260824
277410,인산가,36.78,152.0,0.28,0.0,20260824
017250,인터엠,6.14,166.0,0.46,0.01,20260824
378800,샤페론,-,-386.0,1.13,5.33,20260824
115160,휴맥스,-,-5666.0,0.17,3.6,20260824
353190,휴럼,19.43,140.0,0.54,1.5,20260824
043200,파루,-,-62.0,0.89,3.24,20260824
067730,로지시스,6.33,349.0,1.03,2.59,20260824
340440,세림B&G,10.15,74.0,0.59,5.15,20260824
219750,한국비티비,-,-450.0,0.94,0.05,20260824
206560,덱스터,-,-235.0,0.63,2.12,20260824
353590,오토앤,-,-445.0,1.24,1.9,20260824
317120,라닉스,-,-570.0,1.08,3.98,20260824
101400,엔시트론,-,-155.0,0.6,1.21,20260824
067770,세진티에스,7.23,348.0,0.42,3.4,20260824
429270,시지트로닉스,-,-1464.0,1.17,3.5,20260824
275630,에스에스알,-,-313.0,0.81,3.84,20260824
016100,리더스코스메틱,-,-433.0,0.34,2.0,20260824
021040,대호특수강,-,-76.0,0.49,0.71,20260824
148780,비큐AI,-,-1.0,1.84,0.0,20260824
023770,플레이위드,-,-54.0,1.13,10.62,20260824
377330,이지트로닉스,-,-2053.0,0.57,2.08,20260824
098660,에스티오,-,-395.0,0.95,0.39,20260824
065690,파커스,-,-62.0,0.35,1.28,20260824
252500,세화피앤씨,31.19,16.0,0.53,6.1,20260824
361670,삼영에스앤씨,-,-113.0,1.06,0.72,20260824
362990,드림인사이트,-,-14.0,0.61,1.61,20260824
372800,아이티아이즈,-,-1552.0,1.57,1.15,20260824
200230,텔콘RF제약,-,-1468.0,0.15,0.0,20260824
424760,벨로크,9.47,216.0,0.76,1.19,20260824
274400,이노시뮬레이션,-,-144.0,0.69,2.73,20260824
080470,성창오토텍,2.45,1147.0,0.33,9.02,20260824
014100,메디앙스,13.55,128.0,0.28,1.95,20260824
065060,지엔코,-,-2418.0,0.41,0.52,20260824
373110,엑셀세라퓨틱스,-,-784.0,3.12,1.63,20260824
383930,디티앤씨알오,-,-961.0,1.8,1.44,20260824
032680,소프트센,-,-74.0,0.39,29.21,20260824
083660,CSA 코스믹,-,-1715.0,0.87,0.0,20260824
303530,이노뎁,-,-343.0,0.63,3.04,20260824
084440,유비온,40.58,26.0,2.55,0.0,20260824
083470,이엠앤아이,-,-225.0,2.15,1.11,20260824
300120,라온피플,-,-1875.0,0.41,0.0,20260824
056730,CNT85,-,-744.0,0.32,1.52,20260824
043590,웰킵스하이텍,-,-308.0,0.57,0.66,20260824
054410,케이피티유,6.61,527.0,0.34,0.55,20260824
069330,유아이디,4.33,272.0,0.76,1.42,20260824
019660,글로본,-,-439.0,1.99,0.01,20260824
096870,엘디티,12.41,191.0,0.99,3.21,20260824
043360,디지아이,-,-220.0,0.28,0.42,20260824
431190,케이쓰리아이,-,-488.0,0.7,3.16,20260824
048830,엔피케이,19.09,55.0,0.41,37.15,20260824
115570,스타플렉스,2.74,899.0,0.26,1.58,20260824
032800,판타지오,-,-1455.0,0.32,0.01,20260824
154030,아시아종묘,21.92,74.0,0.76,1.11,20260824
347770,핌스,-,-292.0,0.42,3.03,20260824
405000,플라즈맵,-,-1666.0,4.0,9.37,20260824
054220,비츠로시스,-,-186.0,0.91,4.24,20260824
073190,듀오백,-,-338.0,0.54,1.14,20260824
455180,케이지에이,-,-869.0,0.45,2.46,20260824
342870,오아,-,-758.0,0.42,1.17,20260824
065370,위세아이텍,7.18,362.0,0.61,2.3,20260824
214610,롤링스톤,-,-3218.0,1.46,0.0,20260824
438700,버넥트,-,-365.0,0.67,1.23,20260824
024940,PN풍년,6.79,282.0,0.34,6.59,20260824
419540,비스토스,-,-99.0,0.81,0.1,20260824
027580,상보,-,-1116.0,0.44,1.23,20260824
148250,알엔투테크놀로지,-,-932.0,0.42,3.16,20260824
196700,웹스,4.59,286.0,0.45,3.46,20260824
050760,에스폴리텍,-,-63.0,0.29,2.5,20260824
073570,리튬포어스,-,-1234.0,0.34,0.57,20260824
031860,디에이치엑스컴퍼니,-,-17877.0,0.64,0.0,20260824
344860,이노진,107.92,12.0,1.09,4.79,20260824
365900,브이씨,-,-118.0,0.49,1.22,20260824
137940,넥스트아이,-,-4001.0,0.31,0.0,20260824
018620,우진비앤지,-,-308.0,0.61,1.91,20260824
303030,지니틱스,-,-1379.0,1.26,99.88,20260824
335870,윙스풋,-,-111.0,0.75,13.43,20260824
900340,윙입푸드,2.19,662.0,0.07,32.39,20260824
368600,아이씨에이치,-,-879.0,0.52,0.78,20260824
322780,코퍼스코리아,-,-1521.0,0.69,0.0,20260824
065650,하이퍼코퍼레이션,-,-430.0,0.68,0.08,20260824
140430,카티스,-,-58.0,0.46,0.55,20260824
110020,전진바이오팜,997.5,2.0,1.05,1.05,20260824
023790,동일스틸럭스,-,-457.0,1.02,0.16,20260824
060900,에이전트AI,-,-5851.0,0.41,0.0,20260824
153490,우리이앤엘하루틴,-,-371.0,0.21,2.17,20260824
060230,제이케이시냅스,-,-2105.0,0.19,0.0,20260824
279600,미디어젠,-,-1073.0,1.49,0.32,20260824
900120,씨엑스아이,0.73,1420.0,0.01,0.38,20260824
051780,큐로홀딩스,-,-1700.0,0.56,0.05,20260824
018700,졸스,-,-483.0,0.66,0.0,20260824
417180,핑거스토리,-,-94.0,0.44,0.97,20260824
376930,노을,-,-430.0,1.04,5.87,20260824
006050,국영지앤엠,21.3,23.0,0.32,9.25,20260824
034940,조아제약,-,-153.0,0.68,1.38,20260824
377220,프롬바이오,-,-4127.0,0.7,0.16,20260824
088290,이원컴포텍,-,-89.0,2.32,1.61,20260824
482680,미래에셋비전스팩7호,82.2,25.0,1.01,0.0,20260824
241820,피씨엘,-,-16917.0,6.19,0.0,20260824
477380,미래에셋비전스팩4호,62.73,33.0,1.09,0.09,20260824
020400,대동금속,-,-191.0,0.41,2.92,20260824
103230,에스앤더블류,10.4,223.0,0.31,2.71,20260824
078860,아이오케이이엔엠,-,-1266.0,0.22,0.91,20260824
037400,우리엔터프라이즈,-,-97.0,0.11,2.77,20260824
309930,조이웍스앤코,-,-837.0,0.75,2.4,20260824
115610,이미지스,-,-187.0,1.59,1.24,20260824
065770,CS,-,-60.0,0.88,1.45,20260824
113810,디젠스,23.54,106.0,0.63,0.98,20260824
009730,이렘,-,-2296.0,0.38,0.0,20260824
306040,에스제이그룹,-,-1126.0,0.14,5.71,20260824
045520,크린앤사이언스,-,-310.0,0.85,3.01,20260824
050090,비케이홀딩스,-,-191.0,1.35,1.47,20260824
009620,삼보산업,-,-312.0,9.22,4.43,20260824
225590,패션플랫폼,3.82,803.0,0.2,3.81,20260824
223310,사토시홀딩스,-,-7812.0,2.34,0.1,20260824
477340,에이치엠씨제7호스팩,103.0,20.0,1.03,0.0,20260824
177350,베셀,0.85,1827.0,0.38,0.98,20260824
224060,더코디,0.59,4999.0,0.13,0.0,20260824
030350,드래곤플라이,-,-600.0,2.99,1.77,20260824
060480,국일신동,15.45,88.0,0.35,4.13,20260824
354200,엔젠바이오,-,-873.0,0.67,0.06,20260824
131100,티엔엔터테인먼트,-,-481.0,0.23,0.0,20260824
131760,파인텍,-,-873.0,0.54,4.66,20260824
291810,핀텔,-,-258.0,0.93,1.32,20260824
473050,유안타제15호스팩,67.9,31.0,1.04,0.0,20260824
142760,모아라이프플러스,-,-326.0,0.46,1.16,20260824
239340,이스트에이드,-,-237.0,1.08,1.21,20260824
060260,뉴보텍,5.81,187.0,0.6,3.5,20260824
478440,미래에셋비전스팩6호,64.38,32.0,1.02,0.0,20260824
479880,한국제15호스팩,36.88,56.0,1.03,0.46,20260824
069920,엑시온그룹,-,-2379.0,0.24,0.26,20260824
008290,원풍물산,-,-355.0,0.95,5.07,20260824
002680,한탑,-,-195.0,0.25,0.03,20260824
191410,육일씨엔에쓰,7.14,174.0,0.64,4.84,20260824
304840,피플바이오,-,-679.0,0.45,1.01,20260824
352770,셀레스트라,-,-667.0,-,2.82,20260824
489480,키움제11호스팩,62.27,33.0,1.15,0.01,20260824
244460,올리패스,-,-2416.0,-,0.0,20260824
035620,바른손이앤에이,-,-403.0,0.23,1.03,20260824
285800,진영,7.48,98.0,0.35,2.28,20260824
079950,인베니아,-,-860.0,0.52,2.59,20260824
481890,엔에이치스팩31호,73.75,28.0,1.01,0.37,20260824
489730,디비금융제13호스팩,53.55,38.0,1.0,0.0,20260824
478390,KB제29호스팩,64.38,32.0,1.0,0.48,20260824
471050,대신밸런스제17호스팩,81.15,26.0,1.05,0.07,20260824
054180,메디콕스,-,-1914.0,0.28,0.0,20260824
012340,뉴인텍,-,-918.0,0.48,1.56,20260824
482520,교보16호스팩,137.0,15.0,1.02,0.2,20260824
210120,캔버스엔,-,-914.0,1.34,0.0,20260824
492220,KB제31호스팩,57.57,35.0,1.0,1.13,20260824
289010,아이스크림에듀,4.97,180.0,0.28,4.5,20260824
079190,케스피온,-,-248.0,0.8,1.78,20260824
065570,삼영이엔씨,-,-9.0,0.69,0.33,20260824
477760,DB금융스팩12호,66.61,31.0,1.07,0.0,20260824
240600,유진테크놀로지,-,-823.0,0.38,1.5,20260824
035290,골드앤에스,-,-59.0,0.96,0.0,20260824
469900,하나31호스팩,65.47,32.0,1.06,0.37,20260824
247660,나노씨엠에스,-,-333.0,0.63,2.0,20260824
482690,대신밸런스제19호스팩,76.48,27.0,0.99,0.0,20260824
058450,한주에이알티,-,-1626.0,0.59,3.77,20260824
474660,신한제12호스팩,0.0,43.0,0.0,0.92,20260824
028080,휴맥스홀딩스,-,-3846.0,0.24,0.02,20260824
487360,신한제14호스팩,61.36,33.0,1.05,2.45,20260824
474490,유안타제16호스팩,59.0,35.0,1.02,0.0,20260824
477470,미래에셋비전스팩5호,69.0,30.0,1.06,0.0,20260824
496070,신한제16호스팩,86.96,23.0,1.05,0.9,20260824
001000,신라섬유,154.0,3.0,0.77,7.04,20260824
084180,수성웹툰,-,-2191.0,0.14,3.48,20260824
486630,KB제30호스팩,55.0,37.0,1.02,0.53,20260824
900270,헝셩그룹,-,-96.0,0.02,96.35,20260824
493790,유안타제17호스팩,65.16,31.0,1.01,0.12,20260824
250930,예선테크,-,-114.0,0.64,0.07,20260824
489210,교보17호스팩,58.29,35.0,1.01,0.22,20260824
043100,알파AI,-,-392.0,0.37,11.46,20260824
478110,이베스트스팩6호,85.42,24.0,1.12,0.0,20260824
466690,키움히어로제1호스팩,334.17,6.0,1.06,0.31,20260824
025870,신라에스지,-,-712.0,0.73,0.92,20260824
498390,한화플러스제5호스팩,-,-13.0,1.02,0.27,20260824
288980,모아데이타,-,-620.0,0.64,3.52,20260824
900100,파이온엑스,-,-1999.0,0.26,0.0,20260824
472220,신영스팩10호,81.15,26.0,1.02,0.0,20260824
225430,케이엠제약,-,-713.0,0.31,2.78,20260824
208640,썸에이지,-,-585.0,0.82,0.2,20260824
488060,유진스팩11호,58.0,35.0,1.0,0.0,20260824
106080,케이이엠텍,-,-2502.0,0.36,14.22,20260824
418620,E8,-,-667.0,0.78,2.06,20260824
308100,형지글로벌,-,-1671.0,0.15,2.92,20260824
092600,앤씨앤,0.45,4095.0,0.22,3.41,20260824
484130,하나34호스팩,59.56,34.0,1.05,0.05,20260824
473950,에스케이증권제13호스팩,170.42,12.0,1.04,0.27,20260824
469480,IBKS제24호스팩,163.85,13.0,1.04,0.83,20260824
487830,신한제15호스팩,54.86,37.0,1.04,0.07,20260824
468760,유진스팩10호,99.05,21.0,1.01,0.05,20260824
472230,에스케이증권제11호스팩,100.0,21.0,1.02,0.4,20260824
487720,키움제10호스팩,57.86,35.0,1.02,0.36,20260824
057050,Npay 증권,-,-,-,-,20260824
462020,Npay 증권,-,-,-,-,20260824
014915,성문전자우,31.24,141.0,1.94,0.85,20260824
00104K,CJ4우(전환),93.17,1317.0,0.77,3.94,20260824
000227,유유제약2우B,10.72,639.0,0.87,0.43,20260824
138490,Npay 증권,-,-,-,-,20260824
004545,깨끗한나라우,-,-1011.0,1.04,4.67,20260824
121850,코이즈,-,-2208.0,0.36,3.49,20260824
452980,Npay 증권,-,-,-,-,20260824
065420,에스아이리소스,-,-36.0,0.78,10.17,20260824
469880,Npay 증권,-,-,-,-,20260824
011080,형지I&C,-,-2192.0,0.13,0.0,20260824
031440,Npay 증권,-,-,-,-,20260824
464680,Npay 증권,-,-,-,-,20260824
312610,에이에프더블류,-,-507.0,0.16,3.01,20260824
389680,유디엠텍,-,-358.0,0.81,0.12,20260824
467930,Npay 증권,-,-,-,-,20260824
00088K,한화3우B,3.4,8601.0,0.19,28.02,20260824
012510,Npay 증권,-,-,-,-,20260824
